A,B,C
0.0304005950209534,0.443415734800846,-0.134470910288078
0.409736783680684,0.921685999177577,-0.0244393041352178
0.384906631567402,0.996534638149441,0.9934225079234
0.0334945549367782,0.82021848167653,0.959286539370417
0.0461784183444442,0.633697184710821,-0.232992365041415
0.000525015890347539,0.827610461447123,0.774517170170961
0.0766690313179362,0.536215473753886,-0.881384279737394
0.00785249039054754,0.0481999825920594,0.99797671591848
0.795079462664302,0.398751258415367,-0.922730300579869
0.753163574072349,0.650925766862198,-0.352137001454173
0.899827858833022,-0.44373074673328,-0.371325882971368
0.233631929224543,0.997776712331206,-0.341556109967835
0.0157346650520235,0.694942803180104,0.552824676397371
0.0481872993051687,0.824942796879581,0.515344617051415
0.52824522083105,0.960648619229412,-0.801037548229941
0.666069384940059,0.245263671035971,0.160521334606857
0.399976931578079,0.902717570123301,0.484159345881513
0.0400834324822619,0.767456066768031,0.229524216583989
0.0171065341951522,0.555729068499563,-0.851259835959584
0.738176291679847,0.0154361059127807,-0.51931619586311
0.708513915721734,0.257956995901299,0.839220507495555
0.41643064911336,0.984256608549044,-0.950024283092511
0.139688722967283,0.664499270166335,0.593414452344606
0.110740455044678,0.689635651321141,0.99995528091308
0.214370334563008,0.998815997914232,-0.522709219310964
0.0189360418478378,0.0908742906744129,0.367227977105248
0.597320643565342,0.729933388483686,-0.00273603735734124
0.933714536144443,0.122695564223042,-0.990527752140265
0.984406755108819,-0.108907108847987,-0.1816002882234
0.460297528620981,0.986335873784782,-0.84579613126274
0.363646938616153,0.999623563004482,0.573390183384957
0.386355544878199,0.988172504229093,-0.0785706514641017
0.0111854780550474,0.500990154044416,0.997828293532088
0.318276161003718,0.929912678769852,0.83900844406507
0.00148275844653655,0.658549439296467,-0.916300186232478
0.0415491045738515,0.520667431507212,0.672029184981774
0.000497587005743372,0.805639706015779,0.371398825987467
0.546515203289057,0.897817829645023,-0.451983545565309
0.340513832049924,0.980360303615739,-0.919307231915668
0.618727805457811,0.486465366061126,-0.258176107657648
0.226858500366114,0.999999997868225,-0.921314634610323
0.588390268403977,0.940867539258411,0.800070678533002
0.0124782950535173,0.829262737935679,0.0848984226585841
0.0990985307785249,0.831848013870031,0.999975078057319
0.830250393541219,-0.0280325413789377,0.191531461049467
0.0890777914703175,0.899320631839803,-0.763983422929001
0.0916419510335549,0.938452951445226,0.163514912100706
0.747989335163206,0.149692795277172,-0.781487301562236
0.022182622712147,0.500998441870844,0.580750516141545
0.478488056412106,0.994748788890049,-0.775878269078574
0.713369267398279,0.183882305925828,0.891036167117146
0.785728887932896,0.0283404418777522,-0.25717614160576
0.594640637371413,0.360002537538863,0.917327095594233
0.329330468103554,0.936346711009686,0.563208452079237
0.129407268227051,0.91182122412076,-0.728403665223209
0.727062388298635,0.800893650840543,0.424591039232504
0.154477627988725,0.632817794799709,0.786595844018402
0.00872495450131663,0.196244774239168,0.997973358561653
0.379675759940316,0.92946599703492,-0.549286401191846
0.0731761384894294,0.619823570938818,0.824721859667397
0.216567279076406,0.995077845490446,-0.725843140610215
0.00963412416596504,0.838096832668142,0.24709595208024
0.161982922972917,0.902287179075201,-0.993460280641198
0.433307788351594,0.952796593901344,-0.804684965685312
0.795816489986246,0.274764506509256,-0.703902482417626
0.130764995039275,0.695649338525392,0.80291283129851
0.0413570911032643,0.838531586405959,0.649908670360823
0.20936523132383,0.882829392516146,0.580313092966985
0.00912657461091212,0.501791453809602,0.14231129134263
0.0148430377781132,0.242621578718992,0.977266019984723
0.0911392454148842,0.950959056611684,0.599452759273482
0.038608629363957,0.249291511579351,0.486112803636011
0.216760746888421,0.913869834137329,0.205417737550711
0.78562845425938,0.606859642847951,-0.939086791460176
0.106588006887462,0.585544566694908,0.625820796963694
0.166883119038815,0.661092588428504,0.952972077381279
0.237381876610076,0.990138389328103,-0.625417094254351
0.00154905847167167,0.149181095412984,0.975552879368103
0.995571245205657,-0.633108822481007,-0.647003073092356
0.174073765745846,0.67522770177829,0.201320380823658
0.348439889898273,0.916264354167511,-0.990316012685461
0.780791356110451,0.211984572260362,0.988493430553485
0.573869988880225,0.973452912002109,-0.305571004003654
0.0726722118785275,0.43601782162935,0.292826544038861
0.25327728540009,0.796965809565308,-0.69494430399999
0.420780267918882,0.840826834800722,0.529761880927932
0.27847930578444,0.982354218888466,0.143001097551346
0.243166289827573,0.850691537724104,0.989652573364336
0.237188180929178,0.995519029636779,0.429326339772277
0.871493268052942,0.314977032306387,0.989632512342273
0.273319923661108,0.827630621598945,-0.312795757085426
0.754678109353447,0.361006480797646,0.0947101530868547
0.0799149914607679,0.920598131731046,-0.930864396304319
0.218983510022706,0.999104892512903,0.345057318563141
0.0183993867095347,0.535087192107962,0.526763635388899
0.609847128583244,0.496698926833728,-0.770849343658485
0.0673027511972556,0.552762785904116,0.849515467895954
0.877536255805705,-0.175996422590335,-0.983722846228696
0.0606701083545182,0.921965414045715,0.98839163129101
0.0395928099099626,0.319965565561269,-0.155635017945257
0.423355427907617,0.993446730147678,-0.91229742532593
0.0308679453155825,0.783817934129539,0.590570402696126
0.380537980093506,0.992822766184017,0.447251391208345
0.0312890621603326,0.801742280529216,0.524626621188581
0.342105672992603,0.983850294457278,-0.579848065798256
0.759707876789082,0.638188952396445,-0.448779283367661
0.0641365452377602,0.853753252507805,0.994867138827132
0.321743166677428,0.996388477794914,-0.752218495022584
0.100678702674336,0.886827624768121,-0.131629948060782
0.101559156956024,0.864474672741939,0.871774099166456
0.29729089986319,0.968289481927082,-0.112592272220249
0.00101740436720179,0.134798094253454,0.388130489248632
0.139502664278705,0.961121840575758,0.0344875194973054
0.983630069310224,-0.340390741798292,-0.826858022462916
0.645896893772103,0.459141180419553,0.056925398802289
0.0655610809609766,0.907800698361035,-0.428245584738066
0.721555886088335,0.0624515772933633,0.910443525798082
0.00705601256141626,0.695354432029781,0.856443249258511
0.848296352409745,0.0983316262795458,0.344819993111608
0.0637480308434887,0.848197206091596,0.979138826717458
0.0320751589765872,0.47184628143158,0.475257531231791
0.042547158722738,0.20684747964942,0.454568694391602
0.452365714289135,0.957395695783911,-0.966457366133098
0.0382903287643531,0.520927129895656,0.939192671431871
0.311629392636604,0.995651574130319,0.701963962712887
0.707149251101904,0.699398081052724,-0.666109420841122
0.222415805548246,0.957296437737612,0.411588517740813
0.214382874796632,0.989287023676189,0.632719657731286
0.697146314424896,0.228076603241943,-0.457845572734157
0.0182955331183991,0.0672417745302784,0.779530358397992
0.323626751041519,0.997047561839971,0.988101867762806
0.35370343864402,0.981484864624796,0.91229261880582
0.677636673099941,0.510241784695644,-0.831102770556523
0.127977128401544,0.623192060817222,0.717905035534823
0.0736034394289352,0.728123588875912,0.985894698281007
0.99971307264896,-0.0222313797091304,-0.98940461098018
0.0188671589621057,0.809138313875629,0.870702500357801
0.0229209391118497,0.776015172825896,0.133338944088359
0.430928114882183,0.996496232612172,-0.992840955967042
0.269360729653024,0.773164708098435,0.787621776655115
0.00504318010877252,0.571954186323753,0.527468153707683
0.839693639286813,-0.15645385936464,0.775772813678391
0.592628112823281,0.422473371800251,0.20913731263472
0.976005380013865,-0.577494977499321,-0.911890669542081
0.71608933649129,0.520342316585257,0.982272117826626
0.0609461683125034,0.60777430154794,0.897865409032938
0.280368713581864,0.786085087192548,0.267925108633727
0.105252176906947,0.778047867198566,-0.676585673199425
0.379487628351802,0.993319065214688,-0.274951073763158
0.859988790263052,-0.0894394119853173,-0.982820189410153
0.355996884792634,0.940872141040649,-0.93248974633721
0.462602933500336,0.98544336245959,0.114318900864604
0.00426134057239073,0.63907596949015,0.771703166342431
0.246353746288872,0.999784851711204,0.806047548389818
0.633192188078137,0.909478260950983,-0.508257359109278
0.00194080890456898,0.110371763575494,0.369359501558907
0.018445606817837,0.743603068548733,-0.127188937314806
0.0280393234139583,0.81920379613937,0.397056179946377
0.738224435661614,0.623309053020462,-0.803999746978388
0.0474161708138465,0.570995700329491,0.838872147930933
0.136833889467091,0.926660625254036,0.877245043580249
0.0371366505797167,0.727068459339434,-0.446415808818077
0.760419575399129,0.0765690408842678,0.312939759965202
0.122397712428773,0.744094077981434,0.272199972631551
0.698193363574371,0.399960198748424,0.576146464164723
0.702361411240907,0.634989573169372,-0.339273856983765
0.115341674013523,0.542621318965633,0.99991875248329
0.326900410627328,0.94782642434183,-0.943899007666677
0.0161617563345387,0.325354447120333,0.191893620628155
0.430958505898816,0.999607528791425,-0.997714949979272
0.676378844336459,0.331710803121611,-0.889445064533498
0.283971002360011,0.993398465028359,-0.441859692790243
0.69728101978291,0.689512402608815,-0.724870813538431
0.80190465279985,0.447645071112643,-0.982888339806635
0.0277836284472715,0.523180745402804,0.99777250916758
0.81269591937967,0.45269238406073,-0.832965694382225
0.753174665704199,0.234739988758482,0.0481139630530574
0.350316233822551,0.967565220418022,0.33976740555299
0.10000470262556,0.958805374523662,0.697914470043869
0.577781501882884,0.478109523840851,-0.950701004696123
0.504769386986557,0.858913562870015,0.866135661510605
0.84860469731325,-0.292873652353416,0.600866593569761
0.677193318793594,0.891987489809216,0.598004751865808
0.00319780123435114,0.140081395587474,0.862455076883006
0.0241730297427174,0.809572539254083,-0.319299588171954
0.0273547762128526,0.084991075709925,0.823510298768755
0.00358762790159621,0.697066642565648,0.828111498000381
0.108423756521421,0.714252291355348,-0.514042674784032
0.622982539015023,0.912114878126081,-0.584336211764469
0.792358306019931,0.390389023011145,-0.350004814730987
0.95741300852217,0.0368314532088704,-0.929712563644127
0.446027460573128,0.985616968759895,0.715122657488474
0.147149610429507,0.842176135426732,0.969637960785994
0.0249404348179346,0.707148561397782,0.576658964915003
0.193855989030116,0.969123912571576,-0.692471053389566
0.644009361358252,0.395446079739501,-0.460262643080187
0.0465718097510866,0.756516778449914,0.728366417960787
0.21060203724048,0.996321705673406,-0.498051115501809
0.399654488220067,0.985951578168119,0.896832384890651
0.582869356773259,0.791363511359038,-0.564363970826159
0.0465508227441646,0.617570787820729,0.953989274358545
0.00387402672782837,0.420864604250305,0.982639877212593
0.334283214423031,0.978272789748857,-0.690972610318577
0.0180644206676162,0.322739670730679,-0.659936532157581
0.0770691910778135,0.551445423174386,0.662929014514499
0.185266169202846,0.975530639839272,0.99127638567115
0.72359759476149,0.527119512145171,-0.618106467016577
0.117960550848601,0.763249684438975,-0.344139771862465
0.565705322374158,0.984704833033277,-0.999403734085482
0.36568742498772,0.991186562075113,0.379350334391379
0.0778907181789699,0.601027661505676,0.983816870537844
0.552461331819454,0.879072480123924,-0.978877635457888
0.311603353497996,0.995672866981872,0.83941975411972
0.366048881075007,0.993000400807561,-0.60815067811057
0.0498399953194164,0.750399362128217,0.574498847316468
0.00793727733180628,0.39822347623528,0.864449338757651
0.676808090811449,0.7215970959178,0.539337776280128
0.26682561999978,0.999361667540465,-0.0478744223192651
0.206802857186422,0.963695097527114,0.207094355319003
0.170584866180828,0.865999262876537,0.305277639043437
0.639807238641287,0.695149235652358,-0.386399083421193
0.504214160731779,0.883626249705221,-0.422434731827424
0.0511198523852427,0.645430716699437,0.979099704326091
0.0333527142192338,0.189302350174392,0.940496777150564
0.969371181810119,-0.139554505483201,-0.327460772890659
0.418226734810577,0.908301027376509,0.204807268465696
0.803726944069117,-0.161235454858738,-0.517569306832209
0.949487844810419,-0.562850837803449,0.259415798303173
0.287187235373378,0.995264625189509,-0.987751438677185
0.870789570157355,0.298725327850319,-0.154115750681309
0.00628003149682736,0.421366153701163,0.638798735658473
0.080586455420439,0.379822372299255,0.888249057250934
0.253257752555868,0.69848282428867,0.922055367547983
0.0325613865402819,0.722914902282717,0.931763265593658
0.00383120662355171,0.684104420236026,0.918040166622658
0.871425552459597,0.13003964393913,-0.686127726132766
0.177957941921491,0.908233607210317,0.997204258646212
0.0755112143246407,0.917649813713629,0.200774322927942
0.238821703489707,0.983245891002064,0.572204198887445
0.00454398108273828,0.759142339475242,0.719617628539977
0.333262861207681,0.929851854607321,-0.705113761905304
0.172010262339382,0.950023479195447,-0.480826390217912
0.0493251219732818,0.885024966898367,0.654612051600731
0.720320715415078,0.21726450553095,0.0839052257144072
0.37363455662079,0.998896957649986,0.858647110298296
0.662445979685292,0.900012330718896,0.404381064360785
0.274528901904993,0.922850963518526,0.83200185836076
0.345350496205655,0.937975306366079,0.94407558204715
0.459643892745276,0.996575156905296,-0.385572531432367
0.863911239262196,0.109330470807831,-0.760563496393103
0.0212462296154306,0.453176275106564,0.859524607441023
0.489085958210852,0.90595196475976,0.519537748667946
0.70390939486302,0.0906510960402691,0.280978928055292
0.182242496641522,0.970961151502691,-0.429811512767436
0.090032686969416,0.834553488525666,0.324135084428388
0.872580300745527,-0.108265947266737,-0.147574501532802
0.299077517215981,0.986705507693893,0.353914223427997
0.130128815911116,0.887217278752835,0.538464210843926
0.530182408131768,0.686198016775901,-0.690443464452104
0.417395923970411,0.997515698084622,-0.799652232159942
0.606694045544107,0.728493986754865,0.888913597288244
0.258820806721653,0.864549228316635,0.250963150378892
0.462729926324428,0.809372513476155,-0.743896517158778
0.131291576319637,0.934865231003705,0.2238379835275
0.318186903777826,0.999999813106979,0.351462805364207
0.895671818170801,-0.346602194097883,-0.994788237517574
0.550066408732334,0.775188387400373,-0.564357701654426
0.014193782228777,0.234244822522418,0.996182236323852
0.530975829010304,0.738331320267052,-0.176408048922274
0.0756032351792742,0.815689702366486,0.0140031223418743
0.52921147494085,0.991622542756907,-0.381085245094079
0.294614635756613,0.830248080137486,0.114200083737346
0.500037240734678,0.97015650292945,-0.378386404333253
0.486992486361995,0.906826064942411,-0.987761674806698
0.00231996854020367,0.625376309391809,0.999985407498208
0.629795901217644,0.641978242296388,0.0577214657269338
0.698242915190866,0.306993061593944,-0.403525017554794
0.00619102570984808,0.48808637527618,0.660120857410197
0.00192048647353575,0.527165236858089,0.906104539383566
0.626522901223391,0.885560706588745,-0.591103530909085
0.00386064746878661,0.289588887883421,0.787251216766029
0.381215063082574,0.973536712912251,-0.340868370385484
0.770910444730052,0.635118234730252,-0.649462176883683
0.42666823894512,0.99785620587287,-0.577874361181277
0.0820093961202409,0.740304166743386,0.999410539143328
0.83142397221869,0.105225025383587,0.739503119583024
0.63075857112008,0.76103801205266,-0.970016988556077
0.398992900436396,0.999296757303708,0.722564058632693
0.673258625263764,0.43250622078326,-0.985733894128697
0.702489075107309,0.475111087830256,-0.684613457438107
0.291425806277368,0.994541054331094,0.0554105333609234
0.0826040856423166,0.631006675474001,0.94629830729407
0.866423754812919,-0.423446630979189,-0.922452869078441
0.374386959638873,0.865843368744981,0.112475719970519
0.319440418274429,0.999102713319485,0.0728136633607363
0.0397831845744299,0.162341038969492,-0.30004758183145
0.0229401539822499,0.132954086852504,0.999992674726279
0.0321740284047618,0.124859891801472,0.788049660470334
0.66044824308934,0.336703320831597,-0.480125300683409
6.27868652431579e-05,0.681737773691362,0.39506954049838
0.079990896804379,0.69877487888403,0.90838426649644
0.946339591056993,0.151483036137239,0.277135967391995
0.979011905146678,0.157988604170023,-0.0175832992587561
0.243168781969286,0.925877751051489,0.711394330381971
0.819587274579704,0.385123623164775,-0.586667190847837
0.0592568630295982,0.75549304481545,0.40244946100855
0.639028096509686,0.912447170972238,0.647441512311535
0.675162427266413,0.729492932754815,-0.0435074736475355
0.650456311553192,0.884470262784142,-0.79281527410136
0.212157370465398,0.970951885022418,0.452962281111807
0.333174954123707,0.959434223129361,0.835130826293506
0.125160213116557,0.904879716146776,0.0261148837458674
0.702116999076645,0.319490934226485,-0.231294379681984
0.184555288519216,0.983819979029672,-0.171003506990886
0.399492718853047,0.954068185155406,0.290747277913674
0.0225101311311732,0.352918535076278,0.169912209538646
0.315074383437727,0.981291040359582,0.955528805335394
0.347216227852186,0.998305633204942,-0.0476898874919453
0.168078819999465,0.854300127949481,-0.79823230557018
0.578498793373591,0.47443471365263,0.212389795582741
0.193344011078203,0.780303616827194,0.258151106678302
0.333577849209893,0.93311138727374,0.671302196930656
0.621650126958407,0.744238215670558,-0.798871758592812
0.024799200892388,0.534520272618079,0.99959917191205
0.455357841556178,0.936894050412942,-0.276539544931773
0.239528475917067,0.96289011248542,-0.690703006451468
8.53845756316943e-05,0.273828528664359,0.900788713403939
0.885321524306914,-0.123180238269722,-0.713023373780021
0.915261436859129,-0.354001299802259,-0.211673064709908
0.924483015129851,-0.38009362701587,0.83424974618472
0.0017311777444939,0.669941712178907,0.997733003956966
0.149609315603539,0.911708440746688,-0.0860652090794027
0.853109203475787,0.261923317357043,0.631331303500969
0.397870514361081,0.93274969017296,-0.9905349457896
0.0319755461374103,0.336771027790994,0.904952179125378
0.138629237006803,0.943350518222315,0.683147834397681
0.00190957655714309,0.287065708065274,0.951325416563018
0.144198350140783,0.570051233181146,0.463644897343436
0.0694569270850461,0.861158046829579,0.967745036267941
0.0744952128712981,0.233468458177869,0.949731446037185
0.0585523049777796,0.880411489866834,0.968195202957938
0.100699431691951,0.91717155726638,-0.53430921775114
0.191985439307149,0.94168954900779,-0.936736485687838
0.281331614406178,0.955916152659838,-0.260456442678145
0.824321515763403,0.110102413744826,-0.253364243873309
0.0713351282491013,0.574523919231616,-0.429993657076419
0.614238903282301,0.956355247337079,0.65565145266887
0.152249458151182,0.933076616836708,0.890834752162601
0.769541884148512,0.163372380945362,0.0456046280089477
0.0610177665396633,0.826701810381633,0.999218235016769
0.0208421349137533,0.822110854346563,0.521022404357611
0.0292572455387878,0.219516873826035,0.824528809928221
0.380827151010497,0.941223460564948,-0.99913979722515
0.806845569180623,0.435361177917138,-0.827634857548231
0.479000056502836,0.681440740451232,-0.387105384509958
0.0984320829121821,0.918654606698915,0.97253805138645
0.764957135676041,-0.0359378803493738,-0.0476556261356851
0.00475111335681741,0.669265664087074,0.999896397878505
0.000289203791810436,0.780678021770653,-0.670840899941054
0.522335173060358,0.802600877550478,0.769143681660638
0.920352643445875,-0.286206573218833,-0.998126901181381
0.4724094542389,0.669656932268104,-0.493584195747204
0.273932395575279,0.922976795554119,-0.998400243473384
0.595000967084558,0.664409800073825,0.642141324815756
0.837505024984852,-0.312514498285246,0.544360487947028
0.0347883182953537,0.811062713295241,-0.996699493388248
0.0485204980221496,0.863337447632788,0.195131967025647
0.336643013007447,0.924113214091063,-0.990532092064961
0.589384822731871,0.883516248132464,0.901310232796129
0.0765699226079348,0.478458459475878,0.854907974937502
0.103681144609575,0.845671534638835,0.561649356265614
0.58381027235018,0.92909108145622,-0.970420038631788
0.406687114068632,0.942293392815824,0.518337533816779
0.0311851633274296,0.485834870119241,0.867470411753023
0.686761153260538,0.788588194370308,0.616360401547182
0.0825937805065382,0.866515224180198,0.845610518555872
0.939573484163644,-0.30829886586465,-0.857294666802229
0.117809824915476,0.569109903209351,0.632019846878758
0.0705423416480958,0.421893210681672,0.233328949087025
0.236901083709753,0.701703108941256,-0.781124337988256
0.397981380091783,0.999823535455061,-0.5678979974167
0.52481560250818,0.739686324940012,0.523113385228233
0.0818210608166423,0.635089495066565,0.93060131605004
0.435742689753397,0.968122002656034,-0.998813572738022
0.0208833215252511,0.831794637098215,-0.182697093924155
0.206555124564255,0.659434157477957,-0.27547230896353
0.14347491537607,0.9867670298092,0.0442031703191041
0.603000842587819,0.730971059634167,-0.691675553667559
0.683557455733043,0.461201837449675,0.475257714254226
0.25329417518006,0.999964080704197,-0.119914301084664
0.244730561260332,0.948800431417902,-0.34370508370602
0.0297856193718421,0.399455065732874,0.794411132152493
1.42230586852436e-06,0.0339491618453685,0.499726001315711
0.746484668483464,0.0625019395526154,-0.825927850997634
0.333113050793386,0.950245158818443,0.527428105080121
0.585050962648685,0.728457089201676,-0.706115645483043
0.0313347340022145,0.245278828574927,0.89255401721648
0.316489320636012,0.877059389551861,0.620195819961473
0.0140237717864823,0.303323795789497,0.638202457557562
0.469430988994498,0.695699214260368,-0.626472051026551
0.431431634291346,0.921098824491376,0.0536718182302197
0.945011267994917,-0.358575297441026,-0.798772450483035
0.618899953023616,0.818468801267158,-0.0749607025813453
0.563872313009525,0.88262054465299,0.222851655752518
0.000835800626318809,0.638664130084768,0.693507678134269
0.341197375578654,0.964955675606768,-0.767628111081973
0.228074522267208,0.990363846012148,0.75862727254357
0.575606916124288,0.9581257594127,0.0351677479150989
0.00248012419545494,0.701530530287853,0.572397103792354
0.190683024851339,0.768617032905196,0.605431649286999
0.593960984778052,0.954974929367416,-0.991211130100299
0.601887159282812,0.581158511867166,-0.773339278602117
0.868500887040181,-0.272616357670862,0.454528331737949
0.0113146725336022,0.667637238406211,0.581520454007599
0.216692983140226,0.999841417021816,0.357726565407036
0.126780212118314,0.419593247692178,0.692180604113307
0.30512847164969,0.997673368558461,-0.613875419390301
0.00199459056270852,0.256392353988686,-0.089882006601033
0.524782764568728,0.971710270259571,-0.0141371225137797
0.125997682046277,0.446131873777612,0.641716144637716
0.383866634192597,0.999256463897067,-0.954959615829625
0.829911239779935,-0.266735080390426,-0.997943147209859
0.00946820517462643,0.759496717739211,0.861001331065661
0.509172294314837,0.825644874380874,0.708789945815243
0.1132264098788,0.566202890260908,-0.605808857775084
0.211062057659521,0.866126524250293,0.21224791265346
0.170439160903982,0.985939517995984,-0.218147745246986
0.349796343890598,0.979492114768878,0.777961582597799
0.11877408723794,0.714605308727566,-0.500286747156369
0.621734786478247,0.880715889233052,-0.96675163272444
0.036100135789008,0.696317925129789,-0.663360025343023
0.957038314039159,-0.493108200140055,-0.239425390035754
0.0010328595449933,0.825065650947058,-0.219816808001722
0.968840386408078,-0.51054469741812,-0.154218729435514
0.562274231649337,0.691144213185864,0.942070928742487
0.0385764180302012,0.741204612799981,0.452626910147972
0.0233287989296977,0.703590269064274,0.96908893588405
0.654684170504854,0.864594490496837,-0.171658697051229
0.327291266648985,0.831904532633823,0.998144359347153
0.073189264907735,0.431941620893343,0.988181985516576
0.688296681541409,0.484071706161985,-0.987306726891068
0.253617455222783,0.697972992485371,0.773935687130829
0.00171080540794914,0.832217175524212,-0.763101010397025
2.51615664778045e-05,0.666803245094584,-0.412508119666058
0.0834570644248553,0.816485576064048,-0.472230333526983
0.294178878994073,0.821215554266384,-0.923881766820238
0.735403193831076,0.609317423780889,0.878026802150829
0.140866329558163,0.941541581358319,-0.875433694946534
0.793274531836383,-0.185919571202929,0.999996256109219
0.131138925768743,0.82989488192088,0.997172136551832
0.621619066851058,0.630415133518488,-0.609695038787805
0.4735006411867,0.905534862789546,0.751763270623629
0.0697606885322466,0.267950494036334,0.801825762255811
0.0616314024456096,0.799567822479899,0.72230787951543
0.626277963776417,0.920364710047213,-0.946063299845946
0.00876074011464641,0.850125196027135,0.949304779625557
0.755831626083018,0.127264742588505,0.434360304738625
0.00122893208938564,0.147154966440822,0.986208622292839
0.0281640001376394,0.14484347846631,0.8897393339941
0.446476024598131,0.999543412552876,0.132893184694499
0.567924552334732,0.467870897334203,0.920751410057303
0.00355227693048621,0.656133552642253,-0.0118200562681984
0.457519411435901,0.895155887011611,-0.987331129294789
0.674446301559909,0.687475542253898,-0.547693923740021
0.766183690247159,0.342598008382615,0.999654171753926
0.299558605525264,0.889010953552504,0.449124524097057
0.912593424961935,-0.326339475003026,0.843409442827165
0.432434241904699,0.966690478262071,-0.376685956213051
0.369330090505196,0.99941635839985,-0.889654300807962
0.0612379469739743,0.833034251725334,0.949388397562318
0.496568541507741,0.918725263280411,0.051608767765784
0.0167479499714227,0.645807888316432,0.0961257958162685
0.00413425501438364,0.386652330763873,0.988300432755164
0.236310482652951,0.697998571530078,0.466902782369232
0.0167084647088874,0.0558875711450915,0.678542566482379
0.0218134700561585,0.870851685229136,-0.828200119997854
0.742856667516162,-0.0586525653838177,0.613583670693457
0.926932732968458,0.119085605035861,0.905652274124931
0.604023601680355,0.446057457394287,-0.769961096831593
0.137186115680642,0.790442215427674,-0.94395496666287
0.00261407552884596,0.512763616032249,0.567645509580271
0.147098884431532,0.580840776227509,0.37688887693988
0.587210762128637,0.803378633628316,0.411658493275809
0.887667050021259,-0.336076700985593,0.447609794213515
0.625548232903426,0.568359385074347,-0.776315821170924
0.0204670514633532,0.74379059327095,0.984327268140329
0.393986837261735,0.949713485905111,0.194075296859691
0.433446585581766,0.897287885008154,-0.774965308046153
0.0011739827103735,0.205028426965606,0.894251733425402
0.380986409038975,0.951266792599735,-0.970604477310292
0.000307480613613669,0.496416660706203,0.985129713925565
0.127309463587524,0.844344392925422,0.682683208078014
2.22898402482046e-07,0.564756622179875,0.869079780132646
0.802613103380677,0.30558276384656,0.381187236572961
0.103176513234629,0.834643435005605,-0.61773878982824
0.00481513596742777,0.145436887977996,0.439581061699368
0.573846834077636,0.741200323627252,-0.719967820311106
0.493922079588895,0.939348740498944,-0.987843433524549
0.367143475660968,0.94547290958641,0.439444397587334
0.995266132322862,-0.739938693012308,-0.53314684917999
0.718629351892727,0.34715957103296,0.983318803631851
0.483564558287953,0.974972669574363,-0.508600253000631
0.0800032724740961,0.612639286087673,-0.0853726732845693
0.0924295371300206,0.932857258768101,0.940836436096229
0.234973758973268,0.849993454959032,0.890709181811809
0.670407142769637,0.489116467344321,-0.965331237900728
0.00848968547929834,0.327439741752907,0.993203538451837
0.560550892828239,0.571601331233932,0.454049468185097
0.0789529501087438,0.703634321070558,-0.75369426729082
0.00407378248003523,0.490189470883555,0.643867461725166
0.567030313019296,0.916705207662551,0.985877497029871
0.586386713567975,0.859924247217798,-0.130720855824363
0.0421958305205795,0.346575457868663,0.99062944353978
0.0051338429217212,0.429673932456544,0.933062101464493
0.428083288044226,0.97928365750641,0.744356062110565
0.0580275996142868,0.43863102855439,0.857274325528934
0.137582772309421,0.798100472464704,0.798555537522745
0.595764988122019,0.886930823215875,-0.94071248715881
0.69046168719882,0.286321064058888,-0.269174016098125
0.0145522773889902,0.156011513175056,0.997022649836819
0.62219749793903,0.873077753030885,-0.457811892773345
0.0809141312034922,0.364175177610638,0.757349623848177
0.601311267086437,0.936221700210165,-0.336229228707196
0.151807795985631,0.932467583814835,0.813335408988593
0.415497577302964,0.995262992533106,0.563893308423022
0.0237853585804428,0.388309177532726,0.634648134016951
0.756693398761024,-0.0925948571017737,0.535385942857385
0.0158772040407054,0.37282256235539,0.993626887651902
0.0226851217863733,0.072013001578441,0.705827885570901
0.578983187213285,0.874307142950605,0.43588019136324
0.613721212323935,0.673417795768605,0.172848622469792
0.112178906174057,0.762181577832595,0.368721848440641
0.1344231636262,0.868321308775158,-0.239603573805214
0.0231705982427238,0.670797117261524,0.830468564382761
0.29457201672781,0.790462797729978,-0.181857715193884
0.249693469332353,0.902373040751848,-0.780108223183434
0.708352532073001,0.334398755300611,-0.425438229774879
0.0188625654126151,0.643042208296406,0.464270987815356
0.594714182435441,0.916751406364641,-0.996727571580946
0.531509830949376,0.990635610245892,-0.530741089674057
0.80846348395883,0.528326159866754,-0.297056192656977
0.175614710458541,0.638932783287356,0.814480464182903
0.901624928332657,-0.317082664559159,-0.568265418631089
0.522906393629952,0.829127514384594,-0.185176883842257
0.303106581578382,0.906895458390049,-0.927585402209541
0.420414669356127,0.93914622517642,0.222242769037285
0.10582595819133,0.331824062320908,0.999150222860886
0.325613905594043,0.993077796117406,-0.64314531491597
0.935847614831402,-0.181825697036013,0.950164672841284
0.987241832475267,-0.192525153569679,0.513756084138979
0.235535684530386,0.960928043404356,0.716888328315794
0.0516451723017904,0.611013054212946,0.653968215901615
0.509777450542224,0.906907872959093,-0.976497676434544
0.150631824360246,0.9867457695657,-0.0874585521973436
0.64690582065862,0.635676493489897,-0.293306454234333
0.135436846570798,0.892859966955375,0.984878810206979
0.953866877977354,-0.132739792974193,-0.718894696536056
0.198516112142237,0.934577838169098,0.999540206801088
0.0345918245950501,0.838002250998113,0.597147023302775
0.285458370910022,0.916724317607764,0.770976338875028
0.103153859618486,0.686036425067654,0.567200465101947
0.779927582871262,0.274808098131018,-0.641830080044123
0.670253199609828,0.802506559493893,0.0219622142968284
0.2457580803499,0.889080318828434,0.242499999730253
0.674325260983857,0.354466513904996,-0.802359855524269
0.513475287625162,0.978256491476607,0.668150285743363
0.0563739375946768,0.577963639808477,0.927322247477866
0.133423177089933,0.951048651036794,0.436772253145792
0.377652183878358,0.971560714272093,0.474516533120626
0.464822981973428,0.995390965629249,0.330441272305664
0.586969593726126,0.965651713204757,-0.162313860167323
0.0380195820374787,0.469180394053952,0.968953150606782
0.529075162909333,0.9969242896589,-0.600371996045123
0.96665859718548,-0.179919571336909,0.239461092889712
0.904673670009033,-0.108015074878455,-0.752210448255089
0.000967320531652765,0.261515207567365,0.140128237365696
0.119233035735722,0.471424065880733,0.780537113162625
0.165852472364613,0.961558790668046,0.933866780501908
0.516806858116173,0.725899652138295,0.0976014694038119
0.290641130002764,0.987727791590117,0.00326611972223561
0.127503489728855,0.840357238161567,0.294159514109232
0.0750350364267648,0.785699279651813,-0.611319795974484
0.0542493953000782,0.785633654456685,-0.6692985986003
0.135194118947531,0.45979934727722,0.937443868889838
0.0971365200058411,0.912635516983443,-0.311189797802596
0.0224496049976524,0.137323310622954,0.496232564464416
0.907270463175951,-0.0737772095964568,-0.83824551023637
0.0703544425947538,0.934391022642762,0.806072325124919
0.169938542686591,0.972480894896131,0.98539904395533
0.0690364188729519,0.784174294212028,-0.0326408706081391
0.411944049020606,0.965864029744607,-0.968615947433625
0.187570564476791,0.836520739994507,0.315441350181888
0.755046028741548,0.352700275732727,0.785407770477384
0.237515015954501,0.858400449250212,-0.86056942325292
0.455892457635862,0.839494085408513,-0.0732917453721069
0.229852243564209,0.869311338382462,-0.645876610114292
0.0713209346524413,0.384143580628776,0.74041818979144
0.117663411418042,0.52192901141802,0.163919319698069
0.180252219632945,0.793825286853937,0.438832735836233
0.421611505279356,0.999619114577303,0.995087757362777
0.138413915821743,0.651078232250805,-0.871998383642829
0.923593582222622,-0.105997395455067,-0.098146092784141
0.974152851680853,0.0210512684222385,-0.427240133283678
0.0520978622219671,0.168568138520943,0.789244701954386
0.417115898071539,0.784675390047969,0.585979070011705
0.507644554560378,0.612689548888617,-0.584204882749186
0.00210951483342945,0.589114619886203,0.437575560076958
0.262835981620415,0.981537489639743,0.607217523759166
0.0160100672740987,0.415451754253345,0.968354499991663
0.456189402344518,0.99783257416731,0.599675093432278
0.49234030872732,0.998743703885669,-0.473481214394031
0.0519091906072312,0.426562590054665,-0.567982799314586
0.265944144891764,0.991528976747574,-0.12607423332419
0.0311169066882594,0.144877420776385,0.923004693058186
0.509595686431537,0.695250504010526,0.955488571787148
0.559013820619616,0.536087452112439,-0.994204703707117
0.00901553496432474,0.347357912166864,0.562002648852918
0.0688092756033758,0.84027533788807,-0.496723012168932
0.0213627665639422,0.081646919178921,0.938350214059964
0.222285319438654,0.673219197098191,-0.422623131819197
0.368260056645907,0.904972081989771,0.515408631823097
0.075224986147136,0.822718921614901,0.614640601405308
0.630026632951526,0.723195593172969,-0.998440738837624
0.117407816880584,0.901368236348748,0.979737760502697
0.770681746739688,0.301885948993056,-0.988106309733981
0.653892695101941,0.501414330541809,-0.0649273751551914
0.248616972720139,0.933587052659329,-0.863838932998545
0.00115494282087287,0.656699715947013,0.486210604119395
0.0441398305576852,0.199836375184935,0.703496391511305
0.0155686160118508,0.862196983960641,-0.681130747022925
0.575225054454416,0.898762042382578,-0.22214443420261
0.693993072647822,0.157941333367011,-0.988124895502197
0.00771142118409038,0.350797114547371,0.661618291711273
0.0103132793352615,0.842444238647932,0.505586913225159
0.0401971852702227,0.359304242855163,0.792864313872634
0.261526822484151,0.954657995603549,0.451808569889251
0.00323072109457924,0.342219924893648,0.926791076277423
0.0578182407519176,0.740747720229975,-0.972285834278102
0.159969281911153,0.941133459604879,0.304057795869356
0.448448283681878,0.963613858128174,0.988464402131275
0.225032855778105,0.77872936760496,0.977314827615617
0.365839239385515,0.884880475818614,0.721734407188795
0.245913379654133,0.956053736890221,-0.800568822030918
0.931394599779879,0.216461744280363,0.412144539773427
0.954184011660937,-0.210218545116889,0.728387036372325
0.214208967985939,0.999819955365237,-0.913520307587705
0.273146615851973,0.957935563341761,0.874493446760952
0.738484605480282,0.372450402084452,-0.850516792014537
0.0462887599061089,0.502758644719757,0.236322972561327
0.000111337230906769,0.281062525127684,0.509729781428056
0.719161718902983,0.823023933384306,-0.984119585560123
0.687676856033153,0.29394575340875,0.509650839116917
0.808293238806591,0.404652968546336,0.601318439522343
0.0153113000609909,0.730423176566185,0.268763283059702
0.652690294120579,0.264880600544846,0.183129570369099
0.251169410011683,0.956100149621103,0.780137321892785
0.167428029047642,0.940475699957391,-0.65907997551128
0.0201618355561369,0.802497779944737,-0.93754345567245
0.078065736589789,0.904836795972003,-0.99803492910932
0.628651693890217,0.60851344025324,0.0538936690695228
0.570514057305701,0.645476764264173,-0.819973822485947
0.174588604551194,0.769360890890634,0.670544788013576
0.875768006274011,0.45684178452706,-0.928275237516438
0.979897044883424,-0.0404088548838818,0.801511543177596
0.285551935172292,0.866605679074075,0.838974356926908
0.000111619370218911,0.237453043341522,0.922939318656448
0.0151081158734372,0.225838307841739,0.976198846744321
0.468146929308996,0.907796034106428,-0.99601409234034
0.633726094693916,0.333702249777317,-0.404527520833838
0.0797877483825881,0.331247466272068,0.95813799019185
0.334283761503613,0.949932488553809,0.23052759327275
0.299681430146623,0.802085782137348,0.770718007693402
0.000101912560760852,0.833166110701448,0.832958488931826
0.449344801854682,0.818111732051776,-0.666917004393532
0.00775105382772284,0.807530660084387,0.161269310391693
0.823835014018212,0.312332348685501,0.118357482218801
0.169341544962193,0.991801254183398,-0.403040650138578
0.0723524233009058,0.488229026813108,0.997013348931358
0.927965663155329,0.0903859000339802,-0.830081102835338
0.218657225474958,0.85837496462804,0.0865034323314718
0.0595605860829612,0.70434451898722,0.998084419498142
0.413643067025285,0.968997184591528,-0.15980108648907
0.302921093448331,0.990655205297326,0.363347727086769
0.225558722321393,0.920033594818129,-0.304338196563339
0.567699311458856,0.766448703515884,-0.886009979178492
0.135817931170634,0.891504232934674,0.524560871961773
0.814100957533455,-0.115647081647955,0.243005262226294
0.448857515250134,0.986142651948804,-0.443797922409933
2.23114873929983e-05,0.458822515364122,0.224846662274671
0.079034605399921,0.276477797397772,0.789288091835545
0.0300641970267941,0.76532534227429,0.968794600752174
0.0112948411954198,0.121863961561943,0.955126096768616
0.809493424026923,-0.0533171754677225,0.512616671057895
0.0593176772018604,0.853416080607342,-0.0386188536224133
0.0847358621385756,0.438879079622823,0.735997502756828
0.00147908933992036,0.501291449234629,0.901094420210046
0.700568630215895,0.454644626001619,-0.373350686343447
0.142955032726249,0.948285959200247,-0.898778948291695
0.276144357523132,0.973867644833884,-0.429112169622071
0.808710896147829,0.524666022220846,-0.949820410954758
0.41101115153787,0.928782210541886,-0.123207818809419
0.549524879647151,0.895538609786543,-0.927035341237679
0.201430777634206,0.968062825598293,-0.905622590505788
0.590673994662202,0.961685339672553,0.814417305833246
0.0529269754858483,0.716798305505729,0.341254533522273
0.531510773710917,0.624927694446304,-0.521378926915369
0.138128839751119,0.930929786216568,0.289524205541665
0.260057563717758,0.839937797410797,0.974568362690332
0.270139395207487,0.974406405770362,0.237602973209355
0.646738617988715,0.760956958912496,-0.843498816460763
0.0136629812634359,0.175330111849519,0.969054349229374
0.0266343536362763,0.770799671491115,0.402515437977587
0.228191551742262,0.704562477360979,0.185625856222446
0.0194283310435075,0.866810326082608,0.653306926243773
0.97298114768252,0.0823979244747271,0.923468904721074
0.027645919370514,0.0865296881247671,0.222642915841931
0.0203749959525697,0.789697601614612,-0.559164613518027
0.305295133631051,0.998533124214428,-0.443475892345614
0.164314356869476,0.996229357064365,0.758021713202757
0.0292043727168606,0.473847667659979,-0.0241433980764091
0.012993873553073,0.757939411532603,-0.920520888036836
0.987486242319246,-0.640373254716243,-0.673764871549741
0.0431613321647253,0.782638324772206,-0.340872765174003
0.271247842412431,0.98472269590283,-0.0371174931957332
0.0895503971862895,0.936857009184662,0.835764324966651
0.302260206068082,0.999482785551184,-0.859151535734259
0.883738210207135,-0.439033344473873,-0.413767917595849
0.107448568973776,0.698448589970345,0.941837742330315
0.00970947019070384,0.368487318026692,0.985361691734281
0.328091553220596,0.995786584558792,-0.126533732484222
0.8156813530917,0.482416682774335,-0.88714775978511
0.0594777227386573,0.487901881094576,0.895158991055386
0.0253425867334295,0.379038534205728,0.558234026087675
0.0306056205140934,0.855576380556647,-0.223174748466809
0.0512020098983706,0.783108257699351,-0.587476084639829
0.501088941438608,0.658153293969549,0.823816462348946
0.21690208813234,0.872715001233871,0.866988607326138
0.142724623028175,0.881206657513128,-0.387015269761486
0.10968438051643,0.37301581901866,0.998096805086377
0.391559134176749,0.935369909620482,-0.977563284529785
0.717435813886583,0.117655260934778,0.783197676554447
0.149910150364859,0.961485374902977,-0.593202333347151
0.0372453604156992,0.307795962289329,0.986618193412817
0.220163052316147,0.854840533243229,-0.890918953474948
0.169797199297607,0.823163618164218,0.706431394083526
0.0176290626416942,0.476408082481068,0.822182302190035
0.267214863037684,0.993122723087635,-0.995633619078645
0.0696840469509646,0.386953889560008,0.542446374513604
0.261542416929287,0.996477396225923,0.891921478077986
0.339445575783645,0.997839111522582,-0.212636882415537
0.00569110167316856,0.71365237058288,0.748836374453398
0.710184315644518,0.773719215050652,-0.999961537003824
0.00651964744049347,0.38607596653182,0.405707481199095
0.697609074087107,0.293932519281759,-0.510693268332153
0.0145128561877419,0.778794715043629,0.858665992917633
0.572379880350368,0.86706957501549,0.828294087829733
0.995780253729464,-0.442374527304197,-0.911357867846228
0.00859706585481855,0.816457961789349,0.869587922795868
0.11269242744868,0.383235794768716,0.966502756146958
0.00846752264456255,0.690748052673516,0.793550687504691
0.312859416699857,0.99643460218274,0.25555572885234
0.231100389743812,0.94534060180419,0.532654043047895
0.137429493469398,0.529005946565533,0.51822235486789
0.0824245997378608,0.807019129137864,-0.366579490295894
0.129800322431349,0.563575494882764,0.992609660181781
0.0964540355277558,0.397821053389069,0.996923997469104
0.675849331815296,0.229065005309861,-0.462161153790445
0.358684641243456,0.979539209937866,0.381316588525968
0.894521807959175,0.0198223925883289,-0.916046719189803
0.000257845225275744,0.553803385467471,0.745914952827713
0.00030249620786849,0.54726268321969,0.985874662287295
0.00337999088442601,0.174081281029499,0.908645802104944
0.570932882521943,0.76562355041734,0.110330715123294
0.0444640141651607,0.53244703468796,0.998700879309099
0.689009912804156,0.448483014813283,-0.403598707913527
0.420692600454529,0.998825914054755,-0.0322089020250203
0.010295564438861,0.835669484347362,0.98994818926873
0.421357013441384,0.895789869417185,-0.803119035920729
0.0726522657161426,0.706108147068585,0.547808743103157
0.623278444363988,0.670712343446541,-0.599796715185077
0.322182628502262,0.989795480483266,-0.370521112546073
0.138947512635129,0.657874840883042,0.996281473316243
0.0132439244740558,0.509779630926446,0.301590444966915
0.752276675751422,0.374945826312561,-0.0707737641492179
0.814326189915347,0.233486517914122,-0.418439124873487
0.711580632902104,0.086069363580658,-0.929106886576106
0.160818283519355,0.963817946287136,0.985703384473904
0.0481483703988572,0.267431430700121,0.436307465446925
0.877348337440993,0.325031614928342,-0.988315942125324
0.072230906048898,0.880530581007266,-0.437246094271005
0.148813830827375,0.753307802013146,0.994730374321894
0.773480293745747,-0.166754685787865,-0.190646328489862
0.0591788332667935,0.912613427726018,0.863818667969298
0.622895136696923,0.496512900575484,0.586860844982323
0.262933548933501,0.994677576166058,-0.0539707680979252
0.852218092180856,-0.199873530431887,-0.741317718815798
0.988412139454283,0.0761933399259223,-0.929320664110372
0.891488328883168,-0.383480587173292,0.475164727450673
0.0160298846092345,0.76681362184268,0.970052979561178
0.00112855302930357,0.247570449874577,0.991690639132459
0.00217934296014267,0.755614425581439,-0.168668004695955
0.190506162181109,0.681516122340532,-0.0462951489548926
0.132713539857181,0.845616424441236,-0.465098203513527
0.742812241206935,0.0431501854608232,0.00107899083456989
0.024102766029199,0.687085897323411,-0.449909466163521
0.497898954708488,0.658764329287546,-0.990186339533677
0.240979921367298,0.852900119235356,-0.303687038475765
0.557183114007855,0.590999792991219,0.649149782514459
0.00172428938907988,0.576265693670829,0.562420931066555
0.5525645465582,0.802025886046755,0.460139127561814
0.549623972873491,0.908869788758901,0.985260064576691
0.0775533420868196,0.744231401590821,0.862441077641305
0.239760556475805,0.687336644199696,0.96124294103319
0.819395291486703,0.544584870005675,-0.34206124344661
0.996473245973839,-0.494869209989219,-0.800609678121621
0.207533285801039,0.829815904275733,0.906119379538245
0.263694935911945,0.741828536600881,-0.346602898516322
0.0597520041930983,0.804840285878165,0.0312064117126309
0.401986794281304,0.82373735811761,0.958937292245879
0.174121361169745,0.865383917766401,-0.755897375677621
0.251214044178402,0.992539943168431,-0.351771004030946
0.933492307043727,-0.380957918157028,-0.0183414312465003
0.922863929116442,0.0111141766150587,-0.430064833122543
0.000156530761441401,0.431922519428434,0.557486184508884
0.065099261312099,0.428979099523614,0.298728383085079
0.535247453855478,0.549638603924708,0.344630239046701
0.427656751307014,0.973007888513215,0.0667281581190738
0.0650203624932896,0.198998719200673,0.412118854559966
0.0429365410977049,0.534573363495569,0.995685963924375
0.331078017758045,0.905386461324347,0.116963900113763
0.480286699540172,0.860745818015571,-0.0832363718184364
0.020392140374213,0.785667636801581,-0.0499614260959666
0.117429255596185,0.967246364054615,-0.992630647149166
0.409115325706848,0.983915204975294,0.273530858129699
0.00420160894311187,0.122655476714699,0.999959867333901
1.23931409666853e-05,0.754959199084717,0.648738965223139
0.00141765587554081,0.520687868848111,0.349926974305365
0.303733087286458,0.826472873176003,-0.495888139414667
0.187172133203948,0.877354987889307,0.957603933601178
0.377284895491465,0.932065389373445,-0.513833669483844
0.318221844640285,0.948360294575422,-0.0638035600271094
0.206617307696637,0.780831944525507,0.233861487286273
0.0645048902522847,0.260696209487471,0.976143668584806
0.0466439764046381,0.39212419443614,0.917920035622672
0.608455210461514,0.605639178764987,0.997568489000076
0.0584053127794449,0.33030485667898,0.322862567037552
0.13392572491449,0.580738675891632,0.915726239957358
0.0131424315724701,0.849060287250563,0.872213271548609
0.263494355281786,0.740077062147683,-0.555167589107961
0.0291768718774267,0.767661001080292,-0.59150077277367
0.515953262828903,0.648445887091763,0.8355651197894
0.574373478958917,0.960661583009516,-0.990308591772365
0.918444003473471,0.289346170676804,-0.848554088636526
0.261694842311523,0.85024862726443,-0.37921328862041
0.0953032902991586,0.641539562811292,0.22136390329056
0.755850113587506,0.760370322288611,0.462299070921332
0.250143496182971,0.835780134266144,0.325526416833169
0.468264697376093,0.993832492667446,0.100824318260082
0.197784634240525,0.800828051089013,0.870636287616961
0.114478062236781,0.933946690856138,0.394603468475672
0.00141300091178999,0.149821457856999,0.743640890652161
0.502388563912702,0.665460176206623,-0.464475687250978
0.470807166330267,0.998039222554183,0.730118677823357
0.47695152808025,0.992110159007258,0.0765808316289478
0.00469253852716491,0.575780210595663,-0.257877375283372
0.0536937039318231,0.406449661254038,0.463192901174465
0.0340336733806823,0.772791520360048,-0.730163321765721
0.5785309556461,0.459635131347132,-0.990607725819623
0.0832162177215104,0.294351878223996,-0.20110016539488
0.0628525221194543,0.648545882984796,0.322051039171154
0.0059300544693517,0.298774054916458,0.599461413685209
0.679636824997655,0.247434879503689,0.579923086849706
0.311076640703179,0.954452891912132,-0.596528043577843
0.0205197805031143,0.202240369411406,0.975282559804392
0.570343293852939,0.525779878057131,0.256802756673585
0.364681361508091,0.995772379327132,-0.535841087435017
0.0447210864544238,0.288048322597752,0.00514611193739985
0.475457009850506,0.686045525870446,0.657247807440653
0.637612673621614,0.926439604231851,0.70096905395464
0.482751636156575,0.999820507534311,-0.725562295338742
0.488394281677707,0.998323598998058,0.322646945536308
0.27706634567523,0.999781878643498,0.856901500203978
0.757091675901329,-0.0437885647448981,0.994956698065646
0.825756298257936,-0.273185966906389,0.671885580205915
0.200110121541975,0.850784429458882,0.517407233940989
0.00191682405071461,0.466678030900843,0.250699444741959
0.727852715130211,0.302736618071865,-0.526868989685516
0.43940617509878,0.954828580698404,0.136214798471108
0.0919758296086295,0.849265733690643,-0.456595385395409
0.0698944924863176,0.918856092135288,0.530482885493193
0.208982793250959,0.85737606280314,-0.22117853298154
0.300941387353736,0.882350666824486,0.970011009848739
0.151258336500472,0.547440948456158,0.748983202011273
0.00382830556994888,0.0215876941993207,0.673881527444835
0.35833649964995,0.998782119577672,-0.853960056725233
0.398082794276688,0.975740581478424,0.241363754344866
0.665094330121334,0.599871922314687,-0.459024331984052
0.864493269755642,0.066835164031112,0.998226640685067
0.0313098279068258,0.301592036266381,0.84564841344924
0.981124645848599,-0.559130623690301,0.260917978525633
0.134210387637174,0.495219917387882,0.960257374397065
0.894473718863819,0.355595508322089,0.770553256248643
0.66566416532983,0.882573415432253,-0.78244689012254
0.108570273777577,0.925679584730325,0.912068337116679
0.000884680629250304,0.229484927412654,-0.164475453595544
0.103901368176274,0.902228570387489,-0.50658343634575
0.0285118186379754,0.773499751847848,0.867098571496836
0.455795643192306,0.859226888751445,0.0973161150407401
0.932823120419735,0.118288360032593,-0.310820894623447
0.108315756085262,0.579970031270176,-0.976512890677617
0.829638895349917,0.00260593993630743,-0.949781072238733
0.413854369556427,0.894152217995051,-0.327459957149932
0.145083003657398,0.939336821484184,0.931619224930713
0.00781655368205266,0.618329025746228,0.857959662331156
0.021671633124435,0.589780947876386,0.761561706243724
0.0460762311682246,0.707831547064681,0.640702622762171
0.00162617675208577,0.59180492863461,0.295072873912371
0.72372057552955,0.733081685425515,-0.9763757754933
0.29929167659286,0.980496997614085,-0.943377144330552
0.0100151539498422,0.206330367904639,0.376391597873044
0.168965558231131,0.797574853937689,0.995189334612384
0.628463587337702,0.609096171107178,-0.232654531586964
0.552760411944411,0.957253330555044,0.305475548053781
0.0100760554400528,0.744991403686892,0.932700808088239
0.639416400676781,0.406540545858287,0.30243340980194
0.0108149238530168,0.233456055449281,0.997711847783349
0.637025647510712,0.676080182637446,0.107413164253542
0.544108308966849,0.679974003548966,-0.752537412488891
0.634989164885801,0.414041620120789,0.813389590704696
0.411390788776594,0.87023529093356,-0.283095551161539
0.00254241522884638,0.599791925894873,-0.127124617504409
0.25212791267241,0.799163628205042,0.958037181506637
0.321376910620416,0.94029201914574,0.589582091446943
0.644501893116753,0.886042307778279,0.623112408885986
0.427440178455627,0.998929915839579,0.0840121058810072
0.316555999413149,0.957028798744968,-0.774955558462228
0.18528261305197,0.998758025914072,-0.809605761837953
0.139806435987616,0.520910970606714,0.986927880301028
0.000650322446935422,0.435907920731299,0.738921646872472
0.0753564186896676,0.835909141403509,0.503767599938527
0.310783887532374,0.982332119450371,0.577398123319075
0.0779644994175728,0.344579092106367,0.919224368015068
0.50461451164955,0.995732667772885,-0.988911270027837
0.00642465607775932,0.634678862265457,0.948397763588867
0.0649442848013891,0.369203828563701,0.557668737380427
0.222566351342729,0.705802642715396,-0.953953393997357
0.0905286487201474,0.545295938995734,0.407270524364992
0.618487891813232,0.735342882549613,-0.660129474940074
0.0256368164609478,0.375464337980064,0.522632406451614
0.03618225091297,0.714546563041949,-0.11517901755126
0.354481837815975,0.929205940789617,-0.0620676277870812
0.0419817709543003,0.218892587379181,0.363615491481558
0.189858959183316,0.994251947657141,0.524590163402391
0.0233430071205881,0.684101140958264,0.0147632055801483
0.442033830287527,0.927462982632764,0.304960021233345
0.00178401346395997,0.628193631867817,-0.305912840623972
0.000375335985373266,0.750969288235563,-0.236825373788688
0.9577088296407,-0.0214652513325778,-0.815151393646309
0.0229944210765733,0.868782677994181,0.39124538327355
0.0816362288278767,0.629426860253317,-0.954640594409547
0.0131025425776187,0.679369647397443,0.848043932600455
0.240895963500533,0.769287422558651,0.966495636404538
0.492884694595038,0.720986390311223,-0.996715765347788
0.544461163346825,0.965515851317938,0.998789220385067
0.446303893335979,0.994869726062572,-0.859735684318177
0.789092318676721,-0.0204443361618811,0.987559334877811
0.279498523172793,0.799869207225858,0.736782955489665
0.264747259927604,0.921629214751508,-0.283441039542281
0.178794818168976,0.911815955340741,0.379651052785016
0.00353984377076602,0.646306103715505,-0.219290260222938
0.0508163222207037,0.880345117675417,0.406722500201126
0.847192398020805,0.43732535472032,-0.694423752888818
0.00062516695770488,0.384236380375261,0.997422209069507
0.301955037255416,0.955607887111271,-0.553513470391054
0.189701996246382,0.912098243656159,0.949045681978083
0.914774353475106,0.089074651032982,-0.981512397537857
0.0487619232677365,0.725436455901058,-0.880983749723292
0.214023322715907,0.999604197076389,0.855028076804864
0.531657759001048,0.956798177976455,-0.384444320663926
0.0623763492172687,0.673363905690381,-0.616905636721132
0.0247457717469468,0.140864969593284,0.769783303670162
0.30018099753774,0.997601292436059,-0.484999366323036
0.0036193933921276,0.274747338272826,0.939061230158146
0.584799705045528,0.970960267722514,0.941661851105814
0.163295532808406,0.483345443893914,0.94858967501571
0.362217112205468,0.990478808539846,-0.872039312903836
0.100400501815741,0.754173297784695,0.52950059905447
0.0151593446020049,0.452159297171169,-0.386279666285492
0.141197594190439,0.594992830189493,-0.784623525787975
0.696889384110271,0.750912543564453,-0.949751668933154
0.0685949918004308,0.66800464698184,0.558888683295582
0.937381739105769,-0.266361320700213,0.365569574563776
0.352876327123797,0.95309017468913,0.562010236437888
0.316206278395032,0.87153742795656,-0.723713332021459
0.570167620283967,0.436845404990774,0.971083323307293
0.786179529330696,-0.205636146467229,0.832150779848565
0.76035911944334,0.683989385436779,-0.0982551333837356
0.363128784987257,0.980616561887332,-0.48641673065666
0.699195233754467,0.420293550617875,0.0971984001032695
0.586459893364066,0.513808431466809,0.100289541365271
