Index,Product,Shopper,VolumeBought,"Index,Product,Shopper,VolumeBought"
1,2,2,2.0,"1,2,2,2.0"
2,1,2,1.6,"2,1,2,1.6"
3,2,2,2.6,"3,2,2,2.6"
4,1,1,4.0,"4,1,1,4.0"
5,1,2,1.5,"5,1,2,1.5"
6,2,1,5.2,"6,2,1,5.2"
7,2,2,2.0,"7,2,2,2.0"
8,2,1,4.1,"8,2,1,4.1"
9,1,2,1.8,"9,1,2,1.8"
10,1,1,4.6,"10,1,1,4.6"
11,1,1,3.9,"11,1,1,3.9"
12,2,2,2.7,"12,2,2,2.7"
13,2,2,3.2,"13,2,2,3.2"
14,1,2,1.5,"14,1,2,1.5"
15,1,2,1.9,"15,1,2,1.9"
16,2,2,3.0,"16,2,2,3.0"
17,2,2,2.2,"17,2,2,2.2"
18,2,1,5.7,"18,2,1,5.7"
19,1,2,2.0,"19,1,2,2.0"
20,1,1,4.3,"20,1,1,4.3"
21,1,2,1.7,"21,1,2,1.7"
22,1,2,1.7,"22,1,2,1.7"
23,2,1,6.2,"23,2,1,6.2"
24,1,1,4.9,"24,1,1,4.9"
25,1,1,7.4,"25,1,1,7.4"
26,2,2,3.3,"26,2,2,3.3"
27,1,1,4.9,"27,1,1,4.9"
28,1,1,5.2,"28,1,1,5.2"
29,1,1,3.6,"29,1,1,3.6"
30,1,2,1.6,"30,1,2,1.6"
31,1,2,1.5,"31,1,2,1.5"
32,1,1,3.9,"32,1,1,3.9"
33,1,1,4.0,"33,1,1,4.0"
34,2,1,6.0,"34,2,1,6.0"
35,1,1,4.6,"35,1,1,4.6"
36,2,2,2.0,"36,2,2,2.0"
37,2,2,3.9,"37,2,2,3.9"
38,1,1,6.8,"38,1,1,6.8"
39,2,1,3.8,"39,2,1,3.8"
40,2,2,3.9,"40,2,2,3.9"
41,1,2,1.6,"41,1,2,1.6"
42,1,1,3.4,"42,1,1,3.4"
43,1,2,1.9,"43,1,2,1.9"
44,2,2,3.6,"44,2,2,3.6"
45,2,1,6.4,"45,2,1,6.4"
46,1,2,1.3,"46,1,2,1.3"
47,1,2,1.0,"47,1,2,1.0"
48,1,1,5.9,"48,1,1,5.9"
49,1,1,6.7,"49,1,1,6.7"
50,2,2,3.0,"50,2,2,3.0"
51,1,2,1.6,"51,1,2,1.6"
52,2,1,5.5,"52,2,1,5.5"
53,2,2,2.8,"53,2,2,2.8"
54,2,1,3.2,"54,2,1,3.2"
55,1,1,5.2,"55,1,1,5.2"
56,2,2,3.5,"56,2,2,3.5"
57,1,1,3.6,"57,1,1,3.6"
58,1,1,3.5,"58,1,1,3.5"
59,1,1,4.8,"59,1,1,4.8"
60,1,1,5.2,"60,1,1,5.2"
61,2,1,3.3,"61,2,1,3.3"
62,2,2,3.0,"62,2,2,3.0"
63,1,1,3.8,"63,1,1,3.8"
64,1,2,1.9,"64,1,2,1.9"
65,1,1,5.1,"65,1,1,5.1"
66,1,1,5.5,"66,1,1,5.5"
67,1,2,1.7,"67,1,2,1.7"
68,2,2,3.5,"68,2,2,3.5"
69,1,1,4.7,"69,1,1,4.7"
70,1,2,1.5,"70,1,2,1.5"
71,2,1,7.5,"71,2,1,7.5"
72,1,1,5.7,"72,1,1,5.7"
73,2,2,3.5,"73,2,2,3.5"
74,2,2,4.0,"74,2,2,4.0"
75,2,1,5.8,"75,2,1,5.8"
76,2,2,3.7,"76,2,2,3.7"
77,1,1,3.4,"77,1,1,3.4"
78,1,1,3.3,"78,1,1,3.3"
79,2,2,3.4,"79,2,2,3.4"
80,1,1,4.8,"80,1,1,4.8"
81,1,2,1.8,"81,1,2,1.8"
82,2,1,5.6,"82,2,1,5.6"
83,2,2,2.6,"83,2,2,2.6"
84,1,1,3.8,"84,1,1,3.8"
85,1,2,1.6,"85,1,2,1.6"
86,2,2,3.9,"86,2,2,3.9"
87,2,1,6.1,"87,2,1,6.1"
88,2,1,5.2,"88,2,1,5.2"
89,1,1,5.4,"89,1,1,5.4"
90,1,1,4.9,"90,1,1,4.9"
91,1,2,1.1,"91,1,2,1.1"
92,2,2,2.4,"92,2,2,2.4"
93,1,2,1.2,"93,1,2,1.2"
94,1,1,4.3,"94,1,1,4.3"
95,1,2,1.3,"95,1,2,1.3"
96,2,2,2.5,"96,2,2,2.5"
97,1,1,5.1,"97,1,1,5.1"
98,2,2,3.9,"98,2,2,3.9"
99,2,1,4.4,"99,2,1,4.4"
100,1,1,8.0,"100,1,1,8.0"
101,2,1,3.2,"101,2,1,3.2"
102,1,1,6.2,"102,1,1,6.2"
103,1,1,5.0,"103,1,1,5.0"
104,1,1,5.0,"104,1,1,5.0"
105,1,2,2.0,"105,1,2,2.0"
106,1,2,1.9,"106,1,2,1.9"
107,1,1,5.2,"107,1,1,5.2"
108,1,2,1.6,"108,1,2,1.6"
109,2,2,2.2,"109,2,2,2.2"
110,1,2,1.3,"110,1,2,1.3"
111,1,1,6.8,"111,1,1,6.8"
112,2,2,2.9,"112,2,2,2.9"
113,2,2,3.9,"113,2,2,3.9"
114,1,1,4.0,"114,1,1,4.0"
115,2,2,3.4,"115,2,2,3.4"
116,2,1,3.9,"116,2,1,3.9"
117,1,1,5.4,"117,1,1,5.4"
118,1,2,1.7,"118,1,2,1.7"
119,1,1,6.6,"119,1,1,6.6"
120,1,2,1.8,"120,1,2,1.8"
121,1,1,4.3,"121,1,1,4.3"
122,2,2,2.5,"122,2,2,2.5"
123,1,2,1.3,"123,1,2,1.3"
124,1,1,3.5,"124,1,1,3.5"
125,1,1,7.9,"125,1,1,7.9"
126,2,2,2.5,"126,2,2,2.5"
127,1,2,2.0,"127,1,2,2.0"
128,2,2,3.1,"128,2,2,3.1"
129,1,1,3.2,"129,1,1,3.2"
130,1,2,1.6,"130,1,2,1.6"
131,1,1,5.3,"131,1,1,5.3"
132,1,1,3.9,"132,1,1,3.9"
133,2,2,3.2,"133,2,2,3.2"
134,2,2,2.7,"134,2,2,2.7"
135,2,2,3.5,"135,2,2,3.5"
136,1,2,1.8,"136,1,2,1.8"
137,1,2,1.9,"137,1,2,1.9"
138,2,2,3.1,"138,2,2,3.1"
139,2,2,2.6,"139,2,2,2.6"
140,1,1,5.6,"140,1,1,5.6"
141,1,2,1.6,"141,1,2,1.6"
142,1,2,1.7,"142,1,2,1.7"
143,2,1,3.3,"143,2,1,3.3"
144,2,2,3.8,"144,2,2,3.8"
145,2,1,5.5,"145,2,1,5.5"
146,2,2,2.0,"146,2,2,2.0"
147,2,2,3.6,"147,2,2,3.6"
148,1,2,1.9,"148,1,2,1.9"
149,2,1,4.5,"149,2,1,4.5"
150,1,2,1.8,"150,1,2,1.8"
151,1,1,7.3,"151,1,1,7.3"
152,1,1,5.0,"152,1,1,5.0"
153,2,1,4.3,"153,2,1,4.3"
154,1,2,1.3,"154,1,2,1.3"
155,1,2,1.9,"155,1,2,1.9"
156,2,1,7.3,"156,2,1,7.3"
157,2,1,4.5,"157,2,1,4.5"
158,2,1,5.9,"158,2,1,5.9"
159,2,1,5.1,"159,2,1,5.1"
160,1,1,5.1,"160,1,1,5.1"
161,1,2,1.8,"161,1,2,1.8"
162,1,2,1.1,"162,1,2,1.1"
163,1,2,2.0,"163,1,2,2.0"
164,1,1,6.2,"164,1,1,6.2"
165,2,2,2.7,"165,2,2,2.7"
166,1,1,4.2,"166,1,1,4.2"
167,2,1,5.6,"167,2,1,5.6"
168,2,1,6.5,"168,2,1,6.5"
169,2,2,3.2,"169,2,2,3.2"
170,1,2,1.5,"170,1,2,1.5"
171,2,1,6.1,"171,2,1,6.1"
172,2,2,2.5,"172,2,2,2.5"
173,2,2,3.5,"173,2,2,3.5"
174,1,2,1.1,"174,1,2,1.1"
175,2,2,3.5,"175,2,2,3.5"
176,1,2,1.8,"176,1,2,1.8"
177,2,2,2.5,"177,2,2,2.5"
178,2,2,2.5,"178,2,2,2.5"
179,1,1,8.3,"179,1,1,8.3"
180,2,1,5.7,"180,2,1,5.7"
181,1,1,3.5,"181,1,1,3.5"
182,1,1,5.0,"182,1,1,5.0"
183,2,2,3.3,"183,2,2,3.3"
184,1,1,7.7,"184,1,1,7.7"
185,2,2,3.2,"185,2,2,3.2"
186,1,2,1.6,"186,1,2,1.6"
187,1,2,2.0,"187,1,2,2.0"
188,1,2,1.1,"188,1,2,1.1"
189,2,2,2.5,"189,2,2,2.5"
190,1,2,1.1,"190,1,2,1.1"
191,2,2,4.0,"191,2,2,4.0"
192,1,1,4.0,"192,1,1,4.0"
193,1,2,1.1,"193,1,2,1.1"
194,1,2,1.6,"194,1,2,1.6"
195,2,1,4.5,"195,2,1,4.5"
196,1,1,6.6,"196,1,1,6.6"
197,2,2,3.0,"197,2,2,3.0"
198,2,1,4.2,"198,2,1,4.2"
199,1,1,5.9,"199,1,1,5.9"
200,2,1,3.2,"200,2,1,3.2"
201,2,1,3.3,"201,2,1,3.3"
202,1,1,5.2,"202,1,1,5.2"
203,2,1,4.4,"203,2,1,4.4"
204,1,1,8.2,"204,1,1,8.2"
205,1,2,1.4,"205,1,2,1.4"
206,1,1,3.4,"206,1,1,3.4"
207,2,1,6.0,"207,2,1,6.0"
208,2,2,2.6,"208,2,2,2.6"
209,2,1,3.7,"209,2,1,3.7"
210,1,1,5.2,"210,1,1,5.2"
211,2,1,4.5,"211,2,1,4.5"
212,1,2,1.8,"212,1,2,1.8"
213,1,2,1.6,"213,1,2,1.6"
214,2,1,4.6,"214,2,1,4.6"
215,2,1,4.4,"215,2,1,4.4"
216,1,2,1.5,"216,1,2,1.5"
217,2,2,3.5,"217,2,2,3.5"
218,2,2,2.0,"218,2,2,2.0"
219,2,2,3.1,"219,2,2,3.1"
220,1,2,1.8,"220,1,2,1.8"
221,2,1,3.7,"221,2,1,3.7"
222,2,2,2.4,"222,2,2,2.4"
223,1,2,1.0,"223,1,2,1.0"
224,2,2,2.6,"224,2,2,2.6"
225,2,2,2.4,"225,2,2,2.4"
226,2,2,3.6,"226,2,2,3.6"
227,2,1,7.8,"227,2,1,7.8"
228,1,2,1.5,"228,1,2,1.5"
229,1,1,8.0,"229,1,1,8.0"
230,2,1,4.6,"230,2,1,4.6"
231,1,2,1.5,"231,1,2,1.5"
232,2,1,5.5,"232,2,1,5.5"
233,2,2,3.7,"233,2,2,3.7"
234,1,2,1.7,"234,1,2,1.7"
235,2,2,2.9,"235,2,2,2.9"
236,2,1,4.6,"236,2,1,4.6"
237,2,2,3.2,"237,2,2,3.2"
238,2,2,2.2,"238,2,2,2.2"
239,1,1,4.7,"239,1,1,4.7"
240,2,1,4.1,"240,2,1,4.1"
241,1,1,4.7,"241,1,1,4.7"
242,1,1,5.7,"242,1,1,5.7"
243,1,2,1.6,"243,1,2,1.6"
244,1,2,1.2,"244,1,2,1.2"
245,2,1,3.6,"245,2,1,3.6"
246,1,2,1.5,"246,1,2,1.5"
247,1,1,4.8,"247,1,1,4.8"
248,1,2,1.5,"248,1,2,1.5"
249,2,2,2.3,"249,2,2,2.3"
250,1,1,4.3,"250,1,1,4.3"
251,2,2,3.4,"251,2,2,3.4"
252,1,2,1.7,"252,1,2,1.7"
253,2,1,5.9,"253,2,1,5.9"
254,2,1,3.2,"254,2,1,3.2"
255,1,2,1.6,"255,1,2,1.6"
256,1,1,4.6,"256,1,1,4.6"
257,2,2,2.9,"257,2,2,2.9"
258,1,1,5.1,"258,1,1,5.1"
259,2,1,6.0,"259,2,1,6.0"
260,1,1,3.2,"260,1,1,3.2"
261,1,1,5.1,"261,1,1,5.1"
262,2,1,8.1,"262,2,1,8.1"
263,2,2,3.3,"263,2,2,3.3"
264,2,2,2.7,"264,2,2,2.7"
265,1,1,7.1,"265,1,1,7.1"
266,1,1,3.6,"266,1,1,3.6"
267,1,2,1.6,"267,1,2,1.6"
268,1,1,3.8,"268,1,1,3.8"
269,1,1,5.8,"269,1,1,5.8"
270,2,2,2.1,"270,2,2,2.1"
271,1,2,1.7,"271,1,2,1.7"
272,1,2,1.0,"272,1,2,1.0"
273,1,2,1.1,"273,1,2,1.1"
274,2,2,2.9,"274,2,2,2.9"
275,1,2,1.8,"275,1,2,1.8"
276,1,1,3.4,"276,1,1,3.4"
277,2,2,3.2,"277,2,2,3.2"
278,1,1,4.4,"278,1,1,4.4"
279,2,1,3.3,"279,2,1,3.3"
280,1,2,1.7,"280,1,2,1.7"
281,2,2,3.9,"281,2,2,3.9"
282,2,2,2.9,"282,2,2,2.9"
283,1,1,5.7,"283,1,1,5.7"
284,1,2,1.7,"284,1,2,1.7"
285,1,2,1.8,"285,1,2,1.8"
286,2,1,4.5,"286,2,1,4.5"
287,1,2,1.6,"287,1,2,1.6"
288,2,1,7.2,"288,2,1,7.2"
289,1,2,1.3,"289,1,2,1.3"
290,1,1,4.7,"290,1,1,4.7"
291,2,2,2.8,"291,2,2,2.8"
292,2,2,2.9,"292,2,2,2.9"
293,2,2,3.6,"293,2,2,3.6"
294,1,1,5.2,"294,1,1,5.2"
295,1,2,2.0,"295,1,2,2.0"
296,2,2,4.0,"296,2,2,4.0"
297,2,2,2.7,"297,2,2,2.7"
298,1,1,3.6,"298,1,1,3.6"
299,2,2,3.0,"299,2,2,3.0"
300,1,2,1.3,"300,1,2,1.3"
301,1,1,4.5,"301,1,1,4.5"
302,2,2,3.6,"302,2,2,3.6"
303,2,2,3.6,"303,2,2,3.6"
304,2,2,4.0,"304,2,2,4.0"
305,1,1,5.6,"305,1,1,5.6"
306,2,2,2.3,"306,2,2,2.3"
307,1,2,1.5,"307,1,2,1.5"
308,2,2,3.7,"308,2,2,3.7"
309,1,2,1.2,"309,1,2,1.2"
310,1,2,1.7,"310,1,2,1.7"
311,1,1,4.6,"311,1,1,4.6"
312,2,1,5.8,"312,2,1,5.8"
313,1,2,1.6,"313,1,2,1.6"
314,1,2,1.9,"314,1,2,1.9"
315,2,1,5.2,"315,2,1,5.2"
316,1,2,1.2,"316,1,2,1.2"
317,1,1,6.1,"317,1,1,6.1"
318,2,2,3.0,"318,2,2,3.0"
319,1,1,6.1,"319,1,1,6.1"
320,1,1,4.6,"320,1,1,4.6"
321,2,2,3.2,"321,2,2,3.2"
322,2,2,3.7,"322,2,2,3.7"
323,1,2,1.4,"323,1,2,1.4"
324,2,2,2.4,"324,2,2,2.4"
325,2,1,3.4,"325,2,1,3.4"
326,1,2,1.5,"326,1,2,1.5"
327,1,2,2.0,"327,1,2,2.0"
328,2,1,3.1,"328,2,1,3.1"
329,2,2,2.7,"329,2,2,2.7"
330,1,2,1.5,"330,1,2,1.5"
331,1,1,5.3,"331,1,1,5.3"
332,2,1,5.7,"332,2,1,5.7"
333,1,1,4.4,"333,1,1,4.4"
334,2,2,3.3,"334,2,2,3.3"
335,2,1,4.7,"335,2,1,4.7"
336,2,2,4.0,"336,2,2,4.0"
337,2,1,4.9,"337,2,1,4.9"
338,2,2,2.1,"338,2,2,2.1"
339,2,1,4.6,"339,2,1,4.6"
340,1,2,1.9,"340,1,2,1.9"
341,2,2,2.0,"341,2,2,2.0"
342,2,1,5.8,"342,2,1,5.8"
343,2,2,2.6,"343,2,2,2.6"
344,2,1,5.0,"344,2,1,5.0"
345,1,2,1.4,"345,1,2,1.4"
346,2,2,3.1,"346,2,2,3.1"
347,2,1,5.3,"347,2,1,5.3"
348,1,2,1.6,"348,1,2,1.6"
349,1,1,6.6,"349,1,1,6.6"
350,2,1,3.7,"350,2,1,3.7"
351,2,1,4.4,"351,2,1,4.4"
352,1,1,5.5,"352,1,1,5.5"
353,1,1,5.0,"353,1,1,5.0"
354,2,2,2.9,"354,2,2,2.9"
355,1,1,5.6,"355,1,1,5.6"
356,2,1,5.5,"356,2,1,5.5"
357,2,2,2.9,"357,2,2,2.9"
358,1,2,1.1,"358,1,2,1.1"
359,2,2,2.9,"359,2,2,2.9"
360,2,2,3.1,"360,2,2,3.1"
361,1,1,6.8,"361,1,1,6.8"
362,1,1,4.4,"362,1,1,4.4"
363,2,2,3.9,"363,2,2,3.9"
364,2,1,3.3,"364,2,1,3.3"
365,2,1,3.4,"365,2,1,3.4"
366,2,2,2.8,"366,2,2,2.8"
367,1,1,5.5,"367,1,1,5.5"
368,2,2,3.8,"368,2,2,3.8"
369,1,1,4.8,"369,1,1,4.8"
370,1,2,1.1,"370,1,2,1.1"
371,1,2,1.7,"371,1,2,1.7"
372,2,2,2.0,"372,2,2,2.0"
373,2,2,3.5,"373,2,2,3.5"
374,1,2,1.3,"374,1,2,1.3"
375,1,2,1.7,"375,1,2,1.7"
376,1,1,6.1,"376,1,1,6.1"
377,2,1,5.1,"377,2,1,5.1"
378,2,2,2.9,"378,2,2,2.9"
379,2,1,5.6,"379,2,1,5.6"
380,2,1,3.4,"380,2,1,3.4"
381,2,1,4.4,"381,2,1,4.4"
382,1,1,4.1,"382,1,1,4.1"
383,2,2,2.5,"383,2,2,2.5"
384,1,2,1.8,"384,1,2,1.8"
385,2,2,3.5,"385,2,2,3.5"
386,1,1,6.3,"386,1,1,6.3"
387,2,1,5.5,"387,2,1,5.5"
388,2,2,2.4,"388,2,2,2.4"
389,2,1,4.1,"389,2,1,4.1"
390,1,2,1.5,"390,1,2,1.5"
391,1,1,4.3,"391,1,1,4.3"
392,2,2,3.3,"392,2,2,3.3"
393,1,1,5.5,"393,1,1,5.5"
394,2,2,3.7,"394,2,2,3.7"
395,2,1,7.3,"395,2,1,7.3"
396,1,2,1.4,"396,1,2,1.4"
397,1,2,1.0,"397,1,2,1.0"
398,2,1,4.9,"398,2,1,4.9"
399,1,2,1.2,"399,1,2,1.2"
400,1,2,1.1,"400,1,2,1.1"
401,1,2,1.0,"401,1,2,1.0"
402,1,2,1.8,"402,1,2,1.8"
403,1,1,5.6,"403,1,1,5.6"
404,2,2,3.0,"404,2,2,3.0"
405,1,1,7.5,"405,1,1,7.5"
406,1,1,3.5,"406,1,1,3.5"
407,2,2,2.7,"407,2,2,2.7"
408,1,2,1.8,"408,1,2,1.8"
409,2,1,8.2,"409,2,1,8.2"
410,1,2,1.7,"410,1,2,1.7"
411,1,2,1.8,"411,1,2,1.8"
412,2,2,3.3,"412,2,2,3.3"
413,2,2,3.9,"413,2,2,3.9"
414,1,2,1.8,"414,1,2,1.8"
415,2,1,6.6,"415,2,1,6.6"
416,1,1,4.0,"416,1,1,4.0"
417,2,1,5.2,"417,2,1,5.2"
418,2,1,3.7,"418,2,1,3.7"
419,2,2,3.8,"419,2,2,3.8"
420,1,2,1.9,"420,1,2,1.9"
421,2,2,3.0,"421,2,2,3.0"
422,2,2,3.9,"422,2,2,3.9"
423,1,1,5.0,"423,1,1,5.0"
424,2,1,4.9,"424,2,1,4.9"
425,1,1,4.6,"425,1,1,4.6"
426,2,2,2.6,"426,2,2,2.6"
427,1,2,1.7,"427,1,2,1.7"
428,2,1,5.6,"428,2,1,5.6"
429,2,2,3.1,"429,2,2,3.1"
430,2,2,3.5,"430,2,2,3.5"
431,2,1,3.4,"431,2,1,3.4"
432,1,1,5.7,"432,1,1,5.7"
433,2,1,4.6,"433,2,1,4.6"
434,1,1,3.3,"434,1,1,3.3"
435,1,2,1.2,"435,1,2,1.2"
436,2,1,4.8,"436,2,1,4.8"
437,1,2,1.7,"437,1,2,1.7"
438,1,2,1.8,"438,1,2,1.8"
439,1,2,1.6,"439,1,2,1.6"
440,2,1,5.1,"440,2,1,5.1"
441,2,2,2.2,"441,2,2,2.2"
442,1,2,1.6,"442,1,2,1.6"
443,2,1,5.3,"443,2,1,5.3"
444,1,1,3.9,"444,1,1,3.9"
445,2,2,2.9,"445,2,2,2.9"
446,2,1,3.9,"446,2,1,3.9"
447,2,1,5.4,"447,2,1,5.4"
448,2,2,2.7,"448,2,2,2.7"
449,1,1,4.8,"449,1,1,4.8"
450,1,2,1.5,"450,1,2,1.5"
451,1,2,1.8,"451,1,2,1.8"
452,1,1,4.4,"452,1,1,4.4"
453,2,2,3.4,"453,2,2,3.4"
454,1,1,4.2,"454,1,1,4.2"
455,1,1,3.4,"455,1,1,3.4"
456,2,1,3.4,"456,2,1,3.4"
457,2,1,4.2,"457,2,1,4.2"
458,2,2,2.3,"458,2,2,2.3"
459,2,2,3.8,"459,2,2,3.8"
460,1,2,1.1,"460,1,2,1.1"
461,2,2,2.7,"461,2,2,2.7"
462,2,2,2.4,"462,2,2,2.4"
463,2,1,6.9,"463,2,1,6.9"
464,2,1,3.2,"464,2,1,3.2"
465,2,2,2.2,"465,2,2,2.2"
466,2,1,3.7,"466,2,1,3.7"
467,2,2,2.0,"467,2,2,2.0"
468,1,2,1.9,"468,1,2,1.9"
469,1,1,4.6,"469,1,1,4.6"
470,2,2,3.5,"470,2,2,3.5"
471,2,2,3.8,"471,2,2,3.8"
472,1,1,7.2,"472,1,1,7.2"
473,2,2,3.3,"473,2,2,3.3"
474,2,1,4.7,"474,2,1,4.7"
475,1,2,1.5,"475,1,2,1.5"
476,2,2,2.4,"476,2,2,2.4"
477,2,2,3.5,"477,2,2,3.5"
478,2,1,5.4,"478,2,1,5.4"
479,1,2,1.5,"479,1,2,1.5"
480,1,2,1.9,"480,1,2,1.9"
481,1,2,1.5,"481,1,2,1.5"
482,1,2,1.1,"482,1,2,1.1"
483,1,2,1.1,"483,1,2,1.1"
484,2,1,3.9,"484,2,1,3.9"
485,2,2,3.7,"485,2,2,3.7"
486,1,1,5.4,"486,1,1,5.4"
487,2,2,3.8,"487,2,2,3.8"
488,2,2,2.4,"488,2,2,2.4"
489,1,2,1.0,"489,1,2,1.0"
490,1,1,6.4,"490,1,1,6.4"
491,2,2,2.5,"491,2,2,2.5"
492,1,1,5.0,"492,1,1,5.0"
493,2,1,3.2,"493,2,1,3.2"
494,2,2,3.3,"494,2,2,3.3"
495,1,1,3.3,"495,1,1,3.3"
496,1,2,1.9,"496,1,2,1.9"
497,1,2,1.1,"497,1,2,1.1"
498,2,1,3.3,"498,2,1,3.3"
499,2,2,3.0,"499,2,2,3.0"
500,2,1,3.8,"500,2,1,3.8"
501,1,1,5.3,"501,1,1,5.3"
502,2,1,8.1,"502,2,1,8.1"
503,2,1,5.5,"503,2,1,5.5"
504,2,2,2.1,"504,2,2,2.1"
505,1,2,1.3,"505,1,2,1.3"
506,2,1,4.5,"506,2,1,4.5"
507,1,2,1.8,"507,1,2,1.8"
508,1,2,1.1,"508,1,2,1.1"
509,1,1,4.0,"509,1,1,4.0"
510,1,1,7.0,"510,1,1,7.0"
511,2,1,4.0,"511,2,1,4.0"
512,1,2,1.0,"512,1,2,1.0"
513,1,1,4.2,"513,1,1,4.2"
514,2,2,2.5,"514,2,2,2.5"
515,2,1,3.7,"515,2,1,3.7"
516,1,1,5.2,"516,1,1,5.2"
517,1,1,5.9,"517,1,1,5.9"
518,1,1,3.7,"518,1,1,3.7"
519,2,2,2.6,"519,2,2,2.6"
520,1,1,3.9,"520,1,1,3.9"
521,2,1,4.4,"521,2,1,4.4"
522,1,2,1.4,"522,1,2,1.4"
523,1,2,1.9,"523,1,2,1.9"
524,2,2,3.3,"524,2,2,3.3"
525,2,2,2.2,"525,2,2,2.2"
526,1,1,4.2,"526,1,1,4.2"
527,2,1,6.0,"527,2,1,6.0"
528,1,1,6.7,"528,1,1,6.7"
529,1,1,7.1,"529,1,1,7.1"
530,2,1,3.2,"530,2,1,3.2"
531,2,1,8.0,"531,2,1,8.0"
532,2,1,4.2,"532,2,1,4.2"
533,2,1,5.6,"533,2,1,5.6"
534,2,1,3.6,"534,2,1,3.6"
535,1,1,6.3,"535,1,1,6.3"
536,2,1,3.5,"536,2,1,3.5"
537,1,1,6.4,"537,1,1,6.4"
538,2,2,2.4,"538,2,2,2.4"
539,1,2,1.7,"539,1,2,1.7"
540,2,1,4.5,"540,2,1,4.5"
541,2,2,2.5,"541,2,2,2.5"
542,2,2,4.0,"542,2,2,4.0"
543,1,1,3.6,"543,1,1,3.6"
544,2,1,6.1,"544,2,1,6.1"
545,2,1,5.6,"545,2,1,5.6"
546,1,1,4.2,"546,1,1,4.2"
547,2,2,3.6,"547,2,2,3.6"
548,1,1,3.3,"548,1,1,3.3"
549,2,1,6.5,"549,2,1,6.5"
550,2,1,4.6,"550,2,1,4.6"
551,1,1,4.3,"551,1,1,4.3"
552,2,1,5.1,"552,2,1,5.1"
553,1,2,1.2,"553,1,2,1.2"
554,1,2,1.2,"554,1,2,1.2"
555,2,1,4.9,"555,2,1,4.9"
556,2,1,3.1,"556,2,1,3.1"
557,1,2,1.4,"557,1,2,1.4"
558,1,1,5.5,"558,1,1,5.5"
559,2,1,7.7,"559,2,1,7.7"
560,2,1,4.1,"560,2,1,4.1"
561,1,1,6.3,"561,1,1,6.3"
562,1,1,7.9,"562,1,1,7.9"
563,1,1,5.4,"563,1,1,5.4"
564,2,2,2.3,"564,2,2,2.3"
565,1,2,1.7,"565,1,2,1.7"
566,1,2,1.1,"566,1,2,1.1"
567,1,1,5.0,"567,1,1,5.0"
568,1,1,4.9,"568,1,1,4.9"
569,1,1,4.6,"569,1,1,4.6"
570,2,1,4.3,"570,2,1,4.3"
571,1,1,6.7,"571,1,1,6.7"
572,2,1,7.4,"572,2,1,7.4"
573,2,2,2.5,"573,2,2,2.5"
574,1,2,1.5,"574,1,2,1.5"
575,2,2,2.2,"575,2,2,2.2"
576,1,2,1.7,"576,1,2,1.7"
577,1,1,7.5,"577,1,1,7.5"
578,2,1,3.5,"578,2,1,3.5"
579,2,1,4.2,"579,2,1,4.2"
580,1,2,1.4,"580,1,2,1.4"
581,2,2,2.6,"581,2,2,2.6"
582,2,2,3.6,"582,2,2,3.6"
583,1,1,3.8,"583,1,1,3.8"
584,2,1,6.6,"584,2,1,6.6"
585,1,1,4.9,"585,1,1,4.9"
586,2,1,6.0,"586,2,1,6.0"
587,2,1,6.6,"587,2,1,6.6"
588,2,1,6.2,"588,2,1,6.2"
589,1,1,4.5,"589,1,1,4.5"
590,2,1,4.2,"590,2,1,4.2"
591,2,2,3.1,"591,2,2,3.1"
592,2,2,2.1,"592,2,2,2.1"
593,1,1,4.9,"593,1,1,4.9"
594,1,2,1.3,"594,1,2,1.3"
595,2,2,2.3,"595,2,2,2.3"
596,2,1,7.5,"596,2,1,7.5"
597,2,1,5.4,"597,2,1,5.4"
598,2,1,3.4,"598,2,1,3.4"
599,2,1,4.4,"599,2,1,4.4"
600,2,2,3.8,"600,2,2,3.8"
601,2,1,4.6,"601,2,1,4.6"
602,1,2,1.6,"602,1,2,1.6"
603,1,1,4.3,"603,1,1,4.3"
604,2,1,8.1,"604,2,1,8.1"
605,2,2,3.3,"605,2,2,3.3"
606,1,2,1.4,"606,1,2,1.4"
607,2,2,2.0,"607,2,2,2.0"
608,1,2,1.2,"608,1,2,1.2"
609,1,2,1.6,"609,1,2,1.6"
610,2,2,3.6,"610,2,2,3.6"
611,1,2,1.1,"611,1,2,1.1"
612,2,2,3.5,"612,2,2,3.5"
613,1,1,4.3,"613,1,1,4.3"
614,2,1,4.0,"614,2,1,4.0"
615,1,1,4.0,"615,1,1,4.0"
616,2,2,2.2,"616,2,2,2.2"
617,2,1,3.7,"617,2,1,3.7"
618,2,1,4.3,"618,2,1,4.3"
619,2,1,3.2,"619,2,1,3.2"
620,2,2,2.3,"620,2,2,2.3"
621,1,2,1.8,"621,1,2,1.8"
622,1,1,3.8,"622,1,1,3.8"
623,1,1,4.9,"623,1,1,4.9"
624,2,1,3.4,"624,2,1,3.4"
625,1,2,1.1,"625,1,2,1.1"
626,2,2,3.7,"626,2,2,3.7"
627,2,1,4.6,"627,2,1,4.6"
628,1,2,1.5,"628,1,2,1.5"
629,1,2,1.7,"629,1,2,1.7"
630,1,2,1.6,"630,1,2,1.6"
631,1,1,3.9,"631,1,1,3.9"
632,2,1,3.7,"632,2,1,3.7"
633,1,1,4.2,"633,1,1,4.2"
634,1,1,3.5,"634,1,1,3.5"
635,2,1,7.5,"635,2,1,7.5"
636,1,1,4.9,"636,1,1,4.9"
637,2,1,6.2,"637,2,1,6.2"
638,2,1,4.4,"638,2,1,4.4"
639,2,1,6.2,"639,2,1,6.2"
640,1,1,5.4,"640,1,1,5.4"
641,2,2,3.2,"641,2,2,3.2"
642,1,1,4.4,"642,1,1,4.4"
643,1,2,1.4,"643,1,2,1.4"
644,1,1,3.4,"644,1,1,3.4"
645,1,2,1.2,"645,1,2,1.2"
646,2,1,7.1,"646,2,1,7.1"
647,2,1,6.5,"647,2,1,6.5"
648,2,2,3.3,"648,2,2,3.3"
649,2,1,7.6,"649,2,1,7.6"
650,2,2,3.1,"650,2,2,3.1"
651,1,2,1.3,"651,1,2,1.3"
652,1,2,2.0,"652,1,2,2.0"
653,1,2,1.6,"653,1,2,1.6"
654,2,1,4.7,"654,2,1,4.7"
655,1,1,3.9,"655,1,1,3.9"
656,2,2,2.2,"656,2,2,2.2"
657,1,2,1.8,"657,1,2,1.8"
658,1,2,1.8,"658,1,2,1.8"
659,2,1,3.3,"659,2,1,3.3"
660,1,2,1.3,"660,1,2,1.3"
661,2,1,3.5,"661,2,1,3.5"
662,2,2,3.6,"662,2,2,3.6"
663,1,1,3.3,"663,1,1,3.3"
664,1,2,1.1,"664,1,2,1.1"
665,1,1,4.9,"665,1,1,4.9"
666,1,1,3.4,"666,1,1,3.4"
667,1,1,4.2,"667,1,1,4.2"
668,1,2,2.0,"668,1,2,2.0"
669,1,2,1.0,"669,1,2,1.0"
670,1,1,7.0,"670,1,1,7.0"
671,1,1,7.0,"671,1,1,7.0"
672,1,1,5.2,"672,1,1,5.2"
673,2,1,3.8,"673,2,1,3.8"
674,2,1,4.5,"674,2,1,4.5"
675,1,2,1.0,"675,1,2,1.0"
676,2,1,7.0,"676,2,1,7.0"
677,1,2,1.6,"677,1,2,1.6"
678,2,2,3.5,"678,2,2,3.5"
679,2,1,4.9,"679,2,1,4.9"
680,1,1,7.5,"680,1,1,7.5"
681,2,1,5.8,"681,2,1,5.8"
682,2,1,6.0,"682,2,1,6.0"
683,1,1,5.2,"683,1,1,5.2"
684,2,2,2.0,"684,2,2,2.0"
685,1,1,3.2,"685,1,1,3.2"
686,1,1,6.1,"686,1,1,6.1"
687,1,2,1.4,"687,1,2,1.4"
688,1,2,1.3,"688,1,2,1.3"
689,2,1,6.9,"689,2,1,6.9"
690,1,1,4.2,"690,1,1,4.2"
691,2,1,3.3,"691,2,1,3.3"
692,1,1,3.6,"692,1,1,3.6"
693,2,2,2.2,"693,2,2,2.2"
694,2,2,2.5,"694,2,2,2.5"
695,2,1,4.8,"695,2,1,4.8"
696,2,2,3.0,"696,2,2,3.0"
697,1,1,4.4,"697,1,1,4.4"
698,2,1,4.9,"698,2,1,4.9"
699,2,2,2.7,"699,2,2,2.7"
700,2,2,2.4,"700,2,2,2.4"
701,1,1,3.8,"701,1,1,3.8"
702,1,1,4.1,"702,1,1,4.1"
703,1,2,1.7,"703,1,2,1.7"
704,1,1,3.5,"704,1,1,3.5"
705,1,1,4.5,"705,1,1,4.5"
706,1,2,1.3,"706,1,2,1.3"
707,2,2,3.0,"707,2,2,3.0"
708,1,1,7.6,"708,1,1,7.6"
709,1,2,1.5,"709,1,2,1.5"
710,1,2,1.4,"710,1,2,1.4"
711,2,2,2.1,"711,2,2,2.1"
712,2,2,3.7,"712,2,2,3.7"
713,1,2,1.1,"713,1,2,1.1"
714,2,2,2.1,"714,2,2,2.1"
715,2,2,3.5,"715,2,2,3.5"
716,2,2,3.8,"716,2,2,3.8"
717,1,2,1.2,"717,1,2,1.2"
718,2,1,8.1,"718,2,1,8.1"
719,1,2,1.2,"719,1,2,1.2"
720,1,2,1.4,"720,1,2,1.4"
721,2,2,3.1,"721,2,2,3.1"
722,1,1,5.2,"722,1,1,5.2"
723,2,1,4.1,"723,2,1,4.1"
724,2,2,2.5,"724,2,2,2.5"
725,2,1,6.2,"725,2,1,6.2"
726,1,2,1.8,"726,1,2,1.8"
727,1,2,1.1,"727,1,2,1.1"
728,1,2,1.2,"728,1,2,1.2"
729,1,2,1.5,"729,1,2,1.5"
730,1,2,1.6,"730,1,2,1.6"
731,1,2,1.8,"731,1,2,1.8"
732,1,1,4.5,"732,1,1,4.5"
733,1,1,3.7,"733,1,1,3.7"
734,2,2,2.0,"734,2,2,2.0"
735,1,2,1.4,"735,1,2,1.4"
736,2,2,2.2,"736,2,2,2.2"
737,1,2,1.5,"737,1,2,1.5"
738,1,2,1.9,"738,1,2,1.9"
739,2,2,2.9,"739,2,2,2.9"
740,2,1,3.9,"740,2,1,3.9"
741,2,1,3.8,"741,2,1,3.8"
742,1,2,1.5,"742,1,2,1.5"
743,1,2,1.3,"743,1,2,1.3"
744,2,1,5.1,"744,2,1,5.1"
745,1,2,1.2,"745,1,2,1.2"
746,1,1,4.8,"746,1,1,4.8"
747,2,2,3.2,"747,2,2,3.2"
748,1,1,4.8,"748,1,1,4.8"
749,2,1,3.6,"749,2,1,3.6"
750,2,1,3.3,"750,2,1,3.3"
751,1,2,1.7,"751,1,2,1.7"
752,1,2,1.2,"752,1,2,1.2"
753,1,1,5.7,"753,1,1,5.7"
754,1,1,7.6,"754,1,1,7.6"
755,1,2,1.0,"755,1,2,1.0"
756,2,2,3.7,"756,2,2,3.7"
757,2,1,5.5,"757,2,1,5.5"
758,1,1,4.6,"758,1,1,4.6"
759,1,1,3.8,"759,1,1,3.8"
760,2,2,2.1,"760,2,2,2.1"
761,1,2,1.8,"761,1,2,1.8"
762,1,1,3.3,"762,1,1,3.3"
763,2,2,3.5,"763,2,2,3.5"
764,1,2,1.3,"764,1,2,1.3"
765,1,1,5.5,"765,1,1,5.5"
766,1,1,8.0,"766,1,1,8.0"
767,1,2,1.6,"767,1,2,1.6"
768,2,1,4.4,"768,2,1,4.4"
769,2,2,2.9,"769,2,2,2.9"
770,2,2,3.9,"770,2,2,3.9"
771,1,1,6.1,"771,1,1,6.1"
772,2,1,6.7,"772,2,1,6.7"
773,1,1,4.5,"773,1,1,4.5"
774,1,2,1.6,"774,1,2,1.6"
775,2,1,4.9,"775,2,1,4.9"
776,2,1,6.2,"776,2,1,6.2"
777,1,1,5.2,"777,1,1,5.2"
778,2,2,4.0,"778,2,2,4.0"
779,2,2,3.9,"779,2,2,3.9"
780,1,1,4.9,"780,1,1,4.9"
781,2,1,4.1,"781,2,1,4.1"
782,2,2,3.4,"782,2,2,3.4"
783,2,1,3.7,"783,2,1,3.7"
784,2,1,4.1,"784,2,1,4.1"
785,2,2,3.4,"785,2,2,3.4"
786,2,2,2.3,"786,2,2,2.3"
787,1,1,4.4,"787,1,1,4.4"
788,1,2,1.4,"788,1,2,1.4"
789,2,2,2.0,"789,2,2,2.0"
790,1,2,1.4,"790,1,2,1.4"
791,2,1,5.0,"791,2,1,5.0"
792,2,1,4.5,"792,2,1,4.5"
793,2,1,4.4,"793,2,1,4.4"
794,1,2,1.8,"794,1,2,1.8"
795,2,1,3.3,"795,2,1,3.3"
796,2,2,2.2,"796,2,2,2.2"
797,1,1,4.5,"797,1,1,4.5"
798,2,2,2.2,"798,2,2,2.2"
799,1,2,1.2,"799,1,2,1.2"
800,1,2,1.8,"800,1,2,1.8"
801,2,1,7.1,"801,2,1,7.1"
802,2,2,3.6,"802,2,2,3.6"
803,2,1,5.6,"803,2,1,5.6"
804,1,1,3.8,"804,1,1,3.8"
805,2,1,3.3,"805,2,1,3.3"
806,1,1,5.5,"806,1,1,5.5"
807,1,2,1.5,"807,1,2,1.5"
808,2,1,3.6,"808,2,1,3.6"
809,2,1,3.5,"809,2,1,3.5"
810,1,1,5.2,"810,1,1,5.2"
811,1,2,1.6,"811,1,2,1.6"
812,2,1,4.3,"812,2,1,4.3"
813,2,2,3.7,"813,2,2,3.7"
814,2,2,2.7,"814,2,2,2.7"
815,2,1,4.8,"815,2,1,4.8"
816,2,2,2.7,"816,2,2,2.7"
817,2,1,5.0,"817,2,1,5.0"
818,2,2,3.2,"818,2,2,3.2"
819,2,1,3.5,"819,2,1,3.5"
820,1,1,5.1,"820,1,1,5.1"
821,2,2,3.3,"821,2,2,3.3"
822,2,1,5.1,"822,2,1,5.1"
823,2,2,3.1,"823,2,2,3.1"
824,1,1,6.5,"824,1,1,6.5"
825,1,2,1.5,"825,1,2,1.5"
826,1,1,4.5,"826,1,1,4.5"
827,1,2,1.5,"827,1,2,1.5"
828,1,1,5.7,"828,1,1,5.7"
829,1,1,4.0,"829,1,1,4.0"
830,1,2,1.8,"830,1,2,1.8"
831,2,2,3.9,"831,2,2,3.9"
832,2,1,4.4,"832,2,1,4.4"
833,1,2,1.0,"833,1,2,1.0"
834,1,1,4.5,"834,1,1,4.5"
835,2,1,8.1,"835,2,1,8.1"
836,1,1,3.4,"836,1,1,3.4"
837,2,2,3.3,"837,2,2,3.3"
838,1,1,5.5,"838,1,1,5.5"
839,2,1,3.6,"839,2,1,3.6"
840,2,1,3.2,"840,2,1,3.2"
841,2,2,2.1,"841,2,2,2.1"
842,1,2,1.8,"842,1,2,1.8"
843,1,2,1.1,"843,1,2,1.1"
844,2,2,3.1,"844,2,2,3.1"
845,1,1,5.2,"845,1,1,5.2"
846,1,1,6.7,"846,1,1,6.7"
847,2,2,2.1,"847,2,2,2.1"
848,1,2,1.5,"848,1,2,1.5"
849,2,1,5.3,"849,2,1,5.3"
850,1,2,1.7,"850,1,2,1.7"
851,2,1,7.5,"851,2,1,7.5"
852,1,1,7.4,"852,1,1,7.4"
853,1,2,1.4,"853,1,2,1.4"
854,2,2,3.3,"854,2,2,3.3"
855,1,2,1.8,"855,1,2,1.8"
856,2,1,3.7,"856,2,1,3.7"
857,2,2,2.3,"857,2,2,2.3"
858,2,1,7.2,"858,2,1,7.2"
859,1,2,1.5,"859,1,2,1.5"
860,2,1,4.3,"860,2,1,4.3"
861,1,2,1.5,"861,1,2,1.5"
862,1,2,1.8,"862,1,2,1.8"
863,2,1,4.5,"863,2,1,4.5"
864,1,2,1.7,"864,1,2,1.7"
865,1,2,1.8,"865,1,2,1.8"
866,1,2,1.9,"866,1,2,1.9"
867,1,1,3.5,"867,1,1,3.5"
868,1,1,4.3,"868,1,1,4.3"
869,1,2,1.4,"869,1,2,1.4"
870,2,2,3.1,"870,2,2,3.1"
871,2,1,4.6,"871,2,1,4.6"
872,1,1,6.1,"872,1,1,6.1"
873,2,1,5.6,"873,2,1,5.6"
874,1,2,1.5,"874,1,2,1.5"
875,2,1,7.2,"875,2,1,7.2"
876,2,1,6.4,"876,2,1,6.4"
877,2,2,2.1,"877,2,2,2.1"
878,1,1,5.3,"878,1,1,5.3"
879,1,2,1.6,"879,1,2,1.6"
880,1,1,4.5,"880,1,1,4.5"
881,1,1,6.0,"881,1,1,6.0"
882,1,2,1.5,"882,1,2,1.5"
883,1,2,1.4,"883,1,2,1.4"
884,2,1,5.5,"884,2,1,5.5"
885,1,1,5.9,"885,1,1,5.9"
886,2,1,4.5,"886,2,1,4.5"
887,2,2,3.9,"887,2,2,3.9"
888,1,2,1.4,"888,1,2,1.4"
889,2,2,2.4,"889,2,2,2.4"
890,2,2,2.1,"890,2,2,2.1"
891,2,1,3.7,"891,2,1,3.7"
892,2,2,3.5,"892,2,2,3.5"
893,1,2,1.6,"893,1,2,1.6"
894,1,1,6.1,"894,1,1,6.1"
895,2,2,2.1,"895,2,2,2.1"
896,1,2,1.2,"896,1,2,1.2"
897,1,2,1.2,"897,1,2,1.2"
898,1,1,3.8,"898,1,1,3.8"
899,2,2,2.7,"899,2,2,2.7"
900,2,2,3.2,"900,2,2,3.2"
901,2,1,3.6,"901,2,1,3.6"
902,1,2,1.5,"902,1,2,1.5"
903,2,1,3.8,"903,2,1,3.8"
904,1,2,1.8,"904,1,2,1.8"
905,1,2,1.1,"905,1,2,1.1"
906,2,1,4.7,"906,2,1,4.7"
907,1,2,1.5,"907,1,2,1.5"
908,2,1,3.9,"908,2,1,3.9"
909,1,1,5.0,"909,1,1,5.0"
910,1,2,1.3,"910,1,2,1.3"
911,1,2,1.4,"911,1,2,1.4"
912,2,1,7.0,"912,2,1,7.0"
913,1,1,5.4,"913,1,1,5.4"
914,2,1,5.0,"914,2,1,5.0"
915,1,1,7.2,"915,1,1,7.2"
916,2,2,2.3,"916,2,2,2.3"
917,1,1,6.2,"917,1,1,6.2"
918,2,2,2.8,"918,2,2,2.8"
919,1,2,1.7,"919,1,2,1.7"
920,1,1,5.3,"920,1,1,5.3"
921,2,1,3.7,"921,2,1,3.7"
922,1,1,3.3,"922,1,1,3.3"
923,2,2,2.9,"923,2,2,2.9"
924,1,2,1.9,"924,1,2,1.9"
925,2,2,2.6,"925,2,2,2.6"
926,1,2,1.1,"926,1,2,1.1"
927,1,2,1.0,"927,1,2,1.0"
928,1,2,1.0,"928,1,2,1.0"
929,2,2,2.3,"929,2,2,2.3"
930,2,1,4.4,"930,2,1,4.4"
931,1,2,1.6,"931,1,2,1.6"
932,1,2,1.9,"932,1,2,1.9"
933,1,2,1.3,"933,1,2,1.3"
934,1,1,5.4,"934,1,1,5.4"
935,2,1,4.7,"935,2,1,4.7"
936,2,1,5.5,"936,2,1,5.5"
937,2,1,6.2,"937,2,1,6.2"
938,2,2,3.5,"938,2,2,3.5"
939,1,2,1.8,"939,1,2,1.8"
940,2,1,5.3,"940,2,1,5.3"
941,2,2,3.6,"941,2,2,3.6"
942,2,2,2.6,"942,2,2,2.6"
943,2,1,6.3,"943,2,1,6.3"
944,1,2,1.7,"944,1,2,1.7"
945,2,2,3.1,"945,2,2,3.1"
946,1,1,3.8,"946,1,1,3.8"
947,1,2,1.6,"947,1,2,1.6"
948,1,2,1.8,"948,1,2,1.8"
949,2,2,2.5,"949,2,2,2.5"
950,2,1,4.7,"950,2,1,4.7"
951,2,2,2.4,"951,2,2,2.4"
952,1,2,1.3,"952,1,2,1.3"
953,1,1,4.2,"953,1,1,4.2"
954,1,2,1.3,"954,1,2,1.3"
955,2,1,5.3,"955,2,1,5.3"
956,2,1,5.2,"956,2,1,5.2"
957,2,2,2.4,"957,2,2,2.4"
958,2,2,3.2,"958,2,2,3.2"
959,1,1,3.6,"959,1,1,3.6"
960,2,2,2.9,"960,2,2,2.9"
961,2,1,7.9,"961,2,1,7.9"
962,2,1,5.4,"962,2,1,5.4"
963,1,1,3.4,"963,1,1,3.4"
964,1,1,3.5,"964,1,1,3.5"
965,1,2,2.0,"965,1,2,2.0"
966,1,2,2.0,"966,1,2,2.0"
967,2,2,2.4,"967,2,2,2.4"
968,1,1,4.5,"968,1,1,4.5"
969,1,2,1.4,"969,1,2,1.4"
970,2,1,7.2,"970,2,1,7.2"
971,1,2,1.7,"971,1,2,1.7"
972,2,2,2.4,"972,2,2,2.4"
973,1,1,5.8,"973,1,1,5.8"
974,2,2,2.6,"974,2,2,2.6"
975,2,1,6.2,"975,2,1,6.2"
976,2,1,4.8,"976,2,1,4.8"
977,2,1,5.2,"977,2,1,5.2"
978,2,1,4.8,"978,2,1,4.8"
979,1,1,7.2,"979,1,1,7.2"
980,2,1,7.4,"980,2,1,7.4"
981,2,2,2.3,"981,2,2,2.3"
982,2,1,4.7,"982,2,1,4.7"
983,2,2,2.3,"983,2,2,2.3"
984,1,2,1.2,"984,1,2,1.2"
985,2,2,3.3,"985,2,2,3.3"
986,1,1,6.2,"986,1,1,6.2"
987,1,1,3.9,"987,1,1,3.9"
988,2,1,4.9,"988,2,1,4.9"
989,1,1,5.0,"989,1,1,5.0"
990,1,1,3.3,"990,1,1,3.3"
991,2,1,5.8,"991,2,1,5.8"
992,2,2,2.7,"992,2,2,2.7"
993,1,1,3.4,"993,1,1,3.4"
994,2,1,4.8,"994,2,1,4.8"
995,2,1,4.1,"995,2,1,4.1"
996,2,1,4.9,"996,2,1,4.9"
997,2,2,2.0,"997,2,2,2.0"
998,1,2,2.0,"998,1,2,2.0"
999,1,1,5.0,"999,1,1,5.0"
1000,2,1,3.3,"1000,2,1,3.3"
1001,1,2,2.0,"1001,1,2,2.0"
1002,2,2,2.1,"1002,2,2,2.1"
1003,1,1,5.6,"1003,1,1,5.6"
1004,2,2,2.2,"1004,2,2,2.2"
1005,1,2,1.2,"1005,1,2,1.2"
1006,1,1,5.4,"1006,1,1,5.4"
1007,2,1,3.3,"1007,2,1,3.3"
1008,1,1,4.7,"1008,1,1,4.7"
1009,1,1,4.9,"1009,1,1,4.9"
1010,2,1,5.7,"1010,2,1,5.7"
1011,2,1,5.1,"1011,2,1,5.1"
1012,2,2,3.5,"1012,2,2,3.5"
1013,2,1,5.0,"1013,2,1,5.0"
1014,2,2,2.2,"1014,2,2,2.2"
1015,1,2,1.1,"1015,1,2,1.1"
1016,2,2,3.5,"1016,2,2,3.5"
1017,1,1,4.6,"1017,1,1,4.6"
1018,2,1,3.5,"1018,2,1,3.5"
1019,2,1,5.6,"1019,2,1,5.6"
1020,1,1,4.3,"1020,1,1,4.3"
1021,1,1,5.5,"1021,1,1,5.5"
1022,1,1,3.7,"1022,1,1,3.7"
1023,1,2,1.5,"1023,1,2,1.5"
1024,2,1,5.6,"1024,2,1,5.6"
1025,2,2,3.6,"1025,2,2,3.6"
1026,1,2,1.4,"1026,1,2,1.4"
1027,2,2,2.3,"1027,2,2,2.3"
1028,1,2,1.2,"1028,1,2,1.2"
1029,2,2,2.5,"1029,2,2,2.5"
1030,2,1,3.8,"1030,2,1,3.8"
1031,1,2,1.7,"1031,1,2,1.7"
1032,1,2,1.8,"1032,1,2,1.8"
1033,1,1,7.8,"1033,1,1,7.8"
1034,2,1,4.3,"1034,2,1,4.3"
1035,2,2,3.2,"1035,2,2,3.2"
1036,1,1,4.3,"1036,1,1,4.3"
1037,2,2,3.0,"1037,2,2,3.0"
1038,2,2,2.6,"1038,2,2,2.6"
1039,1,1,4.2,"1039,1,1,4.2"
1040,2,2,3.8,"1040,2,2,3.8"
1041,2,2,2.7,"1041,2,2,2.7"
1042,2,1,4.9,"1042,2,1,4.9"
1043,1,1,3.4,"1043,1,1,3.4"
1044,2,2,3.8,"1044,2,2,3.8"
1045,1,1,7.5,"1045,1,1,7.5"
1046,2,2,2.8,"1046,2,2,2.8"
1047,1,1,4.7,"1047,1,1,4.7"
1048,2,1,6.8,"1048,2,1,6.8"
1049,1,1,5.7,"1049,1,1,5.7"
1050,1,2,1.4,"1050,1,2,1.4"
1051,1,2,1.6,"1051,1,2,1.6"
1052,2,1,3.8,"1052,2,1,3.8"
1053,2,1,6.2,"1053,2,1,6.2"
1054,1,1,7.6,"1054,1,1,7.6"
1055,2,2,2.8,"1055,2,2,2.8"
1056,2,2,3.3,"1056,2,2,3.3"
1057,1,2,1.6,"1057,1,2,1.6"
1058,2,2,4.0,"1058,2,2,4.0"
1059,1,2,1.9,"1059,1,2,1.9"
1060,2,1,4.7,"1060,2,1,4.7"
1061,1,1,3.3,"1061,1,1,3.3"
1062,1,1,5.6,"1062,1,1,5.6"
1063,2,1,3.3,"1063,2,1,3.3"
1064,1,2,1.2,"1064,1,2,1.2"
1065,1,1,5.7,"1065,1,1,5.7"
1066,2,2,2.4,"1066,2,2,2.4"
1067,2,1,3.3,"1067,2,1,3.3"
1068,1,1,5.5,"1068,1,1,5.5"
1069,2,2,2.5,"1069,2,2,2.5"
1070,1,1,5.3,"1070,1,1,5.3"
1071,1,2,1.1,"1071,1,2,1.1"
1072,1,1,5.4,"1072,1,1,5.4"
1073,2,2,2.6,"1073,2,2,2.6"
1074,2,1,4.9,"1074,2,1,4.9"
1075,2,1,3.5,"1075,2,1,3.5"
1076,1,1,4.5,"1076,1,1,4.5"
1077,2,2,3.5,"1077,2,2,3.5"
1078,2,1,4.5,"1078,2,1,4.5"
1079,1,1,5.6,"1079,1,1,5.6"
1080,1,2,1.5,"1080,1,2,1.5"
1081,2,2,3.0,"1081,2,2,3.0"
1082,2,1,6.1,"1082,2,1,6.1"
1083,2,2,3.6,"1083,2,2,3.6"
1084,2,2,2.1,"1084,2,2,2.1"
1085,2,2,3.4,"1085,2,2,3.4"
1086,2,1,3.7,"1086,2,1,3.7"
1087,2,2,3.9,"1087,2,2,3.9"
1088,1,1,4.6,"1088,1,1,4.6"
1089,2,2,2.2,"1089,2,2,2.2"
1090,2,2,3.8,"1090,2,2,3.8"
1091,1,2,1.8,"1091,1,2,1.8"
1092,1,2,1.4,"1092,1,2,1.4"
1093,2,1,5.5,"1093,2,1,5.5"
1094,1,1,3.9,"1094,1,1,3.9"
1095,2,2,4.0,"1095,2,2,4.0"
1096,1,1,6.7,"1096,1,1,6.7"
1097,2,1,6.0,"1097,2,1,6.0"
1098,2,1,6.0,"1098,2,1,6.0"
1099,1,1,3.8,"1099,1,1,3.8"
1100,2,2,3.3,"1100,2,2,3.3"
1101,1,1,8.0,"1101,1,1,8.0"
1102,1,2,1.6,"1102,1,2,1.6"
1103,2,2,2.4,"1103,2,2,2.4"
1104,1,1,5.1,"1104,1,1,5.1"
1105,2,1,3.2,"1105,2,1,3.2"
1106,2,2,3.7,"1106,2,2,3.7"
1107,1,1,6.0,"1107,1,1,6.0"
1108,2,1,4.2,"1108,2,1,4.2"
1109,2,1,3.9,"1109,2,1,3.9"
1110,1,1,7.6,"1110,1,1,7.6"
1111,2,2,3.5,"1111,2,2,3.5"
1112,1,2,1.8,"1112,1,2,1.8"
1113,2,1,5.8,"1113,2,1,5.8"
1114,2,2,3.0,"1114,2,2,3.0"
1115,1,2,1.1,"1115,1,2,1.1"
1116,2,1,4.7,"1116,2,1,4.7"
1117,2,1,3.8,"1117,2,1,3.8"
1118,2,1,4.5,"1118,2,1,4.5"
1119,1,2,1.9,"1119,1,2,1.9"
1120,2,1,3.4,"1120,2,1,3.4"
1121,1,1,3.2,"1121,1,1,3.2"
1122,2,2,2.3,"1122,2,2,2.3"
1123,2,1,5.0,"1123,2,1,5.0"
1124,1,2,1.8,"1124,1,2,1.8"
1125,2,2,3.7,"1125,2,2,3.7"
1126,1,2,1.2,"1126,1,2,1.2"
1127,2,1,3.7,"1127,2,1,3.7"
1128,1,1,4.3,"1128,1,1,4.3"
1129,1,1,4.3,"1129,1,1,4.3"
1130,1,1,5.9,"1130,1,1,5.9"
1131,1,1,5.9,"1131,1,1,5.9"
1132,1,2,1.8,"1132,1,2,1.8"
1133,2,1,7.4,"1133,2,1,7.4"
1134,1,1,3.2,"1134,1,1,3.2"
1135,2,1,4.5,"1135,2,1,4.5"
1136,2,2,2.9,"1136,2,2,2.9"
1137,1,2,1.9,"1137,1,2,1.9"
1138,2,1,5.1,"1138,2,1,5.1"
1139,1,1,3.4,"1139,1,1,3.4"
1140,1,2,1.1,"1140,1,2,1.1"
1141,2,2,3.6,"1141,2,2,3.6"
1142,2,1,3.1,"1142,2,1,3.1"
1143,1,1,4.9,"1143,1,1,4.9"
1144,1,1,6.0,"1144,1,1,6.0"
1145,1,1,3.7,"1145,1,1,3.7"
1146,1,1,4.6,"1146,1,1,4.6"
1147,2,2,2.8,"1147,2,2,2.8"
1148,2,2,2.3,"1148,2,2,2.3"
1149,1,1,4.9,"1149,1,1,4.9"
1150,2,2,2.3,"1150,2,2,2.3"
1151,1,1,4.8,"1151,1,1,4.8"
1152,2,1,5.0,"1152,2,1,5.0"
1153,1,1,4.4,"1153,1,1,4.4"
1154,2,1,5.2,"1154,2,1,5.2"
1155,1,2,1.3,"1155,1,2,1.3"
1156,2,2,3.6,"1156,2,2,3.6"
1157,2,1,3.4,"1157,2,1,3.4"
1158,2,1,5.3,"1158,2,1,5.3"
1159,2,1,4.5,"1159,2,1,4.5"
1160,1,1,4.7,"1160,1,1,4.7"
1161,1,1,4.9,"1161,1,1,4.9"
1162,1,2,1.8,"1162,1,2,1.8"
1163,1,2,1.9,"1163,1,2,1.9"
1164,2,1,5.1,"1164,2,1,5.1"
1165,1,2,1.4,"1165,1,2,1.4"
1166,1,1,6.1,"1166,1,1,6.1"
1167,1,1,4.6,"1167,1,1,4.6"
1168,1,1,5.2,"1168,1,1,5.2"
1169,2,1,4.6,"1169,2,1,4.6"
1170,2,1,5.3,"1170,2,1,5.3"
1171,2,2,2.3,"1171,2,2,2.3"
1172,1,1,5.8,"1172,1,1,5.8"
1173,2,1,7.8,"1173,2,1,7.8"
1174,1,2,1.8,"1174,1,2,1.8"
1175,2,1,6.1,"1175,2,1,6.1"
1176,2,1,6.3,"1176,2,1,6.3"
1177,2,2,2.7,"1177,2,2,2.7"
1178,1,1,8.2,"1178,1,1,8.2"
1179,1,2,1.5,"1179,1,2,1.5"
1180,1,1,3.7,"1180,1,1,3.7"
1181,1,2,1.5,"1181,1,2,1.5"
1182,2,2,3.1,"1182,2,2,3.1"
1183,2,1,4.6,"1183,2,1,4.6"
1184,1,2,1.6,"1184,1,2,1.6"
1185,1,1,3.9,"1185,1,1,3.9"
1186,1,2,1.7,"1186,1,2,1.7"
1187,2,2,3.4,"1187,2,2,3.4"
1188,2,1,8.0,"1188,2,1,8.0"
1189,1,1,4.4,"1189,1,1,4.4"
1190,2,1,5.5,"1190,2,1,5.5"
1191,1,1,4.2,"1191,1,1,4.2"
1192,2,2,3.6,"1192,2,2,3.6"
1193,2,1,6.2,"1193,2,1,6.2"
1194,2,1,5.4,"1194,2,1,5.4"
1195,2,2,2.5,"1195,2,2,2.5"
1196,2,1,4.1,"1196,2,1,4.1"
1197,2,1,4.3,"1197,2,1,4.3"
1198,2,2,2.7,"1198,2,2,2.7"
1199,1,2,1.4,"1199,1,2,1.4"
1200,1,1,5.0,"1200,1,1,5.0"
1201,1,2,1.1,"1201,1,2,1.1"
1202,1,1,5.4,"1202,1,1,5.4"
1203,1,1,5.8,"1203,1,1,5.8"
1204,1,2,1.4,"1204,1,2,1.4"
1205,2,1,5.4,"1205,2,1,5.4"
1206,2,1,5.9,"1206,2,1,5.9"
1207,1,1,4.6,"1207,1,1,4.6"
1208,1,2,1.8,"1208,1,2,1.8"
1209,1,2,1.4,"1209,1,2,1.4"
1210,1,1,5.7,"1210,1,1,5.7"
1211,1,2,1.1,"1211,1,2,1.1"
1212,1,2,1.1,"1212,1,2,1.1"
1213,2,1,5.5,"1213,2,1,5.5"
1214,1,1,4.8,"1214,1,1,4.8"
1215,1,2,1.2,"1215,1,2,1.2"
1216,2,1,4.7,"1216,2,1,4.7"
1217,2,1,4.8,"1217,2,1,4.8"
1218,2,2,3.7,"1218,2,2,3.7"
1219,2,2,3.0,"1219,2,2,3.0"
1220,1,1,7.1,"1220,1,1,7.1"
1221,1,2,1.2,"1221,1,2,1.2"
1222,1,2,1.7,"1222,1,2,1.7"
1223,2,2,2.8,"1223,2,2,2.8"
1224,1,2,1.9,"1224,1,2,1.9"
1225,2,2,2.3,"1225,2,2,2.3"
1226,1,1,5.6,"1226,1,1,5.6"
1227,1,2,1.8,"1227,1,2,1.8"
1228,2,1,4.8,"1228,2,1,4.8"
1229,2,1,6.0,"1229,2,1,6.0"
1230,1,2,1.5,"1230,1,2,1.5"
1231,1,1,4.6,"1231,1,1,4.6"
1232,2,2,3.0,"1232,2,2,3.0"
1233,2,2,2.4,"1233,2,2,2.4"
1234,1,2,1.5,"1234,1,2,1.5"
1235,1,1,4.2,"1235,1,1,4.2"
1236,1,2,1.6,"1236,1,2,1.6"
1237,2,2,3.4,"1237,2,2,3.4"
1238,1,2,1.4,"1238,1,2,1.4"
1239,2,2,2.2,"1239,2,2,2.2"
1240,2,1,3.4,"1240,2,1,3.4"
1241,2,2,3.0,"1241,2,2,3.0"
1242,1,1,4.8,"1242,1,1,4.8"
1243,2,2,2.1,"1243,2,2,2.1"
1244,2,1,3.8,"1244,2,1,3.8"
1245,1,2,1.1,"1245,1,2,1.1"
1246,1,2,1.6,"1246,1,2,1.6"
1247,1,2,1.2,"1247,1,2,1.2"
1248,1,1,3.8,"1248,1,1,3.8"
1249,1,1,4.5,"1249,1,1,4.5"
1250,2,2,3.1,"1250,2,2,3.1"
1251,1,2,1.7,"1251,1,2,1.7"
1252,1,1,5.8,"1252,1,1,5.8"
1253,2,2,3.9,"1253,2,2,3.9"
1254,2,1,3.3,"1254,2,1,3.3"
1255,1,2,1.4,"1255,1,2,1.4"
1256,2,1,4.3,"1256,2,1,4.3"
1257,2,1,5.1,"1257,2,1,5.1"
1258,1,1,5.1,"1258,1,1,5.1"
1259,2,1,4.6,"1259,2,1,4.6"
1260,2,2,3.5,"1260,2,2,3.5"
1261,2,1,5.9,"1261,2,1,5.9"
1262,2,2,3.6,"1262,2,2,3.6"
1263,1,2,1.5,"1263,1,2,1.5"
1264,1,1,3.4,"1264,1,1,3.4"
1265,2,2,2.4,"1265,2,2,2.4"
1266,2,1,3.6,"1266,2,1,3.6"
1267,1,1,3.9,"1267,1,1,3.9"
1268,1,2,1.1,"1268,1,2,1.1"
1269,2,2,3.7,"1269,2,2,3.7"
1270,1,1,5.2,"1270,1,1,5.2"
1271,1,1,6.7,"1271,1,1,6.7"
1272,2,1,3.7,"1272,2,1,3.7"
1273,1,2,1.4,"1273,1,2,1.4"
1274,1,2,1.4,"1274,1,2,1.4"
1275,2,2,2.9,"1275,2,2,2.9"
1276,1,2,1.5,"1276,1,2,1.5"
1277,1,1,5.6,"1277,1,1,5.6"
1278,2,2,2.5,"1278,2,2,2.5"
1279,2,1,6.1,"1279,2,1,6.1"
1280,1,2,1.8,"1280,1,2,1.8"
1281,1,1,7.5,"1281,1,1,7.5"
1282,2,1,3.5,"1282,2,1,3.5"
1283,1,2,2.0,"1283,1,2,2.0"
1284,2,1,3.6,"1284,2,1,3.6"
1285,2,2,2.4,"1285,2,2,2.4"
1286,2,2,2.2,"1286,2,2,2.2"
1287,1,2,1.0,"1287,1,2,1.0"
1288,2,1,3.8,"1288,2,1,3.8"
1289,1,1,5.1,"1289,1,1,5.1"
1290,2,2,3.1,"1290,2,2,3.1"
1291,1,1,6.1,"1291,1,1,6.1"
1292,2,1,4.3,"1292,2,1,4.3"
1293,1,1,4.4,"1293,1,1,4.4"
1294,2,2,2.7,"1294,2,2,2.7"
1295,1,2,1.7,"1295,1,2,1.7"
1296,1,1,4.5,"1296,1,1,4.5"
1297,1,1,4.4,"1297,1,1,4.4"
1298,1,1,4.4,"1298,1,1,4.4"
1299,2,2,3.2,"1299,2,2,3.2"
1300,1,1,5.8,"1300,1,1,5.8"
1301,1,2,1.7,"1301,1,2,1.7"
1302,2,2,3.5,"1302,2,2,3.5"
1303,2,1,5.3,"1303,2,1,5.3"
1304,2,1,6.9,"1304,2,1,6.9"
1305,2,1,5.2,"1305,2,1,5.2"
1306,1,1,6.0,"1306,1,1,6.0"
1307,2,1,5.1,"1307,2,1,5.1"
1308,2,2,3.9,"1308,2,2,3.9"
1309,1,1,4.6,"1309,1,1,4.6"
1310,1,2,1.3,"1310,1,2,1.3"
1311,2,1,3.9,"1311,2,1,3.9"
1312,2,1,4.8,"1312,2,1,4.8"
1313,2,2,3.6,"1313,2,2,3.6"
1314,2,1,5.8,"1314,2,1,5.8"
1315,2,1,5.9,"1315,2,1,5.9"
1316,2,2,2.7,"1316,2,2,2.7"
1317,1,2,1.6,"1317,1,2,1.6"
1318,1,1,5.7,"1318,1,1,5.7"
1319,1,2,1.6,"1319,1,2,1.6"
1320,2,2,3.3,"1320,2,2,3.3"
1321,1,1,6.3,"1321,1,1,6.3"
1322,2,2,2.9,"1322,2,2,2.9"
1323,2,2,2.5,"1323,2,2,2.5"
1324,2,1,3.5,"1324,2,1,3.5"
1325,2,2,3.7,"1325,2,2,3.7"
1326,2,1,3.5,"1326,2,1,3.5"
1327,1,1,4.5,"1327,1,1,4.5"
1328,1,2,1.3,"1328,1,2,1.3"
1329,1,2,1.8,"1329,1,2,1.8"
1330,2,2,3.3,"1330,2,2,3.3"
1331,2,2,2.4,"1331,2,2,2.4"
1332,2,1,3.6,"1332,2,1,3.6"
1333,1,1,4.7,"1333,1,1,4.7"
1334,2,1,3.4,"1334,2,1,3.4"
1335,1,2,1.1,"1335,1,2,1.1"
1336,2,2,3.2,"1336,2,2,3.2"
1337,1,2,1.9,"1337,1,2,1.9"
1338,1,2,1.1,"1338,1,2,1.1"
1339,1,1,8.0,"1339,1,1,8.0"
1340,2,2,2.6,"1340,2,2,2.6"
1341,2,2,2.3,"1341,2,2,2.3"
1342,2,1,5.1,"1342,2,1,5.1"
1343,1,1,4.9,"1343,1,1,4.9"
1344,1,2,1.7,"1344,1,2,1.7"
1345,1,1,5.0,"1345,1,1,5.0"
1346,2,1,3.4,"1346,2,1,3.4"
1347,1,2,1.1,"1347,1,2,1.1"
1348,1,2,1.2,"1348,1,2,1.2"
1349,2,2,3.3,"1349,2,2,3.3"
1350,2,2,2.3,"1350,2,2,2.3"
1351,2,2,2.8,"1351,2,2,2.8"
1352,1,2,1.6,"1352,1,2,1.6"
1353,2,2,3.0,"1353,2,2,3.0"
1354,2,2,3.7,"1354,2,2,3.7"
1355,1,1,7.7,"1355,1,1,7.7"
1356,1,2,1.2,"1356,1,2,1.2"
1357,2,1,6.1,"1357,2,1,6.1"
1358,2,2,2.6,"1358,2,2,2.6"
1359,2,1,3.2,"1359,2,1,3.2"
1360,2,2,3.9,"1360,2,2,3.9"
1361,2,2,3.9,"1361,2,2,3.9"
1362,2,1,4.4,"1362,2,1,4.4"
1363,2,1,4.1,"1363,2,1,4.1"
1364,2,2,2.6,"1364,2,2,2.6"
1365,2,1,6.4,"1365,2,1,6.4"
1366,2,1,6.0,"1366,2,1,6.0"
1367,2,2,3.7,"1367,2,2,3.7"
1368,2,1,6.1,"1368,2,1,6.1"
1369,2,2,3.7,"1369,2,2,3.7"
1370,2,2,3.5,"1370,2,2,3.5"
1371,1,2,1.6,"1371,1,2,1.6"
1372,1,2,1.5,"1372,1,2,1.5"
1373,1,1,6.1,"1373,1,1,6.1"
1374,1,2,1.0,"1374,1,2,1.0"
1375,2,1,3.5,"1375,2,1,3.5"
1376,2,2,2.0,"1376,2,2,2.0"
1377,2,1,3.3,"1377,2,1,3.3"
1378,2,2,3.1,"1378,2,2,3.1"
1379,1,2,1.8,"1379,1,2,1.8"
1380,2,2,2.7,"1380,2,2,2.7"
1381,1,1,5.3,"1381,1,1,5.3"
1382,2,1,6.3,"1382,2,1,6.3"
1383,1,2,1.1,"1383,1,2,1.1"
1384,2,2,3.6,"1384,2,2,3.6"
1385,1,2,1.1,"1385,1,2,1.1"
1386,1,2,1.2,"1386,1,2,1.2"
1387,2,1,6.5,"1387,2,1,6.5"
1388,2,1,4.4,"1388,2,1,4.4"
1389,2,1,7.0,"1389,2,1,7.0"
1390,1,2,1.3,"1390,1,2,1.3"
1391,1,1,3.6,"1391,1,1,3.6"
1392,1,2,1.6,"1392,1,2,1.6"
1393,1,2,1.2,"1393,1,2,1.2"
1394,1,1,7.9,"1394,1,1,7.9"
1395,2,2,3.4,"1395,2,2,3.4"
1396,2,2,3.2,"1396,2,2,3.2"
1397,2,1,6.2,"1397,2,1,6.2"
1398,1,1,3.8,"1398,1,1,3.8"
1399,2,1,5.8,"1399,2,1,5.8"
1400,2,1,5.1,"1400,2,1,5.1"
1401,1,2,1.1,"1401,1,2,1.1"
1402,1,2,1.1,"1402,1,2,1.1"
1403,1,2,1.0,"1403,1,2,1.0"
1404,2,2,3.6,"1404,2,2,3.6"
1405,2,1,5.8,"1405,2,1,5.8"
1406,2,2,3.8,"1406,2,2,3.8"
1407,2,1,3.2,"1407,2,1,3.2"
1408,2,2,3.3,"1408,2,2,3.3"
1409,1,1,6.2,"1409,1,1,6.2"
1410,1,1,5.3,"1410,1,1,5.3"
1411,2,1,4.4,"1411,2,1,4.4"
1412,2,1,7.5,"1412,2,1,7.5"
1413,2,2,2.8,"1413,2,2,2.8"
1414,1,2,1.1,"1414,1,2,1.1"
1415,2,2,3.7,"1415,2,2,3.7"
1416,1,2,1.7,"1416,1,2,1.7"
1417,1,1,3.4,"1417,1,1,3.4"
1418,2,1,3.9,"1418,2,1,3.9"
1419,2,2,3.4,"1419,2,2,3.4"
1420,2,2,2.4,"1420,2,2,2.4"
1421,1,2,1.0,"1421,1,2,1.0"
1422,2,2,2.4,"1422,2,2,2.4"
1423,2,1,3.6,"1423,2,1,3.6"
1424,1,2,1.3,"1424,1,2,1.3"
1425,1,2,1.0,"1425,1,2,1.0"
1426,2,1,4.2,"1426,2,1,4.2"
1427,1,2,1.2,"1427,1,2,1.2"
1428,1,2,1.1,"1428,1,2,1.1"
1429,2,2,2.5,"1429,2,2,2.5"
1430,1,2,1.3,"1430,1,2,1.3"
1431,2,2,3.5,"1431,2,2,3.5"
1432,2,2,3.2,"1432,2,2,3.2"
1433,2,1,7.1,"1433,2,1,7.1"
1434,1,1,4.7,"1434,1,1,4.7"
1435,1,1,7.6,"1435,1,1,7.6"
1436,1,1,4.8,"1436,1,1,4.8"
1437,2,1,3.5,"1437,2,1,3.5"
1438,1,2,1.8,"1438,1,2,1.8"
1439,2,1,6.2,"1439,2,1,6.2"
1440,2,1,5.1,"1440,2,1,5.1"
1441,1,1,8.0,"1441,1,1,8.0"
1442,1,1,3.5,"1442,1,1,3.5"
1443,2,1,6.1,"1443,2,1,6.1"
1444,1,1,5.9,"1444,1,1,5.9"
1445,1,2,1.3,"1445,1,2,1.3"
1446,1,1,8.1,"1446,1,1,8.1"
1447,1,2,1.4,"1447,1,2,1.4"
1448,2,2,4.0,"1448,2,2,4.0"
1449,2,2,4.0,"1449,2,2,4.0"
1450,2,2,2.3,"1450,2,2,2.3"
1451,1,1,4.8,"1451,1,1,4.8"
1452,1,1,3.6,"1452,1,1,3.6"
1453,1,2,1.5,"1453,1,2,1.5"
1454,2,1,8.1,"1454,2,1,8.1"
1455,1,1,4.5,"1455,1,1,4.5"
1456,2,2,2.9,"1456,2,2,2.9"
1457,1,1,5.9,"1457,1,1,5.9"
1458,2,2,2.5,"1458,2,2,2.5"
1459,1,1,3.2,"1459,1,1,3.2"
1460,1,2,1.9,"1460,1,2,1.9"
1461,1,1,4.2,"1461,1,1,4.2"
1462,1,2,2.0,"1462,1,2,2.0"
1463,1,1,4.4,"1463,1,1,4.4"
1464,1,2,1.3,"1464,1,2,1.3"
1465,1,2,1.3,"1465,1,2,1.3"
1466,1,2,1.5,"1466,1,2,1.5"
1467,2,2,3.1,"1467,2,2,3.1"
1468,1,2,2.0,"1468,1,2,2.0"
1469,2,1,5.9,"1469,2,1,5.9"
1470,1,2,1.1,"1470,1,2,1.1"
1471,1,2,1.4,"1471,1,2,1.4"
1472,1,2,1.4,"1472,1,2,1.4"
1473,1,1,4.1,"1473,1,1,4.1"
1474,2,2,3.6,"1474,2,2,3.6"
1475,1,1,6.1,"1475,1,1,6.1"
1476,1,1,3.4,"1476,1,1,3.4"
1477,1,1,4.9,"1477,1,1,4.9"
1478,2,2,3.6,"1478,2,2,3.6"
1479,1,1,5.4,"1479,1,1,5.4"
1480,2,1,4.8,"1480,2,1,4.8"
1481,1,1,7.1,"1481,1,1,7.1"
1482,1,1,5.1,"1482,1,1,5.1"
1483,1,1,3.7,"1483,1,1,3.7"
1484,1,2,1.9,"1484,1,2,1.9"
1485,1,1,6.1,"1485,1,1,6.1"
1486,1,1,4.7,"1486,1,1,4.7"
1487,2,1,4.8,"1487,2,1,4.8"
1488,2,1,6.6,"1488,2,1,6.6"
1489,2,1,4.8,"1489,2,1,4.8"
1490,1,2,1.5,"1490,1,2,1.5"
1491,2,1,4.4,"1491,2,1,4.4"
1492,2,1,6.1,"1492,2,1,6.1"
1493,1,2,2.0,"1493,1,2,2.0"
1494,1,2,2.0,"1494,1,2,2.0"
1495,1,2,1.5,"1495,1,2,1.5"
1496,2,1,4.5,"1496,2,1,4.5"
1497,2,2,2.4,"1497,2,2,2.4"
1498,1,2,1.0,"1498,1,2,1.0"
1499,1,2,1.9,"1499,1,2,1.9"
1500,1,2,1.5,"1500,1,2,1.5"
1501,2,1,5.1,"1501,2,1,5.1"
1502,1,2,1.5,"1502,1,2,1.5"
1503,2,2,3.3,"1503,2,2,3.3"
1504,1,1,3.6,"1504,1,1,3.6"
1505,2,1,3.2,"1505,2,1,3.2"
1506,2,2,2.7,"1506,2,2,2.7"
1507,2,2,2.5,"1507,2,2,2.5"
1508,2,2,2.7,"1508,2,2,2.7"
1509,1,1,4.4,"1509,1,1,4.4"
1510,2,1,5.8,"1510,2,1,5.8"
1511,1,2,1.8,"1511,1,2,1.8"
1512,2,1,4.3,"1512,2,1,4.3"
1513,2,1,4.3,"1513,2,1,4.3"
1514,1,2,1.5,"1514,1,2,1.5"
1515,2,2,2.3,"1515,2,2,2.3"
1516,2,1,4.7,"1516,2,1,4.7"
1517,1,1,5.0,"1517,1,1,5.0"
1518,1,2,1.1,"1518,1,2,1.1"
1519,1,2,1.3,"1519,1,2,1.3"
1520,1,1,3.7,"1520,1,1,3.7"
1521,2,2,2.5,"1521,2,2,2.5"
1522,1,2,1.8,"1522,1,2,1.8"
1523,2,2,2.4,"1523,2,2,2.4"
1524,1,1,6.9,"1524,1,1,6.9"
1525,1,2,1.2,"1525,1,2,1.2"
1526,1,1,3.8,"1526,1,1,3.8"
1527,2,2,3.5,"1527,2,2,3.5"
1528,1,2,1.7,"1528,1,2,1.7"
1529,1,2,1.6,"1529,1,2,1.6"
1530,2,1,5.1,"1530,2,1,5.1"
1531,1,1,5.0,"1531,1,1,5.0"
1532,1,1,4.2,"1532,1,1,4.2"
1533,1,1,5.1,"1533,1,1,5.1"
1534,1,1,3.4,"1534,1,1,3.4"
1535,1,1,4.9,"1535,1,1,4.9"
1536,2,2,2.8,"1536,2,2,2.8"
1537,1,1,3.2,"1537,1,1,3.2"
1538,2,1,4.5,"1538,2,1,4.5"
1539,1,2,1.8,"1539,1,2,1.8"
1540,1,2,1.7,"1540,1,2,1.7"
1541,1,2,1.9,"1541,1,2,1.9"
1542,2,1,7.1,"1542,2,1,7.1"
1543,1,1,5.1,"1543,1,1,5.1"
1544,1,1,4.2,"1544,1,1,4.2"
1545,2,1,4.7,"1545,2,1,4.7"
1546,1,2,1.1,"1546,1,2,1.1"
1547,1,2,1.1,"1547,1,2,1.1"
1548,2,1,3.4,"1548,2,1,3.4"
1549,2,1,4.8,"1549,2,1,4.8"
1550,1,2,1.9,"1550,1,2,1.9"
1551,1,2,1.3,"1551,1,2,1.3"
1552,1,1,3.6,"1552,1,1,3.6"
1553,2,1,4.3,"1553,2,1,4.3"
1554,2,1,3.4,"1554,2,1,3.4"
1555,2,2,2.2,"1555,2,2,2.2"
1556,2,2,3.4,"1556,2,2,3.4"
1557,1,1,3.6,"1557,1,1,3.6"
1558,1,1,5.9,"1558,1,1,5.9"
1559,2,1,4.8,"1559,2,1,4.8"
1560,2,2,3.8,"1560,2,2,3.8"
1561,2,1,4.5,"1561,2,1,4.5"
1562,1,2,1.3,"1562,1,2,1.3"
1563,1,2,1.8,"1563,1,2,1.8"
1564,1,1,4.8,"1564,1,1,4.8"
1565,1,2,1.3,"1565,1,2,1.3"
1566,1,2,1.6,"1566,1,2,1.6"
1567,1,2,1.2,"1567,1,2,1.2"
1568,1,2,1.1,"1568,1,2,1.1"
1569,2,2,2.2,"1569,2,2,2.2"
1570,1,1,6.3,"1570,1,1,6.3"
1571,2,1,7.0,"1571,2,1,7.0"
1572,1,2,1.8,"1572,1,2,1.8"
1573,1,1,3.4,"1573,1,1,3.4"
1574,1,2,1.7,"1574,1,2,1.7"
1575,2,1,7.3,"1575,2,1,7.3"
1576,1,2,1.1,"1576,1,2,1.1"
1577,2,1,4.5,"1577,2,1,4.5"
1578,2,1,4.6,"1578,2,1,4.6"
1579,2,1,6.1,"1579,2,1,6.1"
1580,2,1,4.1,"1580,2,1,4.1"
1581,1,1,6.6,"1581,1,1,6.6"
1582,1,1,4.4,"1582,1,1,4.4"
1583,1,1,3.3,"1583,1,1,3.3"
1584,2,1,6.0,"1584,2,1,6.0"
1585,2,2,2.5,"1585,2,2,2.5"
1586,1,1,3.5,"1586,1,1,3.5"
1587,2,2,3.6,"1587,2,2,3.6"
1588,2,2,2.0,"1588,2,2,2.0"
1589,1,1,5.6,"1589,1,1,5.6"
1590,2,1,3.3,"1590,2,1,3.3"
1591,2,2,3.8,"1591,2,2,3.8"
1592,1,2,1.9,"1592,1,2,1.9"
1593,1,2,1.7,"1593,1,2,1.7"
1594,2,2,3.9,"1594,2,2,3.9"
1595,1,2,1.4,"1595,1,2,1.4"
1596,1,1,5.8,"1596,1,1,5.8"
1597,1,2,1.1,"1597,1,2,1.1"
1598,2,1,5.2,"1598,2,1,5.2"
1599,1,1,5.3,"1599,1,1,5.3"
1600,2,2,2.2,"1600,2,2,2.2"
1601,1,1,7.3,"1601,1,1,7.3"
1602,1,2,1.9,"1602,1,2,1.9"
1603,2,2,3.3,"1603,2,2,3.3"
1604,2,1,3.7,"1604,2,1,3.7"
1605,1,1,4.8,"1605,1,1,4.8"
1606,2,1,3.8,"1606,2,1,3.8"
1607,1,2,1.4,"1607,1,2,1.4"
1608,2,2,2.3,"1608,2,2,2.3"
1609,2,1,5.3,"1609,2,1,5.3"
1610,1,1,4.8,"1610,1,1,4.8"
1611,2,2,2.9,"1611,2,2,2.9"
1612,1,2,1.4,"1612,1,2,1.4"
1613,1,2,1.5,"1613,1,2,1.5"
1614,2,2,3.8,"1614,2,2,3.8"
1615,1,2,1.6,"1615,1,2,1.6"
1616,2,1,6.7,"1616,2,1,6.7"
1617,2,1,5.3,"1617,2,1,5.3"
1618,2,1,6.1,"1618,2,1,6.1"
1619,2,1,5.4,"1619,2,1,5.4"
1620,2,1,4.9,"1620,2,1,4.9"
1621,2,1,4.9,"1621,2,1,4.9"
1622,1,2,1.9,"1622,1,2,1.9"
1623,2,2,2.0,"1623,2,2,2.0"
1624,1,2,1.6,"1624,1,2,1.6"
1625,2,1,6.5,"1625,2,1,6.5"
1626,1,2,1.0,"1626,1,2,1.0"
1627,2,2,2.8,"1627,2,2,2.8"
1628,2,1,5.7,"1628,2,1,5.7"
1629,1,2,1.6,"1629,1,2,1.6"
1630,1,2,1.9,"1630,1,2,1.9"
1631,1,2,1.8,"1631,1,2,1.8"
1632,2,1,6.5,"1632,2,1,6.5"
1633,2,2,2.7,"1633,2,2,2.7"
1634,2,2,2.7,"1634,2,2,2.7"
1635,1,2,1.2,"1635,1,2,1.2"
1636,1,1,5.0,"1636,1,1,5.0"
1637,2,1,4.7,"1637,2,1,4.7"
1638,1,2,1.6,"1638,1,2,1.6"
1639,2,1,7.0,"1639,2,1,7.0"
1640,1,2,1.8,"1640,1,2,1.8"
1641,2,1,3.3,"1641,2,1,3.3"
1642,2,2,2.2,"1642,2,2,2.2"
1643,2,2,3.3,"1643,2,2,3.3"
1644,2,2,3.6,"1644,2,2,3.6"
1645,2,2,4.0,"1645,2,2,4.0"
1646,1,2,1.5,"1646,1,2,1.5"
1647,2,1,5.6,"1647,2,1,5.6"
1648,1,2,1.3,"1648,1,2,1.3"
1649,1,1,4.2,"1649,1,1,4.2"
1650,1,1,6.8,"1650,1,1,6.8"
1651,1,2,1.5,"1651,1,2,1.5"
1652,1,2,1.0,"1652,1,2,1.0"
1653,1,1,3.8,"1653,1,1,3.8"
1654,1,1,3.8,"1654,1,1,3.8"
1655,1,2,1.9,"1655,1,2,1.9"
1656,1,2,1.4,"1656,1,2,1.4"
1657,2,1,4.3,"1657,2,1,4.3"
1658,2,1,3.9,"1658,2,1,3.9"
1659,1,1,6.1,"1659,1,1,6.1"
1660,1,1,6.3,"1660,1,1,6.3"
1661,1,2,1.0,"1661,1,2,1.0"
1662,2,1,6.4,"1662,2,1,6.4"
1663,1,2,1.9,"1663,1,2,1.9"
1664,2,2,3.4,"1664,2,2,3.4"
1665,2,2,3.4,"1665,2,2,3.4"
1666,2,1,3.1,"1666,2,1,3.1"
1667,1,2,1.6,"1667,1,2,1.6"
1668,2,1,7.6,"1668,2,1,7.6"
1669,2,2,2.7,"1669,2,2,2.7"
1670,2,1,4.6,"1670,2,1,4.6"
1671,2,1,6.1,"1671,2,1,6.1"
1672,1,2,1.6,"1672,1,2,1.6"
1673,2,1,5.4,"1673,2,1,5.4"
1674,2,2,3.9,"1674,2,2,3.9"
1675,2,1,6.5,"1675,2,1,6.5"
1676,2,2,3.7,"1676,2,2,3.7"
1677,2,2,3.2,"1677,2,2,3.2"
1678,2,2,3.7,"1678,2,2,3.7"
1679,1,1,8.0,"1679,1,1,8.0"
1680,1,1,7.1,"1680,1,1,7.1"
1681,1,1,3.7,"1681,1,1,3.7"
1682,2,2,2.7,"1682,2,2,2.7"
1683,1,1,4.2,"1683,1,1,4.2"
1684,2,1,3.2,"1684,2,1,3.2"
1685,1,1,5.0,"1685,1,1,5.0"
1686,1,1,3.8,"1686,1,1,3.8"
1687,2,2,3.1,"1687,2,2,3.1"
1688,2,1,4.8,"1688,2,1,4.8"
1689,2,2,3.1,"1689,2,2,3.1"
1690,1,2,1.8,"1690,1,2,1.8"
1691,2,1,5.2,"1691,2,1,5.2"
1692,2,2,2.7,"1692,2,2,2.7"
1693,2,2,3.8,"1693,2,2,3.8"
1694,1,1,5.0,"1694,1,1,5.0"
1695,1,2,1.1,"1695,1,2,1.1"
1696,2,2,2.6,"1696,2,2,2.6"
1697,2,2,3.8,"1697,2,2,3.8"
1698,1,2,1.5,"1698,1,2,1.5"
1699,1,2,1.7,"1699,1,2,1.7"
1700,1,2,1.2,"1700,1,2,1.2"
1701,1,1,4.3,"1701,1,1,4.3"
1702,1,2,1.3,"1702,1,2,1.3"
1703,1,1,4.4,"1703,1,1,4.4"
1704,1,2,1.0,"1704,1,2,1.0"
1705,1,1,6.8,"1705,1,1,6.8"
1706,1,2,1.9,"1706,1,2,1.9"
1707,2,2,2.1,"1707,2,2,2.1"
1708,2,1,3.9,"1708,2,1,3.9"
1709,2,2,2.2,"1709,2,2,2.2"
1710,2,2,3.3,"1710,2,2,3.3"
1711,1,2,1.9,"1711,1,2,1.9"
1712,2,2,2.1,"1712,2,2,2.1"
1713,2,2,2.2,"1713,2,2,2.2"
1714,2,2,2.2,"1714,2,2,2.2"
1715,2,2,2.2,"1715,2,2,2.2"
1716,1,1,4.4,"1716,1,1,4.4"
1717,2,2,2.2,"1717,2,2,2.2"
1718,1,1,3.2,"1718,1,1,3.2"
1719,1,2,1.6,"1719,1,2,1.6"
1720,1,2,1.7,"1720,1,2,1.7"
1721,2,2,2.7,"1721,2,2,2.7"
1722,1,2,1.0,"1722,1,2,1.0"
1723,2,2,3.4,"1723,2,2,3.4"
1724,2,2,2.1,"1724,2,2,2.1"
1725,1,2,1.3,"1725,1,2,1.3"
1726,1,2,1.1,"1726,1,2,1.1"
1727,2,2,2.6,"1727,2,2,2.6"
1728,1,1,4.9,"1728,1,1,4.9"
1729,2,1,3.1,"1729,2,1,3.1"
1730,2,1,3.6,"1730,2,1,3.6"
1731,1,2,1.7,"1731,1,2,1.7"
1732,2,1,3.7,"1732,2,1,3.7"
1733,1,1,5.8,"1733,1,1,5.8"
1734,1,2,1.7,"1734,1,2,1.7"
1735,1,2,1.9,"1735,1,2,1.9"
1736,1,2,2.0,"1736,1,2,2.0"
1737,2,1,5.1,"1737,2,1,5.1"
1738,2,1,8.2,"1738,2,1,8.2"
1739,2,1,8.2,"1739,2,1,8.2"
1740,2,1,6.1,"1740,2,1,6.1"
1741,2,2,3.3,"1741,2,2,3.3"
1742,2,2,2.6,"1742,2,2,2.6"
1743,2,1,4.4,"1743,2,1,4.4"
1744,2,1,5.9,"1744,2,1,5.9"
1745,1,2,1.2,"1745,1,2,1.2"
1746,1,1,5.7,"1746,1,1,5.7"
1747,2,2,3.4,"1747,2,2,3.4"
1748,1,2,1.2,"1748,1,2,1.2"
1749,2,1,3.4,"1749,2,1,3.4"
1750,2,2,2.4,"1750,2,2,2.4"
1751,2,1,5.0,"1751,2,1,5.0"
1752,2,2,3.3,"1752,2,2,3.3"
1753,2,1,5.0,"1753,2,1,5.0"
1754,1,2,1.7,"1754,1,2,1.7"
1755,2,2,2.1,"1755,2,2,2.1"
1756,2,1,3.8,"1756,2,1,3.8"
1757,1,1,5.0,"1757,1,1,5.0"
1758,2,1,4.8,"1758,2,1,4.8"
1759,1,1,3.6,"1759,1,1,3.6"
1760,2,2,2.4,"1760,2,2,2.4"
1761,1,1,4.6,"1761,1,1,4.6"
1762,2,2,2.4,"1762,2,2,2.4"
1763,2,1,4.2,"1763,2,1,4.2"
1764,2,1,3.3,"1764,2,1,3.3"
1765,1,1,4.3,"1765,1,1,4.3"
1766,1,1,4.6,"1766,1,1,4.6"
1767,1,2,1.1,"1767,1,2,1.1"
1768,1,1,8.1,"1768,1,1,8.1"
1769,1,1,6.1,"1769,1,1,6.1"
1770,2,1,5.3,"1770,2,1,5.3"
1771,2,2,2.3,"1771,2,2,2.3"
1772,2,2,3.9,"1772,2,2,3.9"
1773,2,2,2.2,"1773,2,2,2.2"
1774,1,1,5.0,"1774,1,1,5.0"
1775,2,2,2.6,"1775,2,2,2.6"
1776,2,2,2.3,"1776,2,2,2.3"
1777,1,1,4.6,"1777,1,1,4.6"
1778,1,1,4.6,"1778,1,1,4.6"
1779,2,1,4.9,"1779,2,1,4.9"
1780,2,2,2.0,"1780,2,2,2.0"
1781,1,1,5.4,"1781,1,1,5.4"
1782,1,2,1.3,"1782,1,2,1.3"
1783,2,1,4.7,"1783,2,1,4.7"
1784,1,1,3.3,"1784,1,1,3.3"
1785,1,1,6.8,"1785,1,1,6.8"
1786,1,1,4.3,"1786,1,1,4.3"
1787,2,2,2.8,"1787,2,2,2.8"
1788,2,1,5.1,"1788,2,1,5.1"
1789,2,2,2.2,"1789,2,2,2.2"
1790,2,2,3.8,"1790,2,2,3.8"
1791,1,2,1.1,"1791,1,2,1.1"
1792,1,2,1.1,"1792,1,2,1.1"
1793,2,1,6.6,"1793,2,1,6.6"
1794,1,2,1.9,"1794,1,2,1.9"
1795,2,2,4.0,"1795,2,2,4.0"
1796,1,1,3.4,"1796,1,1,3.4"
1797,1,1,4.1,"1797,1,1,4.1"
1798,1,1,4.3,"1798,1,1,4.3"
1799,2,2,2.0,"1799,2,2,2.0"
1800,2,1,4.2,"1800,2,1,4.2"
1801,1,2,1.4,"1801,1,2,1.4"
1802,1,2,1.9,"1802,1,2,1.9"
1803,1,2,1.3,"1803,1,2,1.3"
1804,1,1,5.0,"1804,1,1,5.0"
1805,2,2,3.2,"1805,2,2,3.2"
1806,2,2,2.8,"1806,2,2,2.8"
1807,2,1,5.4,"1807,2,1,5.4"
1808,1,1,3.8,"1808,1,1,3.8"
1809,2,2,3.5,"1809,2,2,3.5"
1810,2,2,3.2,"1810,2,2,3.2"
1811,2,1,3.9,"1811,2,1,3.9"
1812,2,1,6.0,"1812,2,1,6.0"
1813,2,2,2.2,"1813,2,2,2.2"
1814,2,1,4.9,"1814,2,1,4.9"
1815,1,1,5.0,"1815,1,1,5.0"
1816,2,1,5.9,"1816,2,1,5.9"
1817,2,1,4.0,"1817,2,1,4.0"
1818,1,2,1.3,"1818,1,2,1.3"
1819,1,2,1.6,"1819,1,2,1.6"
1820,2,2,3.1,"1820,2,2,3.1"
1821,1,1,5.1,"1821,1,1,5.1"
1822,1,2,1.5,"1822,1,2,1.5"
1823,1,2,1.4,"1823,1,2,1.4"
1824,2,2,3.2,"1824,2,2,3.2"
1825,1,1,6.1,"1825,1,1,6.1"
1826,2,2,2.7,"1826,2,2,2.7"
1827,2,2,2.9,"1827,2,2,2.9"
1828,2,1,4.1,"1828,2,1,4.1"
1829,1,1,8.2,"1829,1,1,8.2"
1830,1,1,4.4,"1830,1,1,4.4"
1831,2,2,3.8,"1831,2,2,3.8"
1832,1,2,1.7,"1832,1,2,1.7"
1833,1,1,8.0,"1833,1,1,8.0"
1834,2,2,2.8,"1834,2,2,2.8"
1835,2,2,3.2,"1835,2,2,3.2"
1836,1,2,1.8,"1836,1,2,1.8"
1837,1,2,1.5,"1837,1,2,1.5"
1838,1,1,4.1,"1838,1,1,4.1"
1839,2,1,4.8,"1839,2,1,4.8"
1840,2,2,3.5,"1840,2,2,3.5"
1841,2,1,6.8,"1841,2,1,6.8"
1842,1,2,1.3,"1842,1,2,1.3"
1843,1,2,1.0,"1843,1,2,1.0"
1844,1,1,5.0,"1844,1,1,5.0"
1845,2,2,2.2,"1845,2,2,2.2"
1846,2,1,4.9,"1846,2,1,4.9"
1847,2,2,2.4,"1847,2,2,2.4"
1848,2,1,7.0,"1848,2,1,7.0"
1849,1,1,5.1,"1849,1,1,5.1"
1850,1,2,1.2,"1850,1,2,1.2"
1851,2,2,3.3,"1851,2,2,3.3"
1852,1,1,6.1,"1852,1,1,6.1"
1853,2,1,4.1,"1853,2,1,4.1"
1854,2,2,2.4,"1854,2,2,2.4"
1855,2,2,2.2,"1855,2,2,2.2"
1856,2,1,4.8,"1856,2,1,4.8"
1857,1,2,1.9,"1857,1,2,1.9"
1858,2,2,3.0,"1858,2,2,3.0"
1859,1,1,8.1,"1859,1,1,8.1"
1860,1,2,1.5,"1860,1,2,1.5"
1861,2,1,5.7,"1861,2,1,5.7"
1862,2,2,2.7,"1862,2,2,2.7"
1863,1,2,1.9,"1863,1,2,1.9"
1864,1,2,1.4,"1864,1,2,1.4"
1865,1,2,1.2,"1865,1,2,1.2"
1866,1,2,1.4,"1866,1,2,1.4"
1867,1,1,4.0,"1867,1,1,4.0"
1868,1,1,5.4,"1868,1,1,5.4"
1869,2,1,4.7,"1869,2,1,4.7"
1870,1,1,4.4,"1870,1,1,4.4"
1871,1,1,5.1,"1871,1,1,5.1"
1872,1,2,1.4,"1872,1,2,1.4"
1873,1,2,1.8,"1873,1,2,1.8"
1874,1,1,5.6,"1874,1,1,5.6"
1875,1,2,1.8,"1875,1,2,1.8"
1876,2,2,2.9,"1876,2,2,2.9"
1877,2,1,5.6,"1877,2,1,5.6"
1878,2,2,2.5,"1878,2,2,2.5"
1879,2,1,5.3,"1879,2,1,5.3"
1880,1,1,6.7,"1880,1,1,6.7"
1881,1,2,1.7,"1881,1,2,1.7"
1882,2,2,3.7,"1882,2,2,3.7"
1883,1,2,1.2,"1883,1,2,1.2"
1884,1,1,4.4,"1884,1,1,4.4"
1885,2,2,2.2,"1885,2,2,2.2"
1886,2,2,2.1,"1886,2,2,2.1"
1887,1,2,1.3,"1887,1,2,1.3"
1888,2,2,3.3,"1888,2,2,3.3"
1889,1,2,1.1,"1889,1,2,1.1"
1890,1,1,4.1,"1890,1,1,4.1"
1891,2,2,2.4,"1891,2,2,2.4"
1892,2,2,2.8,"1892,2,2,2.8"
1893,2,2,2.4,"1893,2,2,2.4"
1894,1,2,1.8,"1894,1,2,1.8"
1895,2,2,2.8,"1895,2,2,2.8"
1896,2,1,5.8,"1896,2,1,5.8"
1897,2,2,3.8,"1897,2,2,3.8"
1898,1,1,4.3,"1898,1,1,4.3"
1899,2,1,3.3,"1899,2,1,3.3"
1900,2,2,3.3,"1900,2,2,3.3"
1901,2,1,5.5,"1901,2,1,5.5"
1902,1,2,1.4,"1902,1,2,1.4"
1903,2,2,2.9,"1903,2,2,2.9"
1904,2,2,2.8,"1904,2,2,2.8"
1905,2,1,3.8,"1905,2,1,3.8"
1906,1,1,4.2,"1906,1,1,4.2"
1907,2,1,5.9,"1907,2,1,5.9"
1908,1,2,1.9,"1908,1,2,1.9"
1909,2,2,3.2,"1909,2,2,3.2"
1910,1,1,4.6,"1910,1,1,4.6"
1911,2,1,3.6,"1911,2,1,3.6"
1912,2,1,6.2,"1912,2,1,6.2"
1913,1,1,3.9,"1913,1,1,3.9"
1914,1,2,1.3,"1914,1,2,1.3"
1915,2,1,6.3,"1915,2,1,6.3"
1916,2,1,5.0,"1916,2,1,5.0"
1917,2,1,5.8,"1917,2,1,5.8"
1918,1,1,5.3,"1918,1,1,5.3"
1919,2,2,2.4,"1919,2,2,2.4"
1920,2,2,3.9,"1920,2,2,3.9"
1921,2,1,4.6,"1921,2,1,4.6"
1922,2,1,4.0,"1922,2,1,4.0"
1923,2,1,3.5,"1923,2,1,3.5"
1924,1,1,5.4,"1924,1,1,5.4"
1925,1,1,4.2,"1925,1,1,4.2"
1926,1,1,3.3,"1926,1,1,3.3"
1927,1,1,3.8,"1927,1,1,3.8"
1928,1,1,6.1,"1928,1,1,6.1"
1929,2,1,3.6,"1929,2,1,3.6"
1930,1,2,1.4,"1930,1,2,1.4"
1931,2,2,3.8,"1931,2,2,3.8"
1932,1,1,4.2,"1932,1,1,4.2"
1933,1,2,1.6,"1933,1,2,1.6"
1934,2,2,3.9,"1934,2,2,3.9"
1935,2,1,5.9,"1935,2,1,5.9"
1936,1,1,4.2,"1936,1,1,4.2"
1937,1,1,4.3,"1937,1,1,4.3"
1938,1,2,1.9,"1938,1,2,1.9"
1939,2,1,4.5,"1939,2,1,4.5"
1940,2,1,8.0,"1940,2,1,8.0"
1941,2,1,3.6,"1941,2,1,3.6"
1942,1,1,3.3,"1942,1,1,3.3"
1943,2,1,5.5,"1943,2,1,5.5"
1944,1,1,5.1,"1944,1,1,5.1"
1945,1,1,3.5,"1945,1,1,3.5"
1946,2,2,3.5,"1946,2,2,3.5"
1947,1,2,1.0,"1947,1,2,1.0"
1948,1,1,6.6,"1948,1,1,6.6"
1949,1,1,3.4,"1949,1,1,3.4"
1950,2,2,3.8,"1950,2,2,3.8"
1951,1,1,6.9,"1951,1,1,6.9"
1952,2,2,2.5,"1952,2,2,2.5"
1953,2,1,3.2,"1953,2,1,3.2"
1954,1,2,1.8,"1954,1,2,1.8"
1955,1,1,5.4,"1955,1,1,5.4"
1956,1,2,1.7,"1956,1,2,1.7"
1957,1,2,1.9,"1957,1,2,1.9"
1958,1,2,1.2,"1958,1,2,1.2"
1959,2,2,2.8,"1959,2,2,2.8"
1960,1,2,1.4,"1960,1,2,1.4"
1961,1,2,1.8,"1961,1,2,1.8"
1962,2,1,5.9,"1962,2,1,5.9"
1963,1,2,1.1,"1963,1,2,1.1"
1964,2,2,2.2,"1964,2,2,2.2"
1965,1,1,4.6,"1965,1,1,4.6"
1966,1,2,2.0,"1966,1,2,2.0"
1967,2,2,3.0,"1967,2,2,3.0"
1968,2,2,3.2,"1968,2,2,3.2"
1969,1,2,1.6,"1969,1,2,1.6"
1970,1,2,1.2,"1970,1,2,1.2"
1971,2,1,7.5,"1971,2,1,7.5"
1972,2,1,5.8,"1972,2,1,5.8"
1973,2,2,3.6,"1973,2,2,3.6"
1974,2,2,3.7,"1974,2,2,3.7"
1975,2,2,2.7,"1975,2,2,2.7"
1976,2,2,3.1,"1976,2,2,3.1"
1977,1,1,6.7,"1977,1,1,6.7"
1978,2,1,3.4,"1978,2,1,3.4"
1979,1,2,1.8,"1979,1,2,1.8"
1980,1,2,1.4,"1980,1,2,1.4"
1981,1,1,4.1,"1981,1,1,4.1"
1982,2,2,3.1,"1982,2,2,3.1"
1983,2,1,8.1,"1983,2,1,8.1"
1984,1,1,4.2,"1984,1,1,4.2"
1985,2,2,2.5,"1985,2,2,2.5"
1986,1,2,1.4,"1986,1,2,1.4"
1987,2,1,4.6,"1987,2,1,4.6"
1988,1,1,4.7,"1988,1,1,4.7"
1989,1,1,7.8,"1989,1,1,7.8"
1990,2,2,2.2,"1990,2,2,2.2"
1991,2,2,3.7,"1991,2,2,3.7"
1992,2,1,5.6,"1992,2,1,5.6"
1993,2,1,6.4,"1993,2,1,6.4"
1994,2,2,2.1,"1994,2,2,2.1"
1995,2,1,4.4,"1995,2,1,4.4"
1996,2,1,3.2,"1996,2,1,3.2"
1997,1,2,1.6,"1997,1,2,1.6"
1998,2,1,5.8,"1998,2,1,5.8"
1999,2,1,4.4,"1999,2,1,4.4"
2000,2,2,3.2,"2000,2,2,3.2"
