Index,Product,Channel,Shopper,"Index,Product,Channel,Shopper"
1,2,2,2,"1,2,2,2"
2,1,1,2,"2,1,1,2"
3,2,2,2,"3,2,2,2"
4,1,1,1,"4,1,1,1"
5,1,2,2,"5,1,2,2"
6,2,1,1,"6,2,1,1"
7,2,2,2,"7,2,2,2"
8,2,1,1,"8,2,1,1"
9,1,1,2,"9,1,1,2"
10,1,2,1,"10,1,2,1"
11,1,1,1,"11,1,1,1"
12,2,1,2,"12,2,1,2"
13,2,2,2,"13,2,2,2"
14,1,1,2,"14,1,1,2"
15,1,2,2,"15,1,2,2"
16,2,2,2,"16,2,2,2"
17,2,1,2,"17,2,1,2"
18,2,2,1,"18,2,2,1"
19,1,2,2,"19,1,2,2"
20,1,2,1,"20,1,2,1"
21,1,1,2,"21,1,1,2"
22,1,1,2,"22,1,1,2"
23,2,1,1,"23,2,1,1"
24,1,2,1,"24,1,2,1"
25,1,2,1,"25,1,2,1"
26,2,1,2,"26,2,1,2"
27,1,2,1,"27,1,2,1"
28,1,2,1,"28,1,2,1"
29,1,1,1,"29,1,1,1"
30,1,2,2,"30,1,2,2"
31,1,2,2,"31,1,2,2"
32,1,1,1,"32,1,1,1"
33,1,1,1,"33,1,1,1"
34,2,2,1,"34,2,2,1"
35,1,1,1,"35,1,1,1"
36,2,1,2,"36,2,1,2"
37,2,2,2,"37,2,2,2"
38,1,2,1,"38,1,2,1"
39,2,1,1,"39,2,1,1"
40,2,1,2,"40,2,1,2"
41,1,2,2,"41,1,2,2"
42,1,1,1,"42,1,1,1"
43,1,2,2,"43,1,2,2"
44,2,2,2,"44,2,2,2"
45,2,2,1,"45,2,2,1"
46,1,2,2,"46,1,2,2"
47,1,2,2,"47,1,2,2"
48,1,2,1,"48,1,2,1"
49,1,2,1,"49,1,2,1"
50,2,2,2,"50,2,2,2"
51,1,1,2,"51,1,1,2"
52,2,2,1,"52,2,2,1"
53,2,2,2,"53,2,2,2"
54,2,1,1,"54,2,1,1"
55,1,1,1,"55,1,1,1"
56,2,2,2,"56,2,2,2"
57,1,1,1,"57,1,1,1"
58,1,1,1,"58,1,1,1"
59,1,2,1,"59,1,2,1"
60,1,2,1,"60,1,2,1"
61,2,1,1,"61,2,1,1"
62,2,1,2,"62,2,1,2"
63,1,1,1,"63,1,1,1"
64,1,1,2,"64,1,1,2"
65,1,2,1,"65,1,2,1"
66,1,2,1,"66,1,2,1"
67,1,2,2,"67,1,2,2"
68,2,1,2,"68,2,1,2"
69,1,2,1,"69,1,2,1"
70,1,1,2,"70,1,1,2"
71,2,2,1,"71,2,2,1"
72,1,2,1,"72,1,2,1"
73,2,2,2,"73,2,2,2"
74,2,2,2,"74,2,2,2"
75,2,2,1,"75,2,2,1"
76,2,2,2,"76,2,2,2"
77,1,1,1,"77,1,1,1"
78,1,1,1,"78,1,1,1"
79,2,2,2,"79,2,2,2"
80,1,1,1,"80,1,1,1"
81,1,2,2,"81,1,2,2"
82,2,1,1,"82,2,1,1"
83,2,1,2,"83,2,1,2"
84,1,1,1,"84,1,1,1"
85,1,1,2,"85,1,1,2"
86,2,1,2,"86,2,1,2"
87,2,2,1,"87,2,2,1"
88,2,1,1,"88,2,1,1"
89,1,2,1,"89,1,2,1"
90,1,1,1,"90,1,1,1"
91,1,1,2,"91,1,1,2"
92,2,1,2,"92,2,1,2"
93,1,2,2,"93,1,2,2"
94,1,1,1,"94,1,1,1"
95,1,2,2,"95,1,2,2"
96,2,1,2,"96,2,1,2"
97,1,1,1,"97,1,1,1"
98,2,2,2,"98,2,2,2"
99,2,1,1,"99,2,1,1"
100,1,2,1,"100,1,2,1"
101,2,1,1,"101,2,1,1"
102,1,2,1,"102,1,2,1"
103,1,2,1,"103,1,2,1"
104,1,1,1,"104,1,1,1"
105,1,2,2,"105,1,2,2"
106,1,2,2,"106,1,2,2"
107,1,1,1,"107,1,1,1"
108,1,1,2,"108,1,1,2"
109,2,2,2,"109,2,2,2"
110,1,2,2,"110,1,2,2"
111,1,2,1,"111,1,2,1"
112,2,2,2,"112,2,2,2"
113,2,1,2,"113,2,1,2"
114,1,1,1,"114,1,1,1"
115,2,1,2,"115,2,1,2"
116,2,1,1,"116,2,1,1"
117,1,2,1,"117,1,2,1"
118,1,2,2,"118,1,2,2"
119,1,2,1,"119,1,2,1"
120,1,1,2,"120,1,1,2"
121,1,2,1,"121,1,2,1"
122,2,2,2,"122,2,2,2"
123,1,1,2,"123,1,1,2"
124,1,1,1,"124,1,1,1"
125,1,2,1,"125,1,2,1"
126,2,2,2,"126,2,2,2"
127,1,1,2,"127,1,1,2"
128,2,1,2,"128,2,1,2"
129,1,1,1,"129,1,1,1"
130,1,2,2,"130,1,2,2"
131,1,1,1,"131,1,1,1"
132,1,1,1,"132,1,1,1"
133,2,1,2,"133,2,1,2"
134,2,2,2,"134,2,2,2"
135,2,1,2,"135,2,1,2"
136,1,1,2,"136,1,1,2"
137,1,2,2,"137,1,2,2"
138,2,2,2,"138,2,2,2"
139,2,2,2,"139,2,2,2"
140,1,1,1,"140,1,1,1"
141,1,1,2,"141,1,1,2"
142,1,2,2,"142,1,2,2"
143,2,1,1,"143,2,1,1"
144,2,2,2,"144,2,2,2"
145,2,2,1,"145,2,2,1"
146,2,2,2,"146,2,2,2"
147,2,2,2,"147,2,2,2"
148,1,2,2,"148,1,2,2"
149,2,1,1,"149,2,1,1"
150,1,1,2,"150,1,1,2"
151,1,2,1,"151,1,2,1"
152,1,2,1,"152,1,2,1"
153,2,2,1,"153,2,2,1"
154,1,2,2,"154,1,2,2"
155,1,2,2,"155,1,2,2"
156,2,2,1,"156,2,2,1"
157,2,2,1,"157,2,2,1"
158,2,2,1,"158,2,2,1"
159,2,1,1,"159,2,1,1"
160,1,2,1,"160,1,2,1"
161,1,1,2,"161,1,1,2"
162,1,1,2,"162,1,1,2"
163,1,1,2,"163,1,1,2"
164,1,1,1,"164,1,1,1"
165,2,2,2,"165,2,2,2"
166,1,2,1,"166,1,2,1"
167,2,2,1,"167,2,2,1"
168,2,2,1,"168,2,2,1"
169,2,1,2,"169,2,1,2"
170,1,2,2,"170,1,2,2"
171,2,1,1,"171,2,1,1"
172,2,2,2,"172,2,2,2"
173,2,2,2,"173,2,2,2"
174,1,2,2,"174,1,2,2"
175,2,2,2,"175,2,2,2"
176,1,2,2,"176,1,2,2"
177,2,2,2,"177,2,2,2"
178,2,1,2,"178,2,1,2"
179,1,2,1,"179,1,2,1"
180,2,1,1,"180,2,1,1"
181,1,1,1,"181,1,1,1"
182,1,1,1,"182,1,1,1"
183,2,2,2,"183,2,2,2"
184,1,2,1,"184,1,2,1"
185,2,2,2,"185,2,2,2"
186,1,2,2,"186,1,2,2"
187,1,2,2,"187,1,2,2"
188,1,1,2,"188,1,1,2"
189,2,2,2,"189,2,2,2"
190,1,1,2,"190,1,1,2"
191,2,1,2,"191,2,1,2"
192,1,1,1,"192,1,1,1"
193,1,2,2,"193,1,2,2"
194,1,1,2,"194,1,1,2"
195,2,1,1,"195,2,1,1"
196,1,2,1,"196,1,2,1"
197,2,1,2,"197,2,1,2"
198,2,1,1,"198,2,1,1"
199,1,1,1,"199,1,1,1"
200,2,1,1,"200,2,1,1"
201,2,1,1,"201,2,1,1"
202,1,2,1,"202,1,2,1"
203,2,1,1,"203,2,1,1"
204,1,2,1,"204,1,2,1"
205,1,1,2,"205,1,1,2"
206,1,1,1,"206,1,1,1"
207,2,2,1,"207,2,2,1"
208,2,2,2,"208,2,2,2"
209,2,1,1,"209,2,1,1"
210,1,1,1,"210,1,1,1"
211,2,2,1,"211,2,2,1"
212,1,2,2,"212,1,2,2"
213,1,1,2,"213,1,1,2"
214,2,2,1,"214,2,2,1"
215,2,2,1,"215,2,2,1"
216,1,2,2,"216,1,2,2"
217,2,1,2,"217,2,1,2"
218,2,2,2,"218,2,2,2"
219,2,2,2,"219,2,2,2"
220,1,2,2,"220,1,2,2"
221,2,1,1,"221,2,1,1"
222,2,1,2,"222,2,1,2"
223,1,1,2,"223,1,1,2"
224,2,2,2,"224,2,2,2"
225,2,1,2,"225,2,1,2"
226,2,2,2,"226,2,2,2"
227,2,2,1,"227,2,2,1"
228,1,1,2,"228,1,1,2"
229,1,2,1,"229,1,2,1"
230,2,2,1,"230,2,2,1"
231,1,2,2,"231,1,2,2"
232,2,1,1,"232,2,1,1"
233,2,2,2,"233,2,2,2"
234,1,2,2,"234,1,2,2"
235,2,1,2,"235,2,1,2"
236,2,1,1,"236,2,1,1"
237,2,2,2,"237,2,2,2"
238,2,2,2,"238,2,2,2"
239,1,2,1,"239,1,2,1"
240,2,1,1,"240,2,1,1"
241,1,2,1,"241,1,2,1"
242,1,1,1,"242,1,1,1"
243,1,2,2,"243,1,2,2"
244,1,1,2,"244,1,1,2"
245,2,1,1,"245,2,1,1"
246,1,1,2,"246,1,1,2"
247,1,2,1,"247,1,2,1"
248,1,2,2,"248,1,2,2"
249,2,1,2,"249,2,1,2"
250,1,1,1,"250,1,1,1"
251,2,2,2,"251,2,2,2"
252,1,2,2,"252,1,2,2"
253,2,2,1,"253,2,2,1"
254,2,1,1,"254,2,1,1"
255,1,2,2,"255,1,2,2"
256,1,1,1,"256,1,1,1"
257,2,2,2,"257,2,2,2"
258,1,1,1,"258,1,1,1"
259,2,2,1,"259,2,2,1"
260,1,1,1,"260,1,1,1"
261,1,2,1,"261,1,2,1"
262,2,2,1,"262,2,2,1"
263,2,2,2,"263,2,2,2"
264,2,1,2,"264,2,1,2"
265,1,2,1,"265,1,2,1"
266,1,1,1,"266,1,1,1"
267,1,2,2,"267,1,2,2"
268,1,1,1,"268,1,1,1"
269,1,2,1,"269,1,2,1"
270,2,2,2,"270,2,2,2"
271,1,1,2,"271,1,1,2"
272,1,2,2,"272,1,2,2"
273,1,2,2,"273,1,2,2"
274,2,2,2,"274,2,2,2"
275,1,2,2,"275,1,2,2"
276,1,1,1,"276,1,1,1"
277,2,1,2,"277,2,1,2"
278,1,2,1,"278,1,2,1"
279,2,1,1,"279,2,1,1"
280,1,2,2,"280,1,2,2"
281,2,1,2,"281,2,1,2"
282,2,2,2,"282,2,2,2"
283,1,2,1,"283,1,2,1"
284,1,1,2,"284,1,1,2"
285,1,2,2,"285,1,2,2"
286,2,2,1,"286,2,2,1"
287,1,2,2,"287,1,2,2"
288,2,2,1,"288,2,2,1"
289,1,1,2,"289,1,1,2"
290,1,2,1,"290,1,2,1"
291,2,1,2,"291,2,1,2"
292,2,2,2,"292,2,2,2"
293,2,2,2,"293,2,2,2"
294,1,2,1,"294,1,2,1"
295,1,2,2,"295,1,2,2"
296,2,2,2,"296,2,2,2"
297,2,2,2,"297,2,2,2"
298,1,1,1,"298,1,1,1"
299,2,1,2,"299,2,1,2"
300,1,2,2,"300,1,2,2"
301,1,2,1,"301,1,2,1"
302,2,2,2,"302,2,2,2"
303,2,1,2,"303,2,1,2"
304,2,2,2,"304,2,2,2"
305,1,1,1,"305,1,1,1"
306,2,2,2,"306,2,2,2"
307,1,1,2,"307,1,1,2"
308,2,2,2,"308,2,2,2"
309,1,1,2,"309,1,1,2"
310,1,1,2,"310,1,1,2"
311,1,1,1,"311,1,1,1"
312,2,2,1,"312,2,2,1"
313,1,1,2,"313,1,1,2"
314,1,1,2,"314,1,1,2"
315,2,2,1,"315,2,2,1"
316,1,1,2,"316,1,1,2"
317,1,2,1,"317,1,2,1"
318,2,1,2,"318,2,1,2"
319,1,2,1,"319,1,2,1"
320,1,2,1,"320,1,2,1"
321,2,2,2,"321,2,2,2"
322,2,2,2,"322,2,2,2"
323,1,1,2,"323,1,1,2"
324,2,2,2,"324,2,2,2"
325,2,1,1,"325,2,1,1"
326,1,1,2,"326,1,1,2"
327,1,1,2,"327,1,1,2"
328,2,1,1,"328,2,1,1"
329,2,1,2,"329,2,1,2"
330,1,1,2,"330,1,1,2"
331,1,1,1,"331,1,1,1"
332,2,1,1,"332,2,1,1"
333,1,2,1,"333,1,2,1"
334,2,2,2,"334,2,2,2"
335,2,1,1,"335,2,1,1"
336,2,1,2,"336,2,1,2"
337,2,2,1,"337,2,2,1"
338,2,2,2,"338,2,2,2"
339,2,1,1,"339,2,1,1"
340,1,2,2,"340,1,2,2"
341,2,2,2,"341,2,2,2"
342,2,2,1,"342,2,2,1"
343,2,1,2,"343,2,1,2"
344,2,2,1,"344,2,2,1"
345,1,2,2,"345,1,2,2"
346,2,1,2,"346,2,1,2"
347,2,1,1,"347,2,1,1"
348,1,2,2,"348,1,2,2"
349,1,2,1,"349,1,2,1"
350,2,1,1,"350,2,1,1"
351,2,2,1,"351,2,2,1"
352,1,2,1,"352,1,2,1"
353,1,2,1,"353,1,2,1"
354,2,1,2,"354,2,1,2"
355,1,1,1,"355,1,1,1"
356,2,1,1,"356,2,1,1"
357,2,2,2,"357,2,2,2"
358,1,1,2,"358,1,1,2"
359,2,1,2,"359,2,1,2"
360,2,1,2,"360,2,1,2"
361,1,2,1,"361,1,2,1"
362,1,2,1,"362,1,2,1"
363,2,1,2,"363,2,1,2"
364,2,1,1,"364,2,1,1"
365,2,1,1,"365,2,1,1"
366,2,2,2,"366,2,2,2"
367,1,2,1,"367,1,2,1"
368,2,2,2,"368,2,2,2"
369,1,2,1,"369,1,2,1"
370,1,1,2,"370,1,1,2"
371,1,1,2,"371,1,1,2"
372,2,1,2,"372,2,1,2"
373,2,2,2,"373,2,2,2"
374,1,1,2,"374,1,1,2"
375,1,2,2,"375,1,2,2"
376,1,1,1,"376,1,1,1"
377,2,2,1,"377,2,2,1"
378,2,1,2,"378,2,1,2"
379,2,2,1,"379,2,2,1"
380,2,1,1,"380,2,1,1"
381,2,2,1,"381,2,2,1"
382,1,1,1,"382,1,1,1"
383,2,2,2,"383,2,2,2"
384,1,1,2,"384,1,1,2"
385,2,1,2,"385,2,1,2"
386,1,2,1,"386,1,2,1"
387,2,2,1,"387,2,2,1"
388,2,2,2,"388,2,2,2"
389,2,1,1,"389,2,1,1"
390,1,2,2,"390,1,2,2"
391,1,2,1,"391,1,2,1"
392,2,1,2,"392,2,1,2"
393,1,1,1,"393,1,1,1"
394,2,1,2,"394,2,1,2"
395,2,2,1,"395,2,2,1"
396,1,2,2,"396,1,2,2"
397,1,1,2,"397,1,1,2"
398,2,2,1,"398,2,2,1"
399,1,1,2,"399,1,1,2"
400,1,2,2,"400,1,2,2"
401,1,2,2,"401,1,2,2"
402,1,2,2,"402,1,2,2"
403,1,2,1,"403,1,2,1"
404,2,2,2,"404,2,2,2"
405,1,2,1,"405,1,2,1"
406,1,1,1,"406,1,1,1"
407,2,1,2,"407,2,1,2"
408,1,2,2,"408,1,2,2"
409,2,2,1,"409,2,2,1"
410,1,1,2,"410,1,1,2"
411,1,2,2,"411,1,2,2"
412,2,2,2,"412,2,2,2"
413,2,1,2,"413,2,1,2"
414,1,2,2,"414,1,2,2"
415,2,2,1,"415,2,2,1"
416,1,1,1,"416,1,1,1"
417,2,1,1,"417,2,1,1"
418,2,1,1,"418,2,1,1"
419,2,1,2,"419,2,1,2"
420,1,1,2,"420,1,1,2"
421,2,1,2,"421,2,1,2"
422,2,2,2,"422,2,2,2"
423,1,2,1,"423,1,2,1"
424,2,2,1,"424,2,2,1"
425,1,2,1,"425,1,2,1"
426,2,1,2,"426,2,1,2"
427,1,2,2,"427,1,2,2"
428,2,1,1,"428,2,1,1"
429,2,1,2,"429,2,1,2"
430,2,2,2,"430,2,2,2"
431,2,1,1,"431,2,1,1"
432,1,1,1,"432,1,1,1"
433,2,1,1,"433,2,1,1"
434,1,1,1,"434,1,1,1"
435,1,2,2,"435,1,2,2"
436,2,2,1,"436,2,2,1"
437,1,1,2,"437,1,1,2"
438,1,1,2,"438,1,1,2"
439,1,2,2,"439,1,2,2"
440,2,1,1,"440,2,1,1"
441,2,1,2,"441,2,1,2"
442,1,2,2,"442,1,2,2"
443,2,2,1,"443,2,2,1"
444,1,1,1,"444,1,1,1"
445,2,1,2,"445,2,1,2"
446,2,1,1,"446,2,1,1"
447,2,1,1,"447,2,1,1"
448,2,2,2,"448,2,2,2"
449,1,2,1,"449,1,2,1"
450,1,1,2,"450,1,1,2"
451,1,2,2,"451,1,2,2"
452,1,2,1,"452,1,2,1"
453,2,2,2,"453,2,2,2"
454,1,2,1,"454,1,2,1"
455,1,1,1,"455,1,1,1"
456,2,1,1,"456,2,1,1"
457,2,1,1,"457,2,1,1"
458,2,1,2,"458,2,1,2"
459,2,2,2,"459,2,2,2"
460,1,1,2,"460,1,1,2"
461,2,2,2,"461,2,2,2"
462,2,1,2,"462,2,1,2"
463,2,2,1,"463,2,2,1"
464,2,1,1,"464,2,1,1"
465,2,2,2,"465,2,2,2"
466,2,1,1,"466,2,1,1"
467,2,2,2,"467,2,2,2"
468,1,1,2,"468,1,1,2"
469,1,1,1,"469,1,1,1"
470,2,2,2,"470,2,2,2"
471,2,2,2,"471,2,2,2"
472,1,2,1,"472,1,2,1"
473,2,1,2,"473,2,1,2"
474,2,1,1,"474,2,1,1"
475,1,1,2,"475,1,1,2"
476,2,2,2,"476,2,2,2"
477,2,2,2,"477,2,2,2"
478,2,2,1,"478,2,2,1"
479,1,2,2,"479,1,2,2"
480,1,1,2,"480,1,1,2"
481,1,1,2,"481,1,1,2"
482,1,1,2,"482,1,1,2"
483,1,1,2,"483,1,1,2"
484,2,1,1,"484,2,1,1"
485,2,2,2,"485,2,2,2"
486,1,1,1,"486,1,1,1"
487,2,1,2,"487,2,1,2"
488,2,1,2,"488,2,1,2"
489,1,2,2,"489,1,2,2"
490,1,2,1,"490,1,2,1"
491,2,2,2,"491,2,2,2"
492,1,2,1,"492,1,2,1"
493,2,1,1,"493,2,1,1"
494,2,1,2,"494,2,1,2"
495,1,1,1,"495,1,1,1"
496,1,2,2,"496,1,2,2"
497,1,2,2,"497,1,2,2"
498,2,1,1,"498,2,1,1"
499,2,2,2,"499,2,2,2"
500,2,1,1,"500,2,1,1"
501,1,2,1,"501,1,2,1"
502,2,2,1,"502,2,2,1"
503,2,2,1,"503,2,2,1"
504,2,1,2,"504,2,1,2"
505,1,1,2,"505,1,1,2"
506,2,2,1,"506,2,2,1"
507,1,1,2,"507,1,1,2"
508,1,2,2,"508,1,2,2"
509,1,1,1,"509,1,1,1"
510,1,2,1,"510,1,2,1"
511,2,1,1,"511,2,1,1"
512,1,2,2,"512,1,2,2"
513,1,1,1,"513,1,1,1"
514,2,2,2,"514,2,2,2"
515,2,1,1,"515,2,1,1"
516,1,1,1,"516,1,1,1"
517,1,2,1,"517,1,2,1"
518,1,1,1,"518,1,1,1"
519,2,2,2,"519,2,2,2"
520,1,1,1,"520,1,1,1"
521,2,1,1,"521,2,1,1"
522,1,2,2,"522,1,2,2"
523,1,1,2,"523,1,1,2"
524,2,2,2,"524,2,2,2"
525,2,2,2,"525,2,2,2"
526,1,1,1,"526,1,1,1"
527,2,2,1,"527,2,2,1"
528,1,2,1,"528,1,2,1"
529,1,2,1,"529,1,2,1"
530,2,1,1,"530,2,1,1"
531,2,2,1,"531,2,2,1"
532,2,1,1,"532,2,1,1"
533,2,1,1,"533,2,1,1"
534,2,1,1,"534,2,1,1"
535,1,2,1,"535,1,2,1"
536,2,1,1,"536,2,1,1"
537,1,2,1,"537,1,2,1"
538,2,1,2,"538,2,1,2"
539,1,1,2,"539,1,1,2"
540,2,2,1,"540,2,2,1"
541,2,1,2,"541,2,1,2"
542,2,1,2,"542,2,1,2"
543,1,1,1,"543,1,1,1"
544,2,2,1,"544,2,2,1"
545,2,2,1,"545,2,2,1"
546,1,2,1,"546,1,2,1"
547,2,1,2,"547,2,1,2"
548,1,1,1,"548,1,1,1"
549,2,2,1,"549,2,2,1"
550,2,1,1,"550,2,1,1"
551,1,1,1,"551,1,1,1"
552,2,1,1,"552,2,1,1"
553,1,2,2,"553,1,2,2"
554,1,1,2,"554,1,1,2"
555,2,1,1,"555,2,1,1"
556,2,1,1,"556,2,1,1"
557,1,2,2,"557,1,2,2"
558,1,2,1,"558,1,2,1"
559,2,2,1,"559,2,2,1"
560,2,1,1,"560,2,1,1"
561,1,2,1,"561,1,2,1"
562,1,2,1,"562,1,2,1"
563,1,2,1,"563,1,2,1"
564,2,2,2,"564,2,2,2"
565,1,1,2,"565,1,1,2"
566,1,2,2,"566,1,2,2"
567,1,2,1,"567,1,2,1"
568,1,2,1,"568,1,2,1"
569,1,1,1,"569,1,1,1"
570,2,2,1,"570,2,2,1"
571,1,2,1,"571,1,2,1"
572,2,2,1,"572,2,2,1"
573,2,2,2,"573,2,2,2"
574,1,2,2,"574,1,2,2"
575,2,1,2,"575,2,1,2"
576,1,1,2,"576,1,1,2"
577,1,2,1,"577,1,2,1"
578,2,1,1,"578,2,1,1"
579,2,2,1,"579,2,2,1"
580,1,2,2,"580,1,2,2"
581,2,2,2,"581,2,2,2"
582,2,1,2,"582,2,1,2"
583,1,1,1,"583,1,1,1"
584,2,2,1,"584,2,2,1"
585,1,1,1,"585,1,1,1"
586,2,1,1,"586,2,1,1"
587,2,2,1,"587,2,2,1"
588,2,1,1,"588,2,1,1"
589,1,2,1,"589,1,2,1"
590,2,1,1,"590,2,1,1"
591,2,2,2,"591,2,2,2"
592,2,1,2,"592,2,1,2"
593,1,2,1,"593,1,2,1"
594,1,2,2,"594,1,2,2"
595,2,2,2,"595,2,2,2"
596,2,2,1,"596,2,2,1"
597,2,1,1,"597,2,1,1"
598,2,1,1,"598,2,1,1"
599,2,1,1,"599,2,1,1"
600,2,1,2,"600,2,1,2"
601,2,1,1,"601,2,1,1"
602,1,1,2,"602,1,1,2"
603,1,1,1,"603,1,1,1"
604,2,2,1,"604,2,2,1"
605,2,2,2,"605,2,2,2"
606,1,2,2,"606,1,2,2"
607,2,1,2,"607,2,1,2"
608,1,2,2,"608,1,2,2"
609,1,1,2,"609,1,1,2"
610,2,1,2,"610,2,1,2"
611,1,1,2,"611,1,1,2"
612,2,1,2,"612,2,1,2"
613,1,2,1,"613,1,2,1"
614,2,1,1,"614,2,1,1"
615,1,1,1,"615,1,1,1"
616,2,2,2,"616,2,2,2"
617,2,1,1,"617,2,1,1"
618,2,1,1,"618,2,1,1"
619,2,1,1,"619,2,1,1"
620,2,1,2,"620,2,1,2"
621,1,1,2,"621,1,1,2"
622,1,1,1,"622,1,1,1"
623,1,1,1,"623,1,1,1"
624,2,1,1,"624,2,1,1"
625,1,1,2,"625,1,1,2"
626,2,2,2,"626,2,2,2"
627,2,1,1,"627,2,1,1"
628,1,2,2,"628,1,2,2"
629,1,1,2,"629,1,1,2"
630,1,2,2,"630,1,2,2"
631,1,1,1,"631,1,1,1"
632,2,1,1,"632,2,1,1"
633,1,2,1,"633,1,2,1"
634,1,1,1,"634,1,1,1"
635,2,2,1,"635,2,2,1"
636,1,2,1,"636,1,2,1"
637,2,2,1,"637,2,2,1"
638,2,1,1,"638,2,1,1"
639,2,2,1,"639,2,2,1"
640,1,1,1,"640,1,1,1"
641,2,2,2,"641,2,2,2"
642,1,2,1,"642,1,2,1"
643,1,2,2,"643,1,2,2"
644,1,1,1,"644,1,1,1"
645,1,2,2,"645,1,2,2"
646,2,2,1,"646,2,2,1"
647,2,2,1,"647,2,2,1"
648,2,2,2,"648,2,2,2"
649,2,2,1,"649,2,2,1"
650,2,1,2,"650,2,1,2"
651,1,1,2,"651,1,1,2"
652,1,1,2,"652,1,1,2"
653,1,2,2,"653,1,2,2"
654,2,1,1,"654,2,1,1"
655,1,1,1,"655,1,1,1"
656,2,2,2,"656,2,2,2"
657,1,2,2,"657,1,2,2"
658,1,1,2,"658,1,1,2"
659,2,1,1,"659,2,1,1"
660,1,1,2,"660,1,1,2"
661,2,1,1,"661,2,1,1"
662,2,2,2,"662,2,2,2"
663,1,1,1,"663,1,1,1"
664,1,2,2,"664,1,2,2"
665,1,1,1,"665,1,1,1"
666,1,1,1,"666,1,1,1"
667,1,2,1,"667,1,2,1"
668,1,1,2,"668,1,1,2"
669,1,1,2,"669,1,1,2"
670,1,2,1,"670,1,2,1"
671,1,2,1,"671,1,2,1"
672,1,2,1,"672,1,2,1"
673,2,1,1,"673,2,1,1"
674,2,2,1,"674,2,2,1"
675,1,1,2,"675,1,1,2"
676,2,2,1,"676,2,2,1"
677,1,2,2,"677,1,2,2"
678,2,1,2,"678,2,1,2"
679,2,1,1,"679,2,1,1"
680,1,2,1,"680,1,2,1"
681,2,2,1,"681,2,2,1"
682,2,1,1,"682,2,1,1"
683,1,2,1,"683,1,2,1"
684,2,2,2,"684,2,2,2"
685,1,1,1,"685,1,1,1"
686,1,2,1,"686,1,2,1"
687,1,2,2,"687,1,2,2"
688,1,2,2,"688,1,2,2"
689,2,2,1,"689,2,2,1"
690,1,1,1,"690,1,1,1"
691,2,1,1,"691,2,1,1"
692,1,1,1,"692,1,1,1"
693,2,1,2,"693,2,1,2"
694,2,1,2,"694,2,1,2"
695,2,2,1,"695,2,2,1"
696,2,2,2,"696,2,2,2"
697,1,2,1,"697,1,2,1"
698,2,1,1,"698,2,1,1"
699,2,1,2,"699,2,1,2"
700,2,1,2,"700,2,1,2"
701,1,1,1,"701,1,1,1"
702,1,1,1,"702,1,1,1"
703,1,1,2,"703,1,1,2"
704,1,1,1,"704,1,1,1"
705,1,2,1,"705,1,2,1"
706,1,1,2,"706,1,1,2"
707,2,2,2,"707,2,2,2"
708,1,2,1,"708,1,2,1"
709,1,2,2,"709,1,2,2"
710,1,2,2,"710,1,2,2"
711,2,1,2,"711,2,1,2"
712,2,1,2,"712,2,1,2"
713,1,2,2,"713,1,2,2"
714,2,2,2,"714,2,2,2"
715,2,1,2,"715,2,1,2"
716,2,2,2,"716,2,2,2"
717,1,1,2,"717,1,1,2"
718,2,2,1,"718,2,2,1"
719,1,1,2,"719,1,1,2"
720,1,2,2,"720,1,2,2"
721,2,1,2,"721,2,1,2"
722,1,2,1,"722,1,2,1"
723,2,1,1,"723,2,1,1"
724,2,2,2,"724,2,2,2"
725,2,1,1,"725,2,1,1"
726,1,2,2,"726,1,2,2"
727,1,2,2,"727,1,2,2"
728,1,2,2,"728,1,2,2"
729,1,1,2,"729,1,1,2"
730,1,1,2,"730,1,1,2"
731,1,1,2,"731,1,1,2"
732,1,2,1,"732,1,2,1"
733,1,1,1,"733,1,1,1"
734,2,1,2,"734,2,1,2"
735,1,2,2,"735,1,2,2"
736,2,1,2,"736,2,1,2"
737,1,1,2,"737,1,1,2"
738,1,1,2,"738,1,1,2"
739,2,2,2,"739,2,2,2"
740,2,1,1,"740,2,1,1"
741,2,1,1,"741,2,1,1"
742,1,2,2,"742,1,2,2"
743,1,1,2,"743,1,1,2"
744,2,2,1,"744,2,2,1"
745,1,2,2,"745,1,2,2"
746,1,1,1,"746,1,1,1"
747,2,1,2,"747,2,1,2"
748,1,1,1,"748,1,1,1"
749,2,1,1,"749,2,1,1"
750,2,1,1,"750,2,1,1"
751,1,1,2,"751,1,1,2"
752,1,1,2,"752,1,1,2"
753,1,1,1,"753,1,1,1"
754,1,2,1,"754,1,2,1"
755,1,1,2,"755,1,1,2"
756,2,1,2,"756,2,1,2"
757,2,2,1,"757,2,2,1"
758,1,2,1,"758,1,2,1"
759,1,1,1,"759,1,1,1"
760,2,2,2,"760,2,2,2"
761,1,2,2,"761,1,2,2"
762,1,1,1,"762,1,1,1"
763,2,2,2,"763,2,2,2"
764,1,2,2,"764,1,2,2"
765,1,1,1,"765,1,1,1"
766,1,2,1,"766,1,2,1"
767,1,1,2,"767,1,1,2"
768,2,1,1,"768,2,1,1"
769,2,2,2,"769,2,2,2"
770,2,1,2,"770,2,1,2"
771,1,2,1,"771,1,2,1"
772,2,2,1,"772,2,2,1"
773,1,2,1,"773,1,2,1"
774,1,1,2,"774,1,1,2"
775,2,2,1,"775,2,2,1"
776,2,1,1,"776,2,1,1"
777,1,2,1,"777,1,2,1"
778,2,1,2,"778,2,1,2"
779,2,2,2,"779,2,2,2"
780,1,2,1,"780,1,2,1"
781,2,1,1,"781,2,1,1"
782,2,2,2,"782,2,2,2"
783,2,1,1,"783,2,1,1"
784,2,1,1,"784,2,1,1"
785,2,1,2,"785,2,1,2"
786,2,1,2,"786,2,1,2"
787,1,2,1,"787,1,2,1"
788,1,2,2,"788,1,2,2"
789,2,2,2,"789,2,2,2"
790,1,2,2,"790,1,2,2"
791,2,1,1,"791,2,1,1"
792,2,2,1,"792,2,2,1"
793,2,1,1,"793,2,1,1"
794,1,2,2,"794,1,2,2"
795,2,1,1,"795,2,1,1"
796,2,1,2,"796,2,1,2"
797,1,2,1,"797,1,2,1"
798,2,2,2,"798,2,2,2"
799,1,1,2,"799,1,1,2"
800,1,1,2,"800,1,1,2"
801,2,2,1,"801,2,2,1"
802,2,2,2,"802,2,2,2"
803,2,2,1,"803,2,2,1"
804,1,1,1,"804,1,1,1"
805,2,1,1,"805,2,1,1"
806,1,2,1,"806,1,2,1"
807,1,2,2,"807,1,2,2"
808,2,1,1,"808,2,1,1"
809,2,1,1,"809,2,1,1"
810,1,2,1,"810,1,2,1"
811,1,1,2,"811,1,1,2"
812,2,2,1,"812,2,2,1"
813,2,2,2,"813,2,2,2"
814,2,1,2,"814,2,1,2"
815,2,1,1,"815,2,1,1"
816,2,1,2,"816,2,1,2"
817,2,2,1,"817,2,2,1"
818,2,2,2,"818,2,2,2"
819,2,1,1,"819,2,1,1"
820,1,1,1,"820,1,1,1"
821,2,2,2,"821,2,2,2"
822,2,1,1,"822,2,1,1"
823,2,1,2,"823,2,1,2"
824,1,2,1,"824,1,2,1"
825,1,1,2,"825,1,1,2"
826,1,2,1,"826,1,2,1"
827,1,1,2,"827,1,1,2"
828,1,1,1,"828,1,1,1"
829,1,1,1,"829,1,1,1"
830,1,2,2,"830,1,2,2"
831,2,1,2,"831,2,1,2"
832,2,2,1,"832,2,2,1"
833,1,1,2,"833,1,1,2"
834,1,1,1,"834,1,1,1"
835,2,2,1,"835,2,2,1"
836,1,1,1,"836,1,1,1"
837,2,2,2,"837,2,2,2"
838,1,2,1,"838,1,2,1"
839,2,1,1,"839,2,1,1"
840,2,1,1,"840,2,1,1"
841,2,2,2,"841,2,2,2"
842,1,2,2,"842,1,2,2"
843,1,1,2,"843,1,1,2"
844,2,2,2,"844,2,2,2"
845,1,2,1,"845,1,2,1"
846,1,2,1,"846,1,2,1"
847,2,2,2,"847,2,2,2"
848,1,2,2,"848,1,2,2"
849,2,1,1,"849,2,1,1"
850,1,2,2,"850,1,2,2"
851,2,2,1,"851,2,2,1"
852,1,2,1,"852,1,2,1"
853,1,2,2,"853,1,2,2"
854,2,2,2,"854,2,2,2"
855,1,1,2,"855,1,1,2"
856,2,1,1,"856,2,1,1"
857,2,2,2,"857,2,2,2"
858,2,2,1,"858,2,2,1"
859,1,2,2,"859,1,2,2"
860,2,2,1,"860,2,2,1"
861,1,2,2,"861,1,2,2"
862,1,1,2,"862,1,1,2"
863,2,2,1,"863,2,2,1"
864,1,1,2,"864,1,1,2"
865,1,2,2,"865,1,2,2"
866,1,2,2,"866,1,2,2"
867,1,1,1,"867,1,1,1"
868,1,2,1,"868,1,2,1"
869,1,1,2,"869,1,1,2"
870,2,1,2,"870,2,1,2"
871,2,2,1,"871,2,2,1"
872,1,1,1,"872,1,1,1"
873,2,2,1,"873,2,2,1"
874,1,1,2,"874,1,1,2"
875,2,2,1,"875,2,2,1"
876,2,2,1,"876,2,2,1"
877,2,2,2,"877,2,2,2"
878,1,1,1,"878,1,1,1"
879,1,1,2,"879,1,1,2"
880,1,1,1,"880,1,1,1"
881,1,2,1,"881,1,2,1"
882,1,2,2,"882,1,2,2"
883,1,2,2,"883,1,2,2"
884,2,2,1,"884,2,2,1"
885,1,1,1,"885,1,1,1"
886,2,2,1,"886,2,2,1"
887,2,1,2,"887,2,1,2"
888,1,1,2,"888,1,1,2"
889,2,1,2,"889,2,1,2"
890,2,2,2,"890,2,2,2"
891,2,1,1,"891,2,1,1"
892,2,1,2,"892,2,1,2"
893,1,1,2,"893,1,1,2"
894,1,2,1,"894,1,2,1"
895,2,1,2,"895,2,1,2"
896,1,2,2,"896,1,2,2"
897,1,2,2,"897,1,2,2"
898,1,1,1,"898,1,1,1"
899,2,1,2,"899,2,1,2"
900,2,1,2,"900,2,1,2"
901,2,1,1,"901,2,1,1"
902,1,2,2,"902,1,2,2"
903,2,1,1,"903,2,1,1"
904,1,1,2,"904,1,1,2"
905,1,1,2,"905,1,1,2"
906,2,1,1,"906,2,1,1"
907,1,1,2,"907,1,1,2"
908,2,1,1,"908,2,1,1"
909,1,2,1,"909,1,2,1"
910,1,2,2,"910,1,2,2"
911,1,2,2,"911,1,2,2"
912,2,2,1,"912,2,2,1"
913,1,1,1,"913,1,1,1"
914,2,1,1,"914,2,1,1"
915,1,2,1,"915,1,2,1"
916,2,1,2,"916,2,1,2"
917,1,1,1,"917,1,1,1"
918,2,2,2,"918,2,2,2"
919,1,2,2,"919,1,2,2"
920,1,2,1,"920,1,2,1"
921,2,1,1,"921,2,1,1"
922,1,1,1,"922,1,1,1"
923,2,2,2,"923,2,2,2"
924,1,2,2,"924,1,2,2"
925,2,1,2,"925,2,1,2"
926,1,1,2,"926,1,1,2"
927,1,1,2,"927,1,1,2"
928,1,2,2,"928,1,2,2"
929,2,1,2,"929,2,1,2"
930,2,1,1,"930,2,1,1"
931,1,2,2,"931,1,2,2"
932,1,1,2,"932,1,1,2"
933,1,1,2,"933,1,1,2"
934,1,1,1,"934,1,1,1"
935,2,2,1,"935,2,2,1"
936,2,1,1,"936,2,1,1"
937,2,2,1,"937,2,2,1"
938,2,2,2,"938,2,2,2"
939,1,2,2,"939,1,2,2"
940,2,2,1,"940,2,2,1"
941,2,2,2,"941,2,2,2"
942,2,1,2,"942,2,1,2"
943,2,2,1,"943,2,2,1"
944,1,1,2,"944,1,1,2"
945,2,2,2,"945,2,2,2"
946,1,1,1,"946,1,1,1"
947,1,2,2,"947,1,2,2"
948,1,2,2,"948,1,2,2"
949,2,2,2,"949,2,2,2"
950,2,2,1,"950,2,2,1"
951,2,2,2,"951,2,2,2"
952,1,1,2,"952,1,1,2"
953,1,1,1,"953,1,1,1"
954,1,1,2,"954,1,1,2"
955,2,1,1,"955,2,1,1"
956,2,2,1,"956,2,2,1"
957,2,2,2,"957,2,2,2"
958,2,1,2,"958,2,1,2"
959,1,1,1,"959,1,1,1"
960,2,2,2,"960,2,2,2"
961,2,2,1,"961,2,2,1"
962,2,2,1,"962,2,2,1"
963,1,1,1,"963,1,1,1"
964,1,1,1,"964,1,1,1"
965,1,1,2,"965,1,1,2"
966,1,2,2,"966,1,2,2"
967,2,2,2,"967,2,2,2"
968,1,1,1,"968,1,1,1"
969,1,2,2,"969,1,2,2"
970,2,2,1,"970,2,2,1"
971,1,1,2,"971,1,1,2"
972,2,2,2,"972,2,2,2"
973,1,2,1,"973,1,2,1"
974,2,2,2,"974,2,2,2"
975,2,1,1,"975,2,1,1"
976,2,1,1,"976,2,1,1"
977,2,2,1,"977,2,2,1"
978,2,2,1,"978,2,2,1"
979,1,2,1,"979,1,2,1"
980,2,2,1,"980,2,2,1"
981,2,2,2,"981,2,2,2"
982,2,2,1,"982,2,2,1"
983,2,2,2,"983,2,2,2"
984,1,2,2,"984,1,2,2"
985,2,1,2,"985,2,1,2"
986,1,1,1,"986,1,1,1"
987,1,1,1,"987,1,1,1"
988,2,2,1,"988,2,2,1"
989,1,2,1,"989,1,2,1"
990,1,1,1,"990,1,1,1"
991,2,2,1,"991,2,2,1"
992,2,1,2,"992,2,1,2"
993,1,1,1,"993,1,1,1"
994,2,2,1,"994,2,2,1"
995,2,1,1,"995,2,1,1"
996,2,2,1,"996,2,2,1"
997,2,2,2,"997,2,2,2"
998,1,2,2,"998,1,2,2"
999,1,1,1,"999,1,1,1"
1000,2,1,1,"1000,2,1,1"
1001,1,1,2,"1001,1,1,2"
1002,2,2,2,"1002,2,2,2"
1003,1,2,1,"1003,1,2,1"
1004,2,1,2,"1004,2,1,2"
1005,1,2,2,"1005,1,2,2"
1006,1,2,1,"1006,1,2,1"
1007,2,1,1,"1007,2,1,1"
1008,1,2,1,"1008,1,2,1"
1009,1,2,1,"1009,1,2,1"
1010,2,2,1,"1010,2,2,1"
1011,2,1,1,"1011,2,1,1"
1012,2,1,2,"1012,2,1,2"
1013,2,2,1,"1013,2,2,1"
1014,2,1,2,"1014,2,1,2"
1015,1,1,2,"1015,1,1,2"
1016,2,2,2,"1016,2,2,2"
1017,1,1,1,"1017,1,1,1"
1018,2,1,1,"1018,2,1,1"
1019,2,2,1,"1019,2,2,1"
1020,1,2,1,"1020,1,2,1"
1021,1,2,1,"1021,1,2,1"
1022,1,1,1,"1022,1,1,1"
1023,1,2,2,"1023,1,2,2"
1024,2,2,1,"1024,2,2,1"
1025,2,2,2,"1025,2,2,2"
1026,1,1,2,"1026,1,1,2"
1027,2,2,2,"1027,2,2,2"
1028,1,1,2,"1028,1,1,2"
1029,2,2,2,"1029,2,2,2"
1030,2,1,1,"1030,2,1,1"
1031,1,2,2,"1031,1,2,2"
1032,1,1,2,"1032,1,1,2"
1033,1,2,1,"1033,1,2,1"
1034,2,2,1,"1034,2,2,1"
1035,2,1,2,"1035,2,1,2"
1036,1,2,1,"1036,1,2,1"
1037,2,1,2,"1037,2,1,2"
1038,2,2,2,"1038,2,2,2"
1039,1,1,1,"1039,1,1,1"
1040,2,1,2,"1040,2,1,2"
1041,2,1,2,"1041,2,1,2"
1042,2,2,1,"1042,2,2,1"
1043,1,1,1,"1043,1,1,1"
1044,2,1,2,"1044,2,1,2"
1045,1,2,1,"1045,1,2,1"
1046,2,2,2,"1046,2,2,2"
1047,1,2,1,"1047,1,2,1"
1048,2,2,1,"1048,2,2,1"
1049,1,2,1,"1049,1,2,1"
1050,1,1,2,"1050,1,1,2"
1051,1,1,2,"1051,1,1,2"
1052,2,1,1,"1052,2,1,1"
1053,2,2,1,"1053,2,2,1"
1054,1,2,1,"1054,1,2,1"
1055,2,2,2,"1055,2,2,2"
1056,2,1,2,"1056,2,1,2"
1057,1,1,2,"1057,1,1,2"
1058,2,1,2,"1058,2,1,2"
1059,1,1,2,"1059,1,1,2"
1060,2,2,1,"1060,2,2,1"
1061,1,1,1,"1061,1,1,1"
1062,1,2,1,"1062,1,2,1"
1063,2,1,1,"1063,2,1,1"
1064,1,2,2,"1064,1,2,2"
1065,1,2,1,"1065,1,2,1"
1066,2,2,2,"1066,2,2,2"
1067,2,1,1,"1067,2,1,1"
1068,1,1,1,"1068,1,1,1"
1069,2,1,2,"1069,2,1,2"
1070,1,1,1,"1070,1,1,1"
1071,1,2,2,"1071,1,2,2"
1072,1,1,1,"1072,1,1,1"
1073,2,1,2,"1073,2,1,2"
1074,2,2,1,"1074,2,2,1"
1075,2,1,1,"1075,2,1,1"
1076,1,1,1,"1076,1,1,1"
1077,2,2,2,"1077,2,2,2"
1078,2,1,1,"1078,2,1,1"
1079,1,2,1,"1079,1,2,1"
1080,1,1,2,"1080,1,1,2"
1081,2,1,2,"1081,2,1,2"
1082,2,1,1,"1082,2,1,1"
1083,2,2,2,"1083,2,2,2"
1084,2,1,2,"1084,2,1,2"
1085,2,2,2,"1085,2,2,2"
1086,2,1,1,"1086,2,1,1"
1087,2,1,2,"1087,2,1,2"
1088,1,1,1,"1088,1,1,1"
1089,2,1,2,"1089,2,1,2"
1090,2,2,2,"1090,2,2,2"
1091,1,2,2,"1091,1,2,2"
1092,1,2,2,"1092,1,2,2"
1093,2,2,1,"1093,2,2,1"
1094,1,1,1,"1094,1,1,1"
1095,2,2,2,"1095,2,2,2"
1096,1,2,1,"1096,1,2,1"
1097,2,2,1,"1097,2,2,1"
1098,2,1,1,"1098,2,1,1"
1099,1,1,1,"1099,1,1,1"
1100,2,1,2,"1100,2,1,2"
1101,1,2,1,"1101,1,2,1"
1102,1,1,2,"1102,1,1,2"
1103,2,1,2,"1103,2,1,2"
1104,1,2,1,"1104,1,2,1"
1105,2,1,1,"1105,2,1,1"
1106,2,1,2,"1106,2,1,2"
1107,1,2,1,"1107,1,2,1"
1108,2,2,1,"1108,2,2,1"
1109,2,1,1,"1109,2,1,1"
1110,1,2,1,"1110,1,2,1"
1111,2,1,2,"1111,2,1,2"
1112,1,1,2,"1112,1,1,2"
1113,2,2,1,"1113,2,2,1"
1114,2,2,2,"1114,2,2,2"
1115,1,2,2,"1115,1,2,2"
1116,2,2,1,"1116,2,2,1"
1117,2,1,1,"1117,2,1,1"
1118,2,1,1,"1118,2,1,1"
1119,1,1,2,"1119,1,1,2"
1120,2,1,1,"1120,2,1,1"
1121,1,1,1,"1121,1,1,1"
1122,2,2,2,"1122,2,2,2"
1123,2,1,1,"1123,2,1,1"
1124,1,1,2,"1124,1,1,2"
1125,2,1,2,"1125,2,1,2"
1126,1,2,2,"1126,1,2,2"
1127,2,1,1,"1127,2,1,1"
1128,1,2,1,"1128,1,2,1"
1129,1,1,1,"1129,1,1,1"
1130,1,2,1,"1130,1,2,1"
1131,1,2,1,"1131,1,2,1"
1132,1,2,2,"1132,1,2,2"
1133,2,2,1,"1133,2,2,1"
1134,1,1,1,"1134,1,1,1"
1135,2,2,1,"1135,2,2,1"
1136,2,1,2,"1136,2,1,2"
1137,1,2,2,"1137,1,2,2"
1138,2,1,1,"1138,2,1,1"
1139,1,1,1,"1139,1,1,1"
1140,1,1,2,"1140,1,1,2"
1141,2,1,2,"1141,2,1,2"
1142,2,1,1,"1142,2,1,1"
1143,1,2,1,"1143,1,2,1"
1144,1,1,1,"1144,1,1,1"
1145,1,1,1,"1145,1,1,1"
1146,1,2,1,"1146,1,2,1"
1147,2,1,2,"1147,2,1,2"
1148,2,2,2,"1148,2,2,2"
1149,1,2,1,"1149,1,2,1"
1150,2,2,2,"1150,2,2,2"
1151,1,2,1,"1151,1,2,1"
1152,2,2,1,"1152,2,2,1"
1153,1,1,1,"1153,1,1,1"
1154,2,1,1,"1154,2,1,1"
1155,1,1,2,"1155,1,1,2"
1156,2,1,2,"1156,2,1,2"
1157,2,1,1,"1157,2,1,1"
1158,2,2,1,"1158,2,2,1"
1159,2,2,1,"1159,2,2,1"
1160,1,2,1,"1160,1,2,1"
1161,1,2,1,"1161,1,2,1"
1162,1,2,2,"1162,1,2,2"
1163,1,1,2,"1163,1,1,2"
1164,2,2,1,"1164,2,2,1"
1165,1,1,2,"1165,1,1,2"
1166,1,1,1,"1166,1,1,1"
1167,1,1,1,"1167,1,1,1"
1168,1,2,1,"1168,1,2,1"
1169,2,2,1,"1169,2,2,1"
1170,2,1,1,"1170,2,1,1"
1171,2,2,2,"1171,2,2,2"
1172,1,1,1,"1172,1,1,1"
1173,2,2,1,"1173,2,2,1"
1174,1,2,2,"1174,1,2,2"
1175,2,2,1,"1175,2,2,1"
1176,2,2,1,"1176,2,2,1"
1177,2,2,2,"1177,2,2,2"
1178,1,2,1,"1178,1,2,1"
1179,1,1,2,"1179,1,1,2"
1180,1,1,1,"1180,1,1,1"
1181,1,1,2,"1181,1,1,2"
1182,2,1,2,"1182,2,1,2"
1183,2,2,1,"1183,2,2,1"
1184,1,1,2,"1184,1,1,2"
1185,1,1,1,"1185,1,1,1"
1186,1,1,2,"1186,1,1,2"
1187,2,1,2,"1187,2,1,2"
1188,2,2,1,"1188,2,2,1"
1189,1,1,1,"1189,1,1,1"
1190,2,2,1,"1190,2,2,1"
1191,1,1,1,"1191,1,1,1"
1192,2,2,2,"1192,2,2,2"
1193,2,2,1,"1193,2,2,1"
1194,2,2,1,"1194,2,2,1"
1195,2,1,2,"1195,2,1,2"
1196,2,1,1,"1196,2,1,1"
1197,2,2,1,"1197,2,2,1"
1198,2,1,2,"1198,2,1,2"
1199,1,2,2,"1199,1,2,2"
1200,1,2,1,"1200,1,2,1"
1201,1,2,2,"1201,1,2,2"
1202,1,1,1,"1202,1,1,1"
1203,1,1,1,"1203,1,1,1"
1204,1,2,2,"1204,1,2,2"
1205,2,1,1,"1205,2,1,1"
1206,2,2,1,"1206,2,2,1"
1207,1,1,1,"1207,1,1,1"
1208,1,2,2,"1208,1,2,2"
1209,1,2,2,"1209,1,2,2"
1210,1,1,1,"1210,1,1,1"
1211,1,1,2,"1211,1,1,2"
1212,1,2,2,"1212,1,2,2"
1213,2,2,1,"1213,2,2,1"
1214,1,2,1,"1214,1,2,1"
1215,1,2,2,"1215,1,2,2"
1216,2,2,1,"1216,2,2,1"
1217,2,2,1,"1217,2,2,1"
1218,2,1,2,"1218,2,1,2"
1219,2,1,2,"1219,2,1,2"
1220,1,2,1,"1220,1,2,1"
1221,1,2,2,"1221,1,2,2"
1222,1,1,2,"1222,1,1,2"
1223,2,1,2,"1223,2,1,2"
1224,1,1,2,"1224,1,1,2"
1225,2,2,2,"1225,2,2,2"
1226,1,2,1,"1226,1,2,1"
1227,1,1,2,"1227,1,1,2"
1228,2,1,1,"1228,2,1,1"
1229,2,2,1,"1229,2,2,1"
1230,1,2,2,"1230,1,2,2"
1231,1,1,1,"1231,1,1,1"
1232,2,1,2,"1232,2,1,2"
1233,2,1,2,"1233,2,1,2"
1234,1,1,2,"1234,1,1,2"
1235,1,1,1,"1235,1,1,1"
1236,1,2,2,"1236,1,2,2"
1237,2,2,2,"1237,2,2,2"
1238,1,2,2,"1238,1,2,2"
1239,2,2,2,"1239,2,2,2"
1240,2,1,1,"1240,2,1,1"
1241,2,1,2,"1241,2,1,2"
1242,1,2,1,"1242,1,2,1"
1243,2,2,2,"1243,2,2,2"
1244,2,1,1,"1244,2,1,1"
1245,1,2,2,"1245,1,2,2"
1246,1,1,2,"1246,1,1,2"
1247,1,1,2,"1247,1,1,2"
1248,1,1,1,"1248,1,1,1"
1249,1,2,1,"1249,1,2,1"
1250,2,2,2,"1250,2,2,2"
1251,1,1,2,"1251,1,1,2"
1252,1,2,1,"1252,1,2,1"
1253,2,2,2,"1253,2,2,2"
1254,2,1,1,"1254,2,1,1"
1255,1,1,2,"1255,1,1,2"
1256,2,1,1,"1256,2,1,1"
1257,2,1,1,"1257,2,1,1"
1258,1,1,1,"1258,1,1,1"
1259,2,1,1,"1259,2,1,1"
1260,2,1,2,"1260,2,1,2"
1261,2,2,1,"1261,2,2,1"
1262,2,2,2,"1262,2,2,2"
1263,1,2,2,"1263,1,2,2"
1264,1,1,1,"1264,1,1,1"
1265,2,1,2,"1265,2,1,2"
1266,2,1,1,"1266,2,1,1"
1267,1,1,1,"1267,1,1,1"
1268,1,2,2,"1268,1,2,2"
1269,2,2,2,"1269,2,2,2"
1270,1,2,1,"1270,1,2,1"
1271,1,2,1,"1271,1,2,1"
1272,2,1,1,"1272,2,1,1"
1273,1,2,2,"1273,1,2,2"
1274,1,2,2,"1274,1,2,2"
1275,2,1,2,"1275,2,1,2"
1276,1,1,2,"1276,1,1,2"
1277,1,1,1,"1277,1,1,1"
1278,2,1,2,"1278,2,1,2"
1279,2,1,1,"1279,2,1,1"
1280,1,2,2,"1280,1,2,2"
1281,1,2,1,"1281,1,2,1"
1282,2,1,1,"1282,2,1,1"
1283,1,2,2,"1283,1,2,2"
1284,2,1,1,"1284,2,1,1"
1285,2,1,2,"1285,2,1,2"
1286,2,1,2,"1286,2,1,2"
1287,1,1,2,"1287,1,1,2"
1288,2,1,1,"1288,2,1,1"
1289,1,2,1,"1289,1,2,1"
1290,2,2,2,"1290,2,2,2"
1291,1,2,1,"1291,1,2,1"
1292,2,2,1,"1292,2,2,1"
1293,1,2,1,"1293,1,2,1"
1294,2,1,2,"1294,2,1,2"
1295,1,1,2,"1295,1,1,2"
1296,1,1,1,"1296,1,1,1"
1297,1,2,1,"1297,1,2,1"
1298,1,1,1,"1298,1,1,1"
1299,2,2,2,"1299,2,2,2"
1300,1,2,1,"1300,1,2,1"
1301,1,1,2,"1301,1,1,2"
1302,2,2,2,"1302,2,2,2"
1303,2,1,1,"1303,2,1,1"
1304,2,2,1,"1304,2,2,1"
1305,2,1,1,"1305,2,1,1"
1306,1,2,1,"1306,1,2,1"
1307,2,2,1,"1307,2,2,1"
1308,2,2,2,"1308,2,2,2"
1309,1,2,1,"1309,1,2,1"
1310,1,1,2,"1310,1,1,2"
1311,2,1,1,"1311,2,1,1"
1312,2,1,1,"1312,2,1,1"
1313,2,1,2,"1313,2,1,2"
1314,2,2,1,"1314,2,2,1"
1315,2,2,1,"1315,2,2,1"
1316,2,2,2,"1316,2,2,2"
1317,1,2,2,"1317,1,2,2"
1318,1,2,1,"1318,1,2,1"
1319,1,2,2,"1319,1,2,2"
1320,2,2,2,"1320,2,2,2"
1321,1,2,1,"1321,1,2,1"
1322,2,2,2,"1322,2,2,2"
1323,2,1,2,"1323,2,1,2"
1324,2,1,1,"1324,2,1,1"
1325,2,2,2,"1325,2,2,2"
1326,2,1,1,"1326,2,1,1"
1327,1,2,1,"1327,1,2,1"
1328,1,2,2,"1328,1,2,2"
1329,1,2,2,"1329,1,2,2"
1330,2,1,2,"1330,2,1,2"
1331,2,1,2,"1331,2,1,2"
1332,2,1,1,"1332,2,1,1"
1333,1,2,1,"1333,1,2,1"
1334,2,1,1,"1334,2,1,1"
1335,1,1,2,"1335,1,1,2"
1336,2,1,2,"1336,2,1,2"
1337,1,2,2,"1337,1,2,2"
1338,1,1,2,"1338,1,1,2"
1339,1,2,1,"1339,1,2,1"
1340,2,2,2,"1340,2,2,2"
1341,2,1,2,"1341,2,1,2"
1342,2,1,1,"1342,2,1,1"
1343,1,2,1,"1343,1,2,1"
1344,1,2,2,"1344,1,2,2"
1345,1,2,1,"1345,1,2,1"
1346,2,1,1,"1346,2,1,1"
1347,1,1,2,"1347,1,1,2"
1348,1,2,2,"1348,1,2,2"
1349,2,1,2,"1349,2,1,2"
1350,2,1,2,"1350,2,1,2"
1351,2,2,2,"1351,2,2,2"
1352,1,1,2,"1352,1,1,2"
1353,2,2,2,"1353,2,2,2"
1354,2,2,2,"1354,2,2,2"
1355,1,2,1,"1355,1,2,1"
1356,1,2,2,"1356,1,2,2"
1357,2,2,1,"1357,2,2,1"
1358,2,2,2,"1358,2,2,2"
1359,2,1,1,"1359,2,1,1"
1360,2,2,2,"1360,2,2,2"
1361,2,1,2,"1361,2,1,2"
1362,2,1,1,"1362,2,1,1"
1363,2,1,1,"1363,2,1,1"
1364,2,2,2,"1364,2,2,2"
1365,2,2,1,"1365,2,2,1"
1366,2,1,1,"1366,2,1,1"
1367,2,2,2,"1367,2,2,2"
1368,2,2,1,"1368,2,2,1"
1369,2,2,2,"1369,2,2,2"
1370,2,2,2,"1370,2,2,2"
1371,1,1,2,"1371,1,1,2"
1372,1,2,2,"1372,1,2,2"
1373,1,2,1,"1373,1,2,1"
1374,1,1,2,"1374,1,1,2"
1375,2,1,1,"1375,2,1,1"
1376,2,2,2,"1376,2,2,2"
1377,2,1,1,"1377,2,1,1"
1378,2,1,2,"1378,2,1,2"
1379,1,1,2,"1379,1,1,2"
1380,2,1,2,"1380,2,1,2"
1381,1,2,1,"1381,1,2,1"
1382,2,2,1,"1382,2,2,1"
1383,1,1,2,"1383,1,1,2"
1384,2,2,2,"1384,2,2,2"
1385,1,1,2,"1385,1,1,2"
1386,1,1,2,"1386,1,1,2"
1387,2,2,1,"1387,2,2,1"
1388,2,2,1,"1388,2,2,1"
1389,2,2,1,"1389,2,2,1"
1390,1,2,2,"1390,1,2,2"
1391,1,1,1,"1391,1,1,1"
1392,1,1,2,"1392,1,1,2"
1393,1,2,2,"1393,1,2,2"
1394,1,2,1,"1394,1,2,1"
1395,2,2,2,"1395,2,2,2"
1396,2,2,2,"1396,2,2,2"
1397,2,2,1,"1397,2,2,1"
1398,1,1,1,"1398,1,1,1"
1399,2,2,1,"1399,2,2,1"
1400,2,2,1,"1400,2,2,1"
1401,1,2,2,"1401,1,2,2"
1402,1,1,2,"1402,1,1,2"
1403,1,2,2,"1403,1,2,2"
1404,2,1,2,"1404,2,1,2"
1405,2,2,1,"1405,2,2,1"
1406,2,2,2,"1406,2,2,2"
1407,2,1,1,"1407,2,1,1"
1408,2,1,2,"1408,2,1,2"
1409,1,1,1,"1409,1,1,1"
1410,1,2,1,"1410,1,2,1"
1411,2,1,1,"1411,2,1,1"
1412,2,2,1,"1412,2,2,1"
1413,2,2,2,"1413,2,2,2"
1414,1,1,2,"1414,1,1,2"
1415,2,2,2,"1415,2,2,2"
1416,1,2,2,"1416,1,2,2"
1417,1,1,1,"1417,1,1,1"
1418,2,1,1,"1418,2,1,1"
1419,2,2,2,"1419,2,2,2"
1420,2,1,2,"1420,2,1,2"
1421,1,2,2,"1421,1,2,2"
1422,2,2,2,"1422,2,2,2"
1423,2,1,1,"1423,2,1,1"
1424,1,1,2,"1424,1,1,2"
1425,1,1,2,"1425,1,1,2"
1426,2,1,1,"1426,2,1,1"
1427,1,1,2,"1427,1,1,2"
1428,1,1,2,"1428,1,1,2"
1429,2,1,2,"1429,2,1,2"
1430,1,2,2,"1430,1,2,2"
1431,2,1,2,"1431,2,1,2"
1432,2,2,2,"1432,2,2,2"
1433,2,2,1,"1433,2,2,1"
1434,1,2,1,"1434,1,2,1"
1435,1,2,1,"1435,1,2,1"
1436,1,2,1,"1436,1,2,1"
1437,2,1,1,"1437,2,1,1"
1438,1,2,2,"1438,1,2,2"
1439,2,2,1,"1439,2,2,1"
1440,2,1,1,"1440,2,1,1"
1441,1,2,1,"1441,1,2,1"
1442,1,1,1,"1442,1,1,1"
1443,2,1,1,"1443,2,1,1"
1444,1,1,1,"1444,1,1,1"
1445,1,2,2,"1445,1,2,2"
1446,1,2,1,"1446,1,2,1"
1447,1,2,2,"1447,1,2,2"
1448,2,2,2,"1448,2,2,2"
1449,2,2,2,"1449,2,2,2"
1450,2,1,2,"1450,2,1,2"
1451,1,1,1,"1451,1,1,1"
1452,1,1,1,"1452,1,1,1"
1453,1,2,2,"1453,1,2,2"
1454,2,2,1,"1454,2,2,1"
1455,1,2,1,"1455,1,2,1"
1456,2,1,2,"1456,2,1,2"
1457,1,1,1,"1457,1,1,1"
1458,2,1,2,"1458,2,1,2"
1459,1,1,1,"1459,1,1,1"
1460,1,2,2,"1460,1,2,2"
1461,1,1,1,"1461,1,1,1"
1462,1,1,2,"1462,1,1,2"
1463,1,1,1,"1463,1,1,1"
1464,1,2,2,"1464,1,2,2"
1465,1,2,2,"1465,1,2,2"
1466,1,2,2,"1466,1,2,2"
1467,2,1,2,"1467,2,1,2"
1468,1,1,2,"1468,1,1,2"
1469,2,1,1,"1469,2,1,1"
1470,1,2,2,"1470,1,2,2"
1471,1,1,2,"1471,1,1,2"
1472,1,2,2,"1472,1,2,2"
1473,1,1,1,"1473,1,1,1"
1474,2,1,2,"1474,2,1,2"
1475,1,1,1,"1475,1,1,1"
1476,1,1,1,"1476,1,1,1"
1477,1,1,1,"1477,1,1,1"
1478,2,2,2,"1478,2,2,2"
1479,1,1,1,"1479,1,1,1"
1480,2,1,1,"1480,2,1,1"
1481,1,2,1,"1481,1,2,1"
1482,1,2,1,"1482,1,2,1"
1483,1,1,1,"1483,1,1,1"
1484,1,2,2,"1484,1,2,2"
1485,1,2,1,"1485,1,2,1"
1486,1,1,1,"1486,1,1,1"
1487,2,2,1,"1487,2,2,1"
1488,2,2,1,"1488,2,2,1"
1489,2,1,1,"1489,2,1,1"
1490,1,2,2,"1490,1,2,2"
1491,2,1,1,"1491,2,1,1"
1492,2,2,1,"1492,2,2,1"
1493,1,2,2,"1493,1,2,2"
1494,1,1,2,"1494,1,1,2"
1495,1,2,2,"1495,1,2,2"
1496,2,1,1,"1496,2,1,1"
1497,2,2,2,"1497,2,2,2"
1498,1,2,2,"1498,1,2,2"
1499,1,2,2,"1499,1,2,2"
1500,1,2,2,"1500,1,2,2"
1501,2,1,1,"1501,2,1,1"
1502,1,2,2,"1502,1,2,2"
1503,2,2,2,"1503,2,2,2"
1504,1,1,1,"1504,1,1,1"
1505,2,1,1,"1505,2,1,1"
1506,2,2,2,"1506,2,2,2"
1507,2,2,2,"1507,2,2,2"
1508,2,2,2,"1508,2,2,2"
1509,1,1,1,"1509,1,1,1"
1510,2,2,1,"1510,2,2,1"
1511,1,1,2,"1511,1,1,2"
1512,2,2,1,"1512,2,2,1"
1513,2,2,1,"1513,2,2,1"
1514,1,2,2,"1514,1,2,2"
1515,2,1,2,"1515,2,1,2"
1516,2,1,1,"1516,2,1,1"
1517,1,2,1,"1517,1,2,1"
1518,1,2,2,"1518,1,2,2"
1519,1,1,2,"1519,1,1,2"
1520,1,1,1,"1520,1,1,1"
1521,2,1,2,"1521,2,1,2"
1522,1,2,2,"1522,1,2,2"
1523,2,1,2,"1523,2,1,2"
1524,1,2,1,"1524,1,2,1"
1525,1,1,2,"1525,1,1,2"
1526,1,1,1,"1526,1,1,1"
1527,2,1,2,"1527,2,1,2"
1528,1,1,2,"1528,1,1,2"
1529,1,1,2,"1529,1,1,2"
1530,2,2,1,"1530,2,2,1"
1531,1,1,1,"1531,1,1,1"
1532,1,2,1,"1532,1,2,1"
1533,1,2,1,"1533,1,2,1"
1534,1,1,1,"1534,1,1,1"
1535,1,2,1,"1535,1,2,1"
1536,2,2,2,"1536,2,2,2"
1537,1,1,1,"1537,1,1,1"
1538,2,2,1,"1538,2,2,1"
1539,1,2,2,"1539,1,2,2"
1540,1,2,2,"1540,1,2,2"
1541,1,1,2,"1541,1,1,2"
1542,2,2,1,"1542,2,2,1"
1543,1,1,1,"1543,1,1,1"
1544,1,1,1,"1544,1,1,1"
1545,2,2,1,"1545,2,2,1"
1546,1,2,2,"1546,1,2,2"
1547,1,2,2,"1547,1,2,2"
1548,2,1,1,"1548,2,1,1"
1549,2,2,1,"1549,2,2,1"
1550,1,1,2,"1550,1,1,2"
1551,1,2,2,"1551,1,2,2"
1552,1,1,1,"1552,1,1,1"
1553,2,2,1,"1553,2,2,1"
1554,2,1,1,"1554,2,1,1"
1555,2,2,2,"1555,2,2,2"
1556,2,1,2,"1556,2,1,2"
1557,1,1,1,"1557,1,1,1"
1558,1,2,1,"1558,1,2,1"
1559,2,1,1,"1559,2,1,1"
1560,2,1,2,"1560,2,1,2"
1561,2,2,1,"1561,2,2,1"
1562,1,2,2,"1562,1,2,2"
1563,1,2,2,"1563,1,2,2"
1564,1,1,1,"1564,1,1,1"
1565,1,2,2,"1565,1,2,2"
1566,1,2,2,"1566,1,2,2"
1567,1,1,2,"1567,1,1,2"
1568,1,2,2,"1568,1,2,2"
1569,2,2,2,"1569,2,2,2"
1570,1,2,1,"1570,1,2,1"
1571,2,2,1,"1571,2,2,1"
1572,1,1,2,"1572,1,1,2"
1573,1,1,1,"1573,1,1,1"
1574,1,1,2,"1574,1,1,2"
1575,2,2,1,"1575,2,2,1"
1576,1,1,2,"1576,1,1,2"
1577,2,2,1,"1577,2,2,1"
1578,2,2,1,"1578,2,2,1"
1579,2,2,1,"1579,2,2,1"
1580,2,1,1,"1580,2,1,1"
1581,1,2,1,"1581,1,2,1"
1582,1,1,1,"1582,1,1,1"
1583,1,1,1,"1583,1,1,1"
1584,2,1,1,"1584,2,1,1"
1585,2,1,2,"1585,2,1,2"
1586,1,1,1,"1586,1,1,1"
1587,2,1,2,"1587,2,1,2"
1588,2,2,2,"1588,2,2,2"
1589,1,2,1,"1589,1,2,1"
1590,2,1,1,"1590,2,1,1"
1591,2,1,2,"1591,2,1,2"
1592,1,2,2,"1592,1,2,2"
1593,1,1,2,"1593,1,1,2"
1594,2,2,2,"1594,2,2,2"
1595,1,2,2,"1595,1,2,2"
1596,1,2,1,"1596,1,2,1"
1597,1,2,2,"1597,1,2,2"
1598,2,2,1,"1598,2,2,1"
1599,1,2,1,"1599,1,2,1"
1600,2,2,2,"1600,2,2,2"
1601,1,2,1,"1601,1,2,1"
1602,1,1,2,"1602,1,1,2"
1603,2,1,2,"1603,2,1,2"
1604,2,1,1,"1604,2,1,1"
1605,1,2,1,"1605,1,2,1"
1606,2,1,1,"1606,2,1,1"
1607,1,2,2,"1607,1,2,2"
1608,2,1,2,"1608,2,1,2"
1609,2,2,1,"1609,2,2,1"
1610,1,1,1,"1610,1,1,1"
1611,2,1,2,"1611,2,1,2"
1612,1,2,2,"1612,1,2,2"
1613,1,2,2,"1613,1,2,2"
1614,2,1,2,"1614,2,1,2"
1615,1,1,2,"1615,1,1,2"
1616,2,2,1,"1616,2,2,1"
1617,2,1,1,"1617,2,1,1"
1618,2,2,1,"1618,2,2,1"
1619,2,2,1,"1619,2,2,1"
1620,2,1,1,"1620,2,1,1"
1621,2,1,1,"1621,2,1,1"
1622,1,1,2,"1622,1,1,2"
1623,2,1,2,"1623,2,1,2"
1624,1,1,2,"1624,1,1,2"
1625,2,2,1,"1625,2,2,1"
1626,1,2,2,"1626,1,2,2"
1627,2,2,2,"1627,2,2,2"
1628,2,1,1,"1628,2,1,1"
1629,1,1,2,"1629,1,1,2"
1630,1,2,2,"1630,1,2,2"
1631,1,1,2,"1631,1,1,2"
1632,2,2,1,"1632,2,2,1"
1633,2,2,2,"1633,2,2,2"
1634,2,1,2,"1634,2,1,2"
1635,1,1,2,"1635,1,1,2"
1636,1,2,1,"1636,1,2,1"
1637,2,2,1,"1637,2,2,1"
1638,1,1,2,"1638,1,1,2"
1639,2,2,1,"1639,2,2,1"
1640,1,2,2,"1640,1,2,2"
1641,2,1,1,"1641,2,1,1"
1642,2,2,2,"1642,2,2,2"
1643,2,2,2,"1643,2,2,2"
1644,2,2,2,"1644,2,2,2"
1645,2,2,2,"1645,2,2,2"
1646,1,2,2,"1646,1,2,2"
1647,2,1,1,"1647,2,1,1"
1648,1,2,2,"1648,1,2,2"
1649,1,2,1,"1649,1,2,1"
1650,1,2,1,"1650,1,2,1"
1651,1,1,2,"1651,1,1,2"
1652,1,2,2,"1652,1,2,2"
1653,1,1,1,"1653,1,1,1"
1654,1,1,1,"1654,1,1,1"
1655,1,2,2,"1655,1,2,2"
1656,1,1,2,"1656,1,1,2"
1657,2,1,1,"1657,2,1,1"
1658,2,1,1,"1658,2,1,1"
1659,1,2,1,"1659,1,2,1"
1660,1,2,1,"1660,1,2,1"
1661,1,1,2,"1661,1,1,2"
1662,2,2,1,"1662,2,2,1"
1663,1,1,2,"1663,1,1,2"
1664,2,1,2,"1664,2,1,2"
1665,2,1,2,"1665,2,1,2"
1666,2,1,1,"1666,2,1,1"
1667,1,2,2,"1667,1,2,2"
1668,2,2,1,"1668,2,2,1"
1669,2,2,2,"1669,2,2,2"
1670,2,2,1,"1670,2,2,1"
1671,2,1,1,"1671,2,1,1"
1672,1,1,2,"1672,1,1,2"
1673,2,1,1,"1673,2,1,1"
1674,2,2,2,"1674,2,2,2"
1675,2,2,1,"1675,2,2,1"
1676,2,1,2,"1676,2,1,2"
1677,2,2,2,"1677,2,2,2"
1678,2,2,2,"1678,2,2,2"
1679,1,2,1,"1679,1,2,1"
1680,1,2,1,"1680,1,2,1"
1681,1,1,1,"1681,1,1,1"
1682,2,1,2,"1682,2,1,2"
1683,1,1,1,"1683,1,1,1"
1684,2,1,1,"1684,2,1,1"
1685,1,2,1,"1685,1,2,1"
1686,1,1,1,"1686,1,1,1"
1687,2,1,2,"1687,2,1,2"
1688,2,2,1,"1688,2,2,1"
1689,2,1,2,"1689,2,1,2"
1690,1,1,2,"1690,1,1,2"
1691,2,1,1,"1691,2,1,1"
1692,2,1,2,"1692,2,1,2"
1693,2,1,2,"1693,2,1,2"
1694,1,2,1,"1694,1,2,1"
1695,1,1,2,"1695,1,1,2"
1696,2,2,2,"1696,2,2,2"
1697,2,2,2,"1697,2,2,2"
1698,1,1,2,"1698,1,1,2"
1699,1,2,2,"1699,1,2,2"
1700,1,1,2,"1700,1,1,2"
1701,1,2,1,"1701,1,2,1"
1702,1,2,2,"1702,1,2,2"
1703,1,2,1,"1703,1,2,1"
1704,1,1,2,"1704,1,1,2"
1705,1,2,1,"1705,1,2,1"
1706,1,2,2,"1706,1,2,2"
1707,2,2,2,"1707,2,2,2"
1708,2,1,1,"1708,2,1,1"
1709,2,2,2,"1709,2,2,2"
1710,2,1,2,"1710,2,1,2"
1711,1,2,2,"1711,1,2,2"
1712,2,1,2,"1712,2,1,2"
1713,2,1,2,"1713,2,1,2"
1714,2,1,2,"1714,2,1,2"
1715,2,2,2,"1715,2,2,2"
1716,1,2,1,"1716,1,2,1"
1717,2,2,2,"1717,2,2,2"
1718,1,1,1,"1718,1,1,1"
1719,1,1,2,"1719,1,1,2"
1720,1,1,2,"1720,1,1,2"
1721,2,1,2,"1721,2,1,2"
1722,1,1,2,"1722,1,1,2"
1723,2,2,2,"1723,2,2,2"
1724,2,1,2,"1724,2,1,2"
1725,1,2,2,"1725,1,2,2"
1726,1,1,2,"1726,1,1,2"
1727,2,2,2,"1727,2,2,2"
1728,1,1,1,"1728,1,1,1"
1729,2,1,1,"1729,2,1,1"
1730,2,1,1,"1730,2,1,1"
1731,1,1,2,"1731,1,1,2"
1732,2,1,1,"1732,2,1,1"
1733,1,2,1,"1733,1,2,1"
1734,1,1,2,"1734,1,1,2"
1735,1,2,2,"1735,1,2,2"
1736,1,1,2,"1736,1,1,2"
1737,2,2,1,"1737,2,2,1"
1738,2,2,1,"1738,2,2,1"
1739,2,2,1,"1739,2,2,1"
1740,2,2,1,"1740,2,2,1"
1741,2,2,2,"1741,2,2,2"
1742,2,2,2,"1742,2,2,2"
1743,2,2,1,"1743,2,2,1"
1744,2,2,1,"1744,2,2,1"
1745,1,2,2,"1745,1,2,2"
1746,1,2,1,"1746,1,2,1"
1747,2,1,2,"1747,2,1,2"
1748,1,1,2,"1748,1,1,2"
1749,2,1,1,"1749,2,1,1"
1750,2,2,2,"1750,2,2,2"
1751,2,2,1,"1751,2,2,1"
1752,2,2,2,"1752,2,2,2"
1753,2,1,1,"1753,2,1,1"
1754,1,1,2,"1754,1,1,2"
1755,2,1,2,"1755,2,1,2"
1756,2,1,1,"1756,2,1,1"
1757,1,2,1,"1757,1,2,1"
1758,2,1,1,"1758,2,1,1"
1759,1,1,1,"1759,1,1,1"
1760,2,1,2,"1760,2,1,2"
1761,1,2,1,"1761,1,2,1"
1762,2,2,2,"1762,2,2,2"
1763,2,2,1,"1763,2,2,1"
1764,2,1,1,"1764,2,1,1"
1765,1,1,1,"1765,1,1,1"
1766,1,1,1,"1766,1,1,1"
1767,1,1,2,"1767,1,1,2"
1768,1,2,1,"1768,1,2,1"
1769,1,2,1,"1769,1,2,1"
1770,2,1,1,"1770,2,1,1"
1771,2,2,2,"1771,2,2,2"
1772,2,2,2,"1772,2,2,2"
1773,2,1,2,"1773,2,1,2"
1774,1,2,1,"1774,1,2,1"
1775,2,1,2,"1775,2,1,2"
1776,2,1,2,"1776,2,1,2"
1777,1,1,1,"1777,1,1,1"
1778,1,2,1,"1778,1,2,1"
1779,2,1,1,"1779,2,1,1"
1780,2,1,2,"1780,2,1,2"
1781,1,1,1,"1781,1,1,1"
1782,1,2,2,"1782,1,2,2"
1783,2,1,1,"1783,2,1,1"
1784,1,1,1,"1784,1,1,1"
1785,1,2,1,"1785,1,2,1"
1786,1,1,1,"1786,1,1,1"
1787,2,2,2,"1787,2,2,2"
1788,2,2,1,"1788,2,2,1"
1789,2,1,2,"1789,2,1,2"
1790,2,2,2,"1790,2,2,2"
1791,1,2,2,"1791,1,2,2"
1792,1,1,2,"1792,1,1,2"
1793,2,2,1,"1793,2,2,1"
1794,1,1,2,"1794,1,1,2"
1795,2,1,2,"1795,2,1,2"
1796,1,1,1,"1796,1,1,1"
1797,1,1,1,"1797,1,1,1"
1798,1,1,1,"1798,1,1,1"
1799,2,2,2,"1799,2,2,2"
1800,2,2,1,"1800,2,2,1"
1801,1,2,2,"1801,1,2,2"
1802,1,2,2,"1802,1,2,2"
1803,1,1,2,"1803,1,1,2"
1804,1,2,1,"1804,1,2,1"
1805,2,1,2,"1805,2,1,2"
1806,2,2,2,"1806,2,2,2"
1807,2,1,1,"1807,2,1,1"
1808,1,1,1,"1808,1,1,1"
1809,2,2,2,"1809,2,2,2"
1810,2,1,2,"1810,2,1,2"
1811,2,1,1,"1811,2,1,1"
1812,2,2,1,"1812,2,2,1"
1813,2,2,2,"1813,2,2,2"
1814,2,2,1,"1814,2,2,1"
1815,1,2,1,"1815,1,2,1"
1816,2,2,1,"1816,2,2,1"
1817,2,1,1,"1817,2,1,1"
1818,1,1,2,"1818,1,1,2"
1819,1,2,2,"1819,1,2,2"
1820,2,1,2,"1820,2,1,2"
1821,1,2,1,"1821,1,2,1"
1822,1,2,2,"1822,1,2,2"
1823,1,2,2,"1823,1,2,2"
1824,2,1,2,"1824,2,1,2"
1825,1,2,1,"1825,1,2,1"
1826,2,1,2,"1826,2,1,2"
1827,2,1,2,"1827,2,1,2"
1828,2,1,1,"1828,2,1,1"
1829,1,2,1,"1829,1,2,1"
1830,1,2,1,"1830,1,2,1"
1831,2,2,2,"1831,2,2,2"
1832,1,2,2,"1832,1,2,2"
1833,1,2,1,"1833,1,2,1"
1834,2,1,2,"1834,2,1,2"
1835,2,2,2,"1835,2,2,2"
1836,1,1,2,"1836,1,1,2"
1837,1,1,2,"1837,1,1,2"
1838,1,1,1,"1838,1,1,1"
1839,2,2,1,"1839,2,2,1"
1840,2,2,2,"1840,2,2,2"
1841,2,2,1,"1841,2,2,1"
1842,1,1,2,"1842,1,1,2"
1843,1,1,2,"1843,1,1,2"
1844,1,2,1,"1844,1,2,1"
1845,2,2,2,"1845,2,2,2"
1846,2,1,1,"1846,2,1,1"
1847,2,2,2,"1847,2,2,2"
1848,2,2,1,"1848,2,2,1"
1849,1,1,1,"1849,1,1,1"
1850,1,2,2,"1850,1,2,2"
1851,2,2,2,"1851,2,2,2"
1852,1,2,1,"1852,1,2,1"
1853,2,1,1,"1853,2,1,1"
1854,2,2,2,"1854,2,2,2"
1855,2,2,2,"1855,2,2,2"
1856,2,1,1,"1856,2,1,1"
1857,1,2,2,"1857,1,2,2"
1858,2,2,2,"1858,2,2,2"
1859,1,2,1,"1859,1,2,1"
1860,1,1,2,"1860,1,1,2"
1861,2,2,1,"1861,2,2,1"
1862,2,2,2,"1862,2,2,2"
1863,1,1,2,"1863,1,1,2"
1864,1,2,2,"1864,1,2,2"
1865,1,1,2,"1865,1,1,2"
1866,1,1,2,"1866,1,1,2"
1867,1,1,1,"1867,1,1,1"
1868,1,2,1,"1868,1,2,1"
1869,2,1,1,"1869,2,1,1"
1870,1,1,1,"1870,1,1,1"
1871,1,2,1,"1871,1,2,1"
1872,1,1,2,"1872,1,1,2"
1873,1,1,2,"1873,1,1,2"
1874,1,2,1,"1874,1,2,1"
1875,1,1,2,"1875,1,1,2"
1876,2,1,2,"1876,2,1,2"
1877,2,1,1,"1877,2,1,1"
1878,2,1,2,"1878,2,1,2"
1879,2,2,1,"1879,2,2,1"
1880,1,2,1,"1880,1,2,1"
1881,1,2,2,"1881,1,2,2"
1882,2,1,2,"1882,2,1,2"
1883,1,2,2,"1883,1,2,2"
1884,1,2,1,"1884,1,2,1"
1885,2,1,2,"1885,2,1,2"
1886,2,2,2,"1886,2,2,2"
1887,1,2,2,"1887,1,2,2"
1888,2,1,2,"1888,2,1,2"
1889,1,1,2,"1889,1,1,2"
1890,1,1,1,"1890,1,1,1"
1891,2,1,2,"1891,2,1,2"
1892,2,1,2,"1892,2,1,2"
1893,2,2,2,"1893,2,2,2"
1894,1,1,2,"1894,1,1,2"
1895,2,1,2,"1895,2,1,2"
1896,2,1,1,"1896,2,1,1"
1897,2,1,2,"1897,2,1,2"
1898,1,2,1,"1898,1,2,1"
1899,2,1,1,"1899,2,1,1"
1900,2,2,2,"1900,2,2,2"
1901,2,2,1,"1901,2,2,1"
1902,1,1,2,"1902,1,1,2"
1903,2,2,2,"1903,2,2,2"
1904,2,1,2,"1904,2,1,2"
1905,2,1,1,"1905,2,1,1"
1906,1,2,1,"1906,1,2,1"
1907,2,2,1,"1907,2,2,1"
1908,1,2,2,"1908,1,2,2"
1909,2,1,2,"1909,2,1,2"
1910,1,2,1,"1910,1,2,1"
1911,2,1,1,"1911,2,1,1"
1912,2,1,1,"1912,2,1,1"
1913,1,1,1,"1913,1,1,1"
1914,1,1,2,"1914,1,1,2"
1915,2,2,1,"1915,2,2,1"
1916,2,2,1,"1916,2,2,1"
1917,2,1,1,"1917,2,1,1"
1918,1,1,1,"1918,1,1,1"
1919,2,2,2,"1919,2,2,2"
1920,2,2,2,"1920,2,2,2"
1921,2,2,1,"1921,2,2,1"
1922,2,1,1,"1922,2,1,1"
1923,2,1,1,"1923,2,1,1"
1924,1,2,1,"1924,1,2,1"
1925,1,2,1,"1925,1,2,1"
1926,1,1,1,"1926,1,1,1"
1927,1,1,1,"1927,1,1,1"
1928,1,2,1,"1928,1,2,1"
1929,2,1,1,"1929,2,1,1"
1930,1,2,2,"1930,1,2,2"
1931,2,1,2,"1931,2,1,2"
1932,1,2,1,"1932,1,2,1"
1933,1,2,2,"1933,1,2,2"
1934,2,1,2,"1934,2,1,2"
1935,2,2,1,"1935,2,2,1"
1936,1,1,1,"1936,1,1,1"
1937,1,1,1,"1937,1,1,1"
1938,1,1,2,"1938,1,1,2"
1939,2,2,1,"1939,2,2,1"
1940,2,2,1,"1940,2,2,1"
1941,2,1,1,"1941,2,1,1"
1942,1,1,1,"1942,1,1,1"
1943,2,2,1,"1943,2,2,1"
1944,1,1,1,"1944,1,1,1"
1945,1,1,1,"1945,1,1,1"
1946,2,2,2,"1946,2,2,2"
1947,1,2,2,"1947,1,2,2"
1948,1,2,1,"1948,1,2,1"
1949,1,1,1,"1949,1,1,1"
1950,2,2,2,"1950,2,2,2"
1951,1,2,1,"1951,1,2,1"
1952,2,1,2,"1952,2,1,2"
1953,2,1,1,"1953,2,1,1"
1954,1,1,2,"1954,1,1,2"
1955,1,2,1,"1955,1,2,1"
1956,1,2,2,"1956,1,2,2"
1957,1,2,2,"1957,1,2,2"
1958,1,2,2,"1958,1,2,2"
1959,2,2,2,"1959,2,2,2"
1960,1,2,2,"1960,1,2,2"
1961,1,1,2,"1961,1,1,2"
1962,2,2,1,"1962,2,2,1"
1963,1,2,2,"1963,1,2,2"
1964,2,1,2,"1964,2,1,2"
1965,1,2,1,"1965,1,2,1"
1966,1,2,2,"1966,1,2,2"
1967,2,1,2,"1967,2,1,2"
1968,2,1,2,"1968,2,1,2"
1969,1,2,2,"1969,1,2,2"
1970,1,2,2,"1970,1,2,2"
1971,2,2,1,"1971,2,2,1"
1972,2,2,1,"1972,2,2,1"
1973,2,2,2,"1973,2,2,2"
1974,2,1,2,"1974,2,1,2"
1975,2,2,2,"1975,2,2,2"
1976,2,2,2,"1976,2,2,2"
1977,1,2,1,"1977,1,2,1"
1978,2,1,1,"1978,2,1,1"
1979,1,1,2,"1979,1,1,2"
1980,1,1,2,"1980,1,1,2"
1981,1,1,1,"1981,1,1,1"
1982,2,2,2,"1982,2,2,2"
1983,2,2,1,"1983,2,2,1"
1984,1,2,1,"1984,1,2,1"
1985,2,2,2,"1985,2,2,2"
1986,1,1,2,"1986,1,1,2"
1987,2,2,1,"1987,2,2,1"
1988,1,1,1,"1988,1,1,1"
1989,1,2,1,"1989,1,2,1"
1990,2,2,2,"1990,2,2,2"
1991,2,1,2,"1991,2,1,2"
1992,2,2,1,"1992,2,2,1"
1993,2,2,1,"1993,2,2,1"
1994,2,2,2,"1994,2,2,2"
1995,2,2,1,"1995,2,2,1"
1996,2,1,1,"1996,2,1,1"
1997,1,2,2,"1997,1,2,2"
1998,2,2,1,"1998,2,2,1"
1999,2,1,1,"1999,2,1,1"
2000,2,1,2,"2000,2,1,2"
