Index,Product,Price,VolumeBought,Sales,"Index,Product,Price,VolumeBought,Sales"
1,2,2.37,2.0,5,"1,2,2.37,2.0,5"
2,1,1.52,1.6,2,"2,1,1.52,1.6,2"
3,2,1.52,2.6,4,"3,2,1.52,2.6,4"
4,1,1.25,4.0,5,"4,1,1.25,4.0,5"
5,1,0.87,1.5,1,"5,1,0.87,1.5,1"
6,2,1.91,5.2,10,"6,2,1.91,5.2,10"
7,2,1.32,2.0,3,"7,2,1.32,2.0,3"
8,2,2.44,4.1,10,"8,2,2.44,4.1,10"
9,1,1.37,1.8,2,"9,1,1.37,1.8,2"
10,1,1.09,4.6,5,"10,1,1.09,4.6,5"
11,1,1.28,3.9,5,"11,1,1.28,3.9,5"
12,2,2.66,2.7,7,"12,2,2.66,2.7,7"
13,2,1.29,3.2,4,"13,2,1.29,3.2,4"
14,1,1.02,1.5,2,"14,1,1.02,1.5,2"
15,1,0.85,1.9,2,"15,1,0.85,1.9,2"
16,2,1.83,3.0,6,"16,2,1.83,3.0,6"
17,2,1.64,2.2,4,"17,2,1.64,2.2,4"
18,2,1.75,5.7,10,"18,2,1.75,5.7,10"
19,1,0.79,2.0,2,"19,1,0.79,2.0,2"
20,1,1.18,4.3,5,"20,1,1.18,4.3,5"
21,1,1.28,1.7,2,"21,1,1.28,1.7,2"
22,1,1.15,1.7,2,"22,1,1.15,1.7,2"
23,2,1.61,6.2,10,"23,2,1.61,6.2,10"
24,1,1.02,4.9,5,"24,1,1.02,4.9,5"
25,1,0.68,7.4,5,"25,1,0.68,7.4,5"
26,2,2.27,3.3,7,"26,2,2.27,3.3,7"
27,1,1.02,4.9,5,"27,1,1.02,4.9,5"
28,1,0.96,5.2,5,"28,1,0.96,5.2,5"
29,1,1.37,3.6,5,"29,1,1.37,3.6,5"
30,1,0.77,1.6,1,"30,1,0.77,1.6,1"
31,1,0.97,1.5,1,"31,1,0.97,1.5,1"
32,1,1.29,3.9,5,"32,1,1.29,3.9,5"
33,1,1.27,4.0,5,"33,1,1.27,4.0,5"
34,2,1.67,6.0,10,"34,2,1.67,6.0,10"
35,1,1.10,4.6,5,"35,1,1.10,4.6,5"
36,2,3.10,2.0,6,"36,2,3.10,2.0,6"
37,2,2.35,3.9,9,"37,2,2.35,3.9,9"
38,1,0.74,6.8,5,"38,1,0.74,6.8,5"
39,2,2.62,3.8,10,"39,2,2.62,3.8,10"
40,2,2.19,3.9,9,"40,2,2.19,3.9,9"
41,1,0.93,1.6,1,"41,1,0.93,1.6,1"
42,1,1.48,3.4,5,"42,1,1.48,3.4,5"
43,1,1.10,1.9,2,"43,1,1.10,1.9,2"
44,2,1.52,3.6,5,"44,2,1.52,3.6,5"
45,2,1.57,6.4,10,"45,2,1.57,6.4,10"
46,1,1.10,1.3,1,"46,1,1.10,1.3,1"
47,1,0.64,1.0,1,"47,1,0.64,1.0,1"
48,1,0.85,5.9,5,"48,1,0.85,5.9,5"
49,1,0.75,6.7,5,"49,1,0.75,6.7,5"
50,2,1.68,3.0,5,"50,2,1.68,3.0,5"
51,1,1.15,1.6,2,"51,1,1.15,1.6,2"
52,2,1.83,5.5,10,"52,2,1.83,5.5,10"
53,2,1.91,2.8,5,"53,2,1.91,2.8,5"
54,2,3.13,3.2,10,"54,2,3.13,3.2,10"
55,1,0.96,5.2,5,"55,1,0.96,5.2,5"
56,2,2.13,3.5,7,"56,2,2.13,3.5,7"
57,1,1.38,3.6,5,"57,1,1.38,3.6,5"
58,1,1.43,3.5,5,"58,1,1.43,3.5,5"
59,1,1.04,4.8,5,"59,1,1.04,4.8,5"
60,1,0.96,5.2,5,"60,1,0.96,5.2,5"
61,2,3.04,3.3,10,"61,2,3.04,3.3,10"
62,2,2.75,3.0,8,"62,2,2.75,3.0,8"
63,1,1.30,3.8,5,"63,1,1.30,3.8,5"
64,1,1.16,1.9,2,"64,1,1.16,1.9,2"
65,1,0.98,5.1,5,"65,1,0.98,5.1,5"
66,1,0.90,5.5,5,"66,1,0.90,5.5,5"
67,1,0.69,1.7,1,"67,1,0.69,1.7,1"
68,2,2.90,3.5,10,"68,2,2.90,3.5,10"
69,1,1.07,4.7,5,"69,1,1.07,4.7,5"
70,1,0.93,1.5,1,"70,1,0.93,1.5,1"
71,2,1.33,7.5,10,"71,2,1.33,7.5,10"
72,1,0.88,5.7,5,"72,1,0.88,5.7,5"
73,2,1.47,3.5,5,"73,2,1.47,3.5,5"
74,2,1.60,4.0,6,"74,2,1.60,4.0,6"
75,2,1.74,5.8,10,"75,2,1.74,5.8,10"
76,2,2.32,3.7,9,"76,2,2.32,3.7,9"
77,1,1.45,3.4,5,"77,1,1.45,3.4,5"
78,1,1.52,3.3,5,"78,1,1.52,3.3,5"
79,2,1.22,3.4,4,"79,2,1.22,3.4,4"
80,1,1.03,4.8,5,"80,1,1.03,4.8,5"
81,1,0.84,1.8,2,"81,1,0.84,1.8,2"
82,2,1.77,5.6,10,"82,2,1.77,5.6,10"
83,2,2.63,2.6,7,"83,2,2.63,2.6,7"
84,1,1.31,3.8,5,"84,1,1.31,3.8,5"
85,1,1.37,1.6,2,"85,1,1.37,1.6,2"
86,2,1.71,3.9,7,"86,2,1.71,3.9,7"
87,2,1.63,6.1,10,"87,2,1.63,6.1,10"
88,2,1.94,5.2,10,"88,2,1.94,5.2,10"
89,1,0.93,5.4,5,"89,1,0.93,5.4,5"
90,1,1.02,4.9,5,"90,1,1.02,4.9,5"
91,1,0.92,1.1,1,"91,1,0.92,1.1,1"
92,2,1.74,2.4,4,"92,2,1.74,2.4,4"
93,1,0.94,1.2,1,"93,1,0.94,1.2,1"
94,1,1.17,4.3,5,"94,1,1.17,4.3,5"
95,1,1.06,1.3,1,"95,1,1.06,1.3,1"
96,2,1.96,2.5,5,"96,2,1.96,2.5,5"
97,1,0.98,5.1,5,"97,1,0.98,5.1,5"
98,2,1.88,3.9,7,"98,2,1.88,3.9,7"
99,2,2.28,4.4,10,"99,2,2.28,4.4,10"
100,1,0.62,8.0,5,"100,1,0.62,8.0,5"
101,2,3.13,3.2,10,"101,2,3.13,3.2,10"
102,1,0.81,6.2,5,"102,1,0.81,6.2,5"
103,1,1.00,5.0,5,"103,1,1.00,5.0,5"
104,1,1.00,5.0,5,"104,1,1.00,5.0,5"
105,1,1.10,2.0,2,"105,1,1.10,2.0,2"
106,1,0.79,1.9,2,"106,1,0.79,1.9,2"
107,1,0.96,5.2,5,"107,1,0.96,5.2,5"
108,1,1.09,1.6,2,"108,1,1.09,1.6,2"
109,2,2.37,2.2,5,"109,2,2.37,2.2,5"
110,1,0.69,1.3,1,"110,1,0.69,1.3,1"
111,1,0.73,6.8,5,"111,1,0.73,6.8,5"
112,2,2.30,2.9,7,"112,2,2.30,2.9,7"
113,2,2.28,3.9,9,"113,2,2.28,3.9,9"
114,1,1.27,4.0,5,"114,1,1.27,4.0,5"
115,2,2.46,3.4,8,"115,2,2.46,3.4,8"
116,2,2.58,3.9,10,"116,2,2.58,3.9,10"
117,1,0.92,5.4,5,"117,1,0.92,5.4,5"
118,1,0.91,1.7,2,"118,1,0.91,1.7,2"
119,1,0.76,6.6,5,"119,1,0.76,6.6,5"
120,1,1.52,1.8,3,"120,1,1.52,1.8,3"
121,1,1.17,4.3,5,"121,1,1.17,4.3,5"
122,2,1.33,2.5,3,"122,2,1.33,2.5,3"
123,1,0.92,1.3,1,"123,1,0.92,1.3,1"
124,1,1.41,3.5,5,"124,1,1.41,3.5,5"
125,1,0.63,7.9,5,"125,1,0.63,7.9,5"
126,2,1.53,2.5,4,"126,2,1.53,2.5,4"
127,1,1.24,2.0,2,"127,1,1.24,2.0,2"
128,2,3.09,3.1,9,"128,2,3.09,3.1,9"
129,1,1.58,3.2,5,"129,1,1.58,3.2,5"
130,1,1.08,1.6,2,"130,1,1.08,1.6,2"
131,1,0.95,5.3,5,"131,1,0.95,5.3,5"
132,1,1.29,3.9,5,"132,1,1.29,3.9,5"
133,2,2.61,3.2,8,"133,2,2.61,3.2,8"
134,2,2.22,2.7,6,"134,2,2.22,2.7,6"
135,2,1.62,3.5,6,"135,2,1.62,3.5,6"
136,1,0.88,1.8,2,"136,1,0.88,1.8,2"
137,1,0.78,1.9,1,"137,1,0.78,1.9,1"
138,2,1.60,3.1,5,"138,2,1.60,3.1,5"
139,2,2.06,2.6,5,"139,2,2.06,2.6,5"
140,1,0.90,5.6,5,"140,1,0.90,5.6,5"
141,1,1.41,1.6,2,"141,1,1.41,1.6,2"
142,1,1.07,1.7,2,"142,1,1.07,1.7,2"
143,2,2.99,3.3,10,"143,2,2.99,3.3,10"
144,2,2.33,3.8,9,"144,2,2.33,3.8,9"
145,2,1.83,5.5,10,"145,2,1.83,5.5,10"
146,2,1.45,2.0,3,"146,2,1.45,2.0,3"
147,2,1.72,3.6,6,"147,2,1.72,3.6,6"
148,1,0.63,1.9,1,"148,1,0.63,1.9,1"
149,2,2.22,4.5,10,"149,2,2.22,4.5,10"
150,1,1.19,1.8,2,"150,1,1.19,1.8,2"
151,1,0.69,7.3,5,"151,1,0.69,7.3,5"
152,1,1.01,5.0,5,"152,1,1.01,5.0,5"
153,2,2.31,4.3,10,"153,2,2.31,4.3,10"
154,1,0.95,1.3,1,"154,1,0.95,1.3,1"
155,1,0.71,1.9,1,"155,1,0.71,1.9,1"
156,2,1.37,7.3,10,"156,2,1.37,7.3,10"
157,2,2.24,4.5,10,"157,2,2.24,4.5,10"
158,2,1.68,5.9,10,"158,2,1.68,5.9,10"
159,2,1.94,5.1,10,"159,2,1.94,5.1,10"
160,1,0.99,5.1,5,"160,1,0.99,5.1,5"
161,1,1.36,1.8,2,"161,1,1.36,1.8,2"
162,1,0.89,1.1,1,"162,1,0.89,1.1,1"
163,1,1.54,2.0,3,"163,1,1.54,2.0,3"
164,1,0.80,6.2,5,"164,1,0.80,6.2,5"
165,2,2.01,2.7,5,"165,2,2.01,2.7,5"
166,1,1.18,4.2,5,"166,1,1.18,4.2,5"
167,2,1.79,5.6,10,"167,2,1.79,5.6,10"
168,2,1.54,6.5,10,"168,2,1.54,6.5,10"
169,2,1.67,3.2,5,"169,2,1.67,3.2,5"
170,1,1.13,1.5,2,"170,1,1.13,1.5,2"
171,2,1.63,6.1,10,"171,2,1.63,6.1,10"
172,2,1.97,2.5,5,"172,2,1.97,2.5,5"
173,2,1.99,3.5,7,"173,2,1.99,3.5,7"
174,1,0.85,1.1,1,"174,1,0.85,1.1,1"
175,2,1.61,3.5,6,"175,2,1.61,3.5,6"
176,1,1.14,1.8,2,"176,1,1.14,1.8,2"
177,2,1.80,2.5,4,"177,2,1.80,2.5,4"
178,2,2.89,2.5,7,"178,2,2.89,2.5,7"
179,1,0.60,8.3,5,"179,1,0.60,8.3,5"
180,2,1.76,5.7,10,"180,2,1.76,5.7,10"
181,1,1.42,3.5,5,"181,1,1.42,3.5,5"
182,1,1.01,5.0,5,"182,1,1.01,5.0,5"
183,2,2.11,3.3,7,"183,2,2.11,3.3,7"
184,1,0.65,7.7,5,"184,1,0.65,7.7,5"
185,2,2.25,3.2,7,"185,2,2.25,3.2,7"
186,1,1.05,1.6,2,"186,1,1.05,1.6,2"
187,1,1.05,2.0,2,"187,1,1.05,2.0,2"
188,1,1.03,1.1,1,"188,1,1.03,1.1,1"
189,2,1.57,2.5,4,"189,2,1.57,2.5,4"
190,1,1.57,1.1,2,"190,1,1.57,1.1,2"
191,2,2.67,4.0,11,"191,2,2.67,4.0,11"
192,1,1.24,4.0,5,"192,1,1.24,4.0,5"
193,1,0.87,1.1,1,"193,1,0.87,1.1,1"
194,1,1.18,1.6,2,"194,1,1.18,1.6,2"
195,2,2.22,4.5,10,"195,2,2.22,4.5,10"
196,1,0.76,6.6,5,"196,1,0.76,6.6,5"
197,2,2.22,3.0,7,"197,2,2.22,3.0,7"
198,2,2.38,4.2,10,"198,2,2.38,4.2,10"
199,1,0.84,5.9,5,"199,1,0.84,5.9,5"
200,2,3.12,3.2,10,"200,2,3.12,3.2,10"
201,2,3.03,3.3,10,"201,2,3.03,3.3,10"
202,1,0.96,5.2,5,"202,1,0.96,5.2,5"
203,2,2.26,4.4,10,"203,2,2.26,4.4,10"
204,1,0.61,8.2,5,"204,1,0.61,8.2,5"
205,1,1.27,1.4,2,"205,1,1.27,1.4,2"
206,1,1.45,3.4,5,"206,1,1.45,3.4,5"
207,2,1.68,6.0,10,"207,2,1.68,6.0,10"
208,2,1.62,2.6,4,"208,2,1.62,2.6,4"
209,2,2.72,3.7,10,"209,2,2.72,3.7,10"
210,1,0.97,5.2,5,"210,1,0.97,5.2,5"
211,2,2.23,4.5,10,"211,2,2.23,4.5,10"
212,1,0.94,1.8,2,"212,1,0.94,1.8,2"
213,1,0.92,1.6,1,"213,1,0.92,1.6,1"
214,2,2.15,4.6,10,"214,2,2.15,4.6,10"
215,2,2.28,4.4,10,"215,2,2.28,4.4,10"
216,1,0.96,1.5,1,"216,1,0.96,1.5,1"
217,2,2.96,3.5,10,"217,2,2.96,3.5,10"
218,2,1.47,2.0,3,"218,2,1.47,2.0,3"
219,2,1.22,3.1,4,"219,2,1.22,3.1,4"
220,1,0.88,1.8,2,"220,1,0.88,1.8,2"
221,2,2.70,3.7,10,"221,2,2.70,3.7,10"
222,2,2.40,2.4,6,"222,2,2.40,2.4,6"
223,1,1.19,1.0,1,"223,1,1.19,1.0,1"
224,2,2.30,2.6,6,"224,2,2.30,2.6,6"
225,2,2.54,2.4,6,"225,2,2.54,2.4,6"
226,2,2.20,3.6,8,"226,2,2.20,3.6,8"
227,2,1.28,7.8,10,"227,2,1.28,7.8,10"
228,1,1.30,1.5,2,"228,1,1.30,1.5,2"
229,1,0.62,8.0,5,"229,1,0.62,8.0,5"
230,2,2.20,4.6,10,"230,2,2.20,4.6,10"
231,1,1.12,1.5,2,"231,1,1.12,1.5,2"
232,2,1.82,5.5,10,"232,2,1.82,5.5,10"
233,2,2.19,3.7,8,"233,2,2.19,3.7,8"
234,1,0.92,1.7,2,"234,1,0.92,1.7,2"
235,2,2.28,2.9,7,"235,2,2.28,2.9,7"
236,2,2.16,4.6,10,"236,2,2.16,4.6,10"
237,2,2.30,3.2,7,"237,2,2.30,3.2,7"
238,2,1.30,2.2,3,"238,2,1.30,2.2,3"
239,1,1.05,4.7,5,"239,1,1.05,4.7,5"
240,2,2.42,4.1,10,"240,2,2.42,4.1,10"
241,1,1.08,4.7,5,"241,1,1.08,4.7,5"
242,1,0.88,5.7,5,"242,1,0.88,5.7,5"
243,1,0.82,1.6,1,"243,1,0.82,1.6,1"
244,1,0.88,1.2,1,"244,1,0.88,1.2,1"
245,2,2.75,3.6,10,"245,2,2.75,3.6,10"
246,1,0.88,1.5,1,"246,1,0.88,1.5,1"
247,1,1.04,4.8,5,"247,1,1.04,4.8,5"
248,1,1.02,1.5,2,"248,1,1.02,1.5,2"
249,2,1.79,2.3,4,"249,2,1.79,2.3,4"
250,1,1.15,4.3,5,"250,1,1.15,4.3,5"
251,2,2.11,3.4,7,"251,2,2.11,3.4,7"
252,1,1.09,1.7,2,"252,1,1.09,1.7,2"
253,2,1.68,5.9,10,"253,2,1.68,5.9,10"
254,2,3.11,3.2,10,"254,2,3.11,3.2,10"
255,1,1.16,1.6,2,"255,1,1.16,1.6,2"
256,1,1.08,4.6,5,"256,1,1.08,4.6,5"
257,2,2.03,2.9,6,"257,2,2.03,2.9,6"
258,1,0.98,5.1,5,"258,1,0.98,5.1,5"
259,2,1.66,6.0,10,"259,2,1.66,6.0,10"
260,1,1.58,3.2,5,"260,1,1.58,3.2,5"
261,1,0.98,5.1,5,"261,1,0.98,5.1,5"
262,2,1.24,8.1,10,"262,2,1.24,8.1,10"
263,2,1.21,3.3,4,"263,2,1.21,3.3,4"
264,2,3.19,2.7,9,"264,2,3.19,2.7,9"
265,1,0.70,7.1,5,"265,1,0.70,7.1,5"
266,1,1.38,3.6,5,"266,1,1.38,3.6,5"
267,1,0.67,1.6,1,"267,1,0.67,1.6,1"
268,1,1.30,3.8,5,"268,1,1.30,3.8,5"
269,1,0.86,5.8,5,"269,1,0.86,5.8,5"
270,2,1.49,2.1,3,"270,2,1.49,2.1,3"
271,1,1.11,1.7,2,"271,1,1.11,1.7,2"
272,1,1.09,1.0,1,"272,1,1.09,1.0,1"
273,1,0.81,1.1,1,"273,1,0.81,1.1,1"
274,2,1.29,2.9,4,"274,2,1.29,2.9,4"
275,1,0.95,1.8,2,"275,1,0.95,1.8,2"
276,1,1.49,3.4,5,"276,1,1.49,3.4,5"
277,2,1.65,3.2,5,"277,2,1.65,3.2,5"
278,1,1.14,4.4,5,"278,1,1.14,4.4,5"
279,2,2.99,3.3,10,"279,2,2.99,3.3,10"
280,1,1.05,1.7,2,"280,1,1.05,1.7,2"
281,2,2.30,3.9,9,"281,2,2.30,3.9,9"
282,2,1.81,2.9,5,"282,2,1.81,2.9,5"
283,1,0.87,5.7,5,"283,1,0.87,5.7,5"
284,1,0.95,1.7,2,"284,1,0.95,1.7,2"
285,1,0.90,1.8,2,"285,1,0.90,1.8,2"
286,2,2.23,4.5,10,"286,2,2.23,4.5,10"
287,1,1.02,1.6,2,"287,1,1.02,1.6,2"
288,2,1.38,7.2,10,"288,2,1.38,7.2,10"
289,1,1.44,1.3,2,"289,1,1.44,1.3,2"
290,1,1.07,4.7,5,"290,1,1.07,4.7,5"
291,2,1.71,2.8,5,"291,2,1.71,2.8,5"
292,2,1.73,2.9,5,"292,2,1.73,2.9,5"
293,2,1.69,3.6,6,"293,2,1.69,3.6,6"
294,1,0.97,5.2,5,"294,1,0.97,5.2,5"
295,1,0.84,2.0,2,"295,1,0.84,2.0,2"
296,2,1.63,4.0,7,"296,2,1.63,4.0,7"
297,2,2.33,2.7,6,"297,2,2.33,2.7,6"
298,1,1.39,3.6,5,"298,1,1.39,3.6,5"
299,2,1.87,3.0,6,"299,2,1.87,3.0,6"
300,1,0.70,1.3,1,"300,1,0.70,1.3,1"
301,1,1.11,4.5,5,"301,1,1.11,4.5,5"
302,2,1.59,3.6,6,"302,2,1.59,3.6,6"
303,2,3.13,3.6,11,"303,2,3.13,3.6,11"
304,2,1.80,4.0,7,"304,2,1.80,4.0,7"
305,1,0.89,5.6,5,"305,1,0.89,5.6,5"
306,2,1.93,2.3,4,"306,2,1.93,2.3,4"
307,1,1.50,1.5,2,"307,1,1.50,1.5,2"
308,2,2.24,3.7,8,"308,2,2.24,3.7,8"
309,1,0.80,1.2,1,"309,1,0.80,1.2,1"
310,1,1.08,1.7,2,"310,1,1.08,1.7,2"
311,1,1.10,4.6,5,"311,1,1.10,4.6,5"
312,2,1.73,5.8,10,"312,2,1.73,5.8,10"
313,1,1.22,1.6,2,"313,1,1.22,1.6,2"
314,1,1.20,1.9,2,"314,1,1.20,1.9,2"
315,2,1.91,5.2,10,"315,2,1.91,5.2,10"
316,1,1.18,1.2,1,"316,1,1.18,1.2,1"
317,1,0.82,6.1,5,"317,1,0.82,6.1,5"
318,2,3.09,3.0,9,"318,2,3.09,3.0,9"
319,1,0.82,6.1,5,"319,1,0.82,6.1,5"
320,1,1.10,4.6,5,"320,1,1.10,4.6,5"
321,2,2.26,3.2,7,"321,2,2.26,3.2,7"
322,2,1.33,3.7,5,"322,2,1.33,3.7,5"
323,1,1.50,1.4,2,"323,1,1.50,1.4,2"
324,2,2.21,2.4,5,"324,2,2.21,2.4,5"
325,2,2.98,3.4,10,"325,2,2.98,3.4,10"
326,1,1.46,1.5,2,"326,1,1.46,1.5,2"
327,1,1.26,2.0,3,"327,1,1.26,2.0,3"
328,2,3.19,3.1,10,"328,2,3.19,3.1,10"
329,2,1.93,2.7,5,"329,2,1.93,2.7,5"
330,1,0.82,1.5,1,"330,1,0.82,1.5,1"
331,1,0.94,5.3,5,"331,1,0.94,5.3,5"
332,2,1.76,5.7,10,"332,2,1.76,5.7,10"
333,1,1.14,4.4,5,"333,1,1.14,4.4,5"
334,2,1.84,3.3,6,"334,2,1.84,3.3,6"
335,2,2.15,4.7,10,"335,2,2.15,4.7,10"
336,2,2.99,4.0,12,"336,2,2.99,4.0,12"
337,2,2.05,4.9,10,"337,2,2.05,4.9,10"
338,2,2.20,2.1,5,"338,2,2.20,2.1,5"
339,2,2.18,4.6,10,"339,2,2.18,4.6,10"
340,1,0.81,1.9,2,"340,1,0.81,1.9,2"
341,2,2.26,2.0,5,"341,2,2.26,2.0,5"
342,2,1.72,5.8,10,"342,2,1.72,5.8,10"
343,2,2.58,2.6,7,"343,2,2.58,2.6,7"
344,2,2.02,5.0,10,"344,2,2.02,5.0,10"
345,1,0.99,1.4,1,"345,1,0.99,1.4,1"
346,2,2.68,3.1,8,"346,2,2.68,3.1,8"
347,2,1.89,5.3,10,"347,2,1.89,5.3,10"
348,1,1.18,1.6,2,"348,1,1.18,1.6,2"
349,1,0.76,6.6,5,"349,1,0.76,6.6,5"
350,2,2.68,3.7,10,"350,2,2.68,3.7,10"
351,2,2.27,4.4,10,"351,2,2.27,4.4,10"
352,1,0.90,5.5,5,"352,1,0.90,5.5,5"
353,1,0.99,5.0,5,"353,1,0.99,5.0,5"
354,2,2.21,2.9,6,"354,2,2.21,2.9,6"
355,1,0.89,5.6,5,"355,1,0.89,5.6,5"
356,2,1.82,5.5,10,"356,2,1.82,5.5,10"
357,2,1.43,2.9,4,"357,2,1.43,2.9,4"
358,1,1.10,1.1,1,"358,1,1.10,1.1,1"
359,2,2.83,2.9,8,"359,2,2.83,2.9,8"
360,2,2.97,3.1,9,"360,2,2.97,3.1,9"
361,1,0.74,6.8,5,"361,1,0.74,6.8,5"
362,1,1.13,4.4,5,"362,1,1.13,4.4,5"
363,2,2.71,3.9,11,"363,2,2.71,3.9,11"
364,2,3.07,3.3,10,"364,2,3.07,3.3,10"
365,2,2.95,3.4,10,"365,2,2.95,3.4,10"
366,2,2.05,2.8,6,"366,2,2.05,2.8,6"
367,1,0.91,5.5,5,"367,1,0.91,5.5,5"
368,2,1.40,3.8,5,"368,2,1.40,3.8,5"
369,1,1.03,4.8,5,"369,1,1.03,4.8,5"
370,1,0.94,1.1,1,"370,1,0.94,1.1,1"
371,1,1.18,1.7,2,"371,1,1.18,1.7,2"
372,2,2.11,2.0,4,"372,2,2.11,2.0,4"
373,2,2.34,3.5,8,"373,2,2.34,3.5,8"
374,1,0.83,1.3,1,"374,1,0.83,1.3,1"
375,1,0.83,1.7,1,"375,1,0.83,1.7,1"
376,1,0.82,6.1,5,"376,1,0.82,6.1,5"
377,2,1.98,5.1,10,"377,2,1.98,5.1,10"
378,2,2.58,2.9,8,"378,2,2.58,2.9,8"
379,2,1.79,5.6,10,"379,2,1.79,5.6,10"
380,2,2.92,3.4,10,"380,2,2.92,3.4,10"
381,2,2.29,4.4,10,"381,2,2.29,4.4,10"
382,1,1.23,4.1,5,"382,1,1.23,4.1,5"
383,2,1.57,2.5,4,"383,2,1.57,2.5,4"
384,1,1.06,1.8,2,"384,1,1.06,1.8,2"
385,2,3.18,3.5,11,"385,2,3.18,3.5,11"
386,1,0.79,6.3,5,"386,1,0.79,6.3,5"
387,2,1.83,5.5,10,"387,2,1.83,5.5,10"
388,2,2.30,2.4,6,"388,2,2.30,2.4,6"
389,2,2.43,4.1,10,"389,2,2.43,4.1,10"
390,1,0.68,1.5,1,"390,1,0.68,1.5,1"
391,1,1.17,4.3,5,"391,1,1.17,4.3,5"
392,2,2.21,3.3,7,"392,2,2.21,3.3,7"
393,1,0.90,5.5,5,"393,1,0.90,5.5,5"
394,2,3.08,3.7,11,"394,2,3.08,3.7,11"
395,2,1.37,7.3,10,"395,2,1.37,7.3,10"
396,1,1.03,1.4,1,"396,1,1.03,1.4,1"
397,1,0.88,1.0,1,"397,1,0.88,1.0,1"
398,2,2.02,4.9,10,"398,2,2.02,4.9,10"
399,1,1.00,1.2,1,"399,1,1.00,1.2,1"
400,1,0.87,1.1,1,"400,1,0.87,1.1,1"
401,1,0.74,1.0,1,"401,1,0.74,1.0,1"
402,1,0.75,1.8,1,"402,1,0.75,1.8,1"
403,1,0.89,5.6,5,"403,1,0.89,5.6,5"
404,2,1.63,3.0,5,"404,2,1.63,3.0,5"
405,1,0.67,7.5,5,"405,1,0.67,7.5,5"
406,1,1.44,3.5,5,"406,1,1.44,3.5,5"
407,2,1.78,2.7,5,"407,2,1.78,2.7,5"
408,1,0.73,1.8,1,"408,1,0.73,1.8,1"
409,2,1.22,8.2,10,"409,2,1.22,8.2,10"
410,1,1.30,1.7,2,"410,1,1.30,1.7,2"
411,1,0.95,1.8,2,"411,1,0.95,1.8,2"
412,2,1.52,3.3,5,"412,2,1.52,3.3,5"
413,2,2.88,3.9,11,"413,2,2.88,3.9,11"
414,1,0.71,1.8,1,"414,1,0.71,1.8,1"
415,2,1.51,6.6,10,"415,2,1.51,6.6,10"
416,1,1.25,4.0,5,"416,1,1.25,4.0,5"
417,2,1.94,5.2,10,"417,2,1.94,5.2,10"
418,2,2.73,3.7,10,"418,2,2.73,3.7,10"
419,2,2.70,3.8,10,"419,2,2.70,3.8,10"
420,1,1.24,1.9,2,"420,1,1.24,1.9,2"
421,2,2.55,3.0,8,"421,2,2.55,3.0,8"
422,2,1.29,3.9,5,"422,2,1.29,3.9,5"
423,1,1.00,5.0,5,"423,1,1.00,5.0,5"
424,2,2.05,4.9,10,"424,2,2.05,4.9,10"
425,1,1.08,4.6,5,"425,1,1.08,4.6,5"
426,2,2.39,2.6,6,"426,2,2.39,2.6,6"
427,1,1.13,1.7,2,"427,1,1.13,1.7,2"
428,2,1.77,5.6,10,"428,2,1.77,5.6,10"
429,2,2.41,3.1,8,"429,2,2.41,3.1,8"
430,2,2.12,3.5,7,"430,2,2.12,3.5,7"
431,2,2.91,3.4,10,"431,2,2.91,3.4,10"
432,1,0.88,5.7,5,"432,1,0.88,5.7,5"
433,2,2.19,4.6,10,"433,2,2.19,4.6,10"
434,1,1.52,3.3,5,"434,1,1.52,3.3,5"
435,1,0.74,1.2,1,"435,1,0.74,1.2,1"
436,2,2.07,4.8,10,"436,2,2.07,4.8,10"
437,1,1.01,1.7,2,"437,1,1.01,1.7,2"
438,1,1.59,1.8,3,"438,1,1.59,1.8,3"
439,1,0.61,1.6,1,"439,1,0.61,1.6,1"
440,2,1.96,5.1,10,"440,2,1.96,5.1,10"
441,2,1.84,2.2,4,"441,2,1.84,2.2,4"
442,1,1.03,1.6,2,"442,1,1.03,1.6,2"
443,2,1.90,5.3,10,"443,2,1.90,5.3,10"
444,1,1.29,3.9,5,"444,1,1.29,3.9,5"
445,2,2.51,2.9,7,"445,2,2.51,2.9,7"
446,2,2.60,3.9,10,"446,2,2.60,3.9,10"
447,2,1.85,5.4,10,"447,2,1.85,5.4,10"
448,2,1.65,2.7,4,"448,2,1.65,2.7,4"
449,1,1.04,4.8,5,"449,1,1.04,4.8,5"
450,1,0.86,1.5,1,"450,1,0.86,1.5,1"
451,1,0.64,1.8,1,"451,1,0.64,1.8,1"
452,1,1.13,4.4,5,"452,1,1.13,4.4,5"
453,2,2.37,3.4,8,"453,2,2.37,3.4,8"
454,1,1.19,4.2,5,"454,1,1.19,4.2,5"
455,1,1.49,3.4,5,"455,1,1.49,3.4,5"
456,2,2.96,3.4,10,"456,2,2.96,3.4,10"
457,2,2.37,4.2,10,"457,2,2.37,4.2,10"
458,2,2.64,2.3,6,"458,2,2.64,2.3,6"
459,2,1.97,3.8,8,"459,2,1.97,3.8,8"
460,1,0.97,1.1,1,"460,1,0.97,1.1,1"
461,2,1.42,2.7,4,"461,2,1.42,2.7,4"
462,2,3.02,2.4,7,"462,2,3.02,2.4,7"
463,2,1.45,6.9,10,"463,2,1.45,6.9,10"
464,2,3.14,3.2,10,"464,2,3.14,3.2,10"
465,2,1.69,2.2,4,"465,2,1.69,2.2,4"
466,2,2.74,3.7,10,"466,2,2.74,3.7,10"
467,2,1.72,2.0,3,"467,2,1.72,2.0,3"
468,1,0.96,1.9,2,"468,1,0.96,1.9,2"
469,1,1.08,4.6,5,"469,1,1.08,4.6,5"
470,2,1.74,3.5,6,"470,2,1.74,3.5,6"
471,2,2.32,3.8,9,"471,2,2.32,3.8,9"
472,1,0.70,7.2,5,"472,1,0.70,7.2,5"
473,2,2.43,3.3,8,"473,2,2.43,3.3,8"
474,2,2.14,4.7,10,"474,2,2.14,4.7,10"
475,1,1.08,1.5,2,"475,1,1.08,1.5,2"
476,2,1.57,2.4,4,"476,2,1.57,2.4,4"
477,2,2.08,3.5,7,"477,2,2.08,3.5,7"
478,2,1.86,5.4,10,"478,2,1.86,5.4,10"
479,1,0.65,1.5,1,"479,1,0.65,1.5,1"
480,1,1.19,1.9,2,"480,1,1.19,1.9,2"
481,1,1.49,1.5,2,"481,1,1.49,1.5,2"
482,1,1.15,1.1,1,"482,1,1.15,1.1,1"
483,1,0.93,1.1,1,"483,1,0.93,1.1,1"
484,2,2.55,3.9,10,"484,2,2.55,3.9,10"
485,2,1.61,3.7,6,"485,2,1.61,3.7,6"
486,1,0.93,5.4,5,"486,1,0.93,5.4,5"
487,2,2.54,3.8,10,"487,2,2.54,3.8,10"
488,2,2.94,2.4,7,"488,2,2.94,2.4,7"
489,1,1.17,1.0,1,"489,1,1.17,1.0,1"
490,1,0.78,6.4,5,"490,1,0.78,6.4,5"
491,2,2.22,2.5,6,"491,2,2.22,2.5,6"
492,1,0.99,5.0,5,"492,1,0.99,5.0,5"
493,2,3.17,3.2,10,"493,2,3.17,3.2,10"
494,2,2.37,3.3,8,"494,2,2.37,3.3,8"
495,1,1.49,3.3,5,"495,1,1.49,3.3,5"
496,1,0.90,1.9,2,"496,1,0.90,1.9,2"
497,1,0.85,1.1,1,"497,1,0.85,1.1,1"
498,2,3.00,3.3,10,"498,2,3.00,3.3,10"
499,2,1.63,3.0,5,"499,2,1.63,3.0,5"
500,2,2.64,3.8,10,"500,2,2.64,3.8,10"
501,1,0.94,5.3,5,"501,1,0.94,5.3,5"
502,2,1.24,8.1,10,"502,2,1.24,8.1,10"
503,2,1.83,5.5,10,"503,2,1.83,5.5,10"
504,2,1.91,2.1,4,"504,2,1.91,2.1,4"
505,1,0.84,1.3,1,"505,1,0.84,1.3,1"
506,2,2.20,4.5,10,"506,2,2.20,4.5,10"
507,1,0.82,1.8,1,"507,1,0.82,1.8,1"
508,1,1.12,1.1,1,"508,1,1.12,1.1,1"
509,1,1.25,4.0,5,"509,1,1.25,4.0,5"
510,1,0.71,7.0,5,"510,1,0.71,7.0,5"
511,2,2.48,4.0,10,"511,2,2.48,4.0,10"
512,1,0.66,1.0,1,"512,1,0.66,1.0,1"
513,1,1.18,4.2,5,"513,1,1.18,4.2,5"
514,2,1.83,2.5,5,"514,2,1.83,2.5,5"
515,2,2.67,3.7,10,"515,2,2.67,3.7,10"
516,1,0.96,5.2,5,"516,1,0.96,5.2,5"
517,1,0.84,5.9,5,"517,1,0.84,5.9,5"
518,1,1.36,3.7,5,"518,1,1.36,3.7,5"
519,2,2.14,2.6,6,"519,2,2.14,2.6,6"
520,1,1.29,3.9,5,"520,1,1.29,3.9,5"
521,2,2.25,4.4,10,"521,2,2.25,4.4,10"
522,1,1.09,1.4,2,"522,1,1.09,1.4,2"
523,1,1.52,1.9,3,"523,1,1.52,1.9,3"
524,2,1.50,3.3,5,"524,2,1.50,3.3,5"
525,2,1.83,2.2,4,"525,2,1.83,2.2,4"
526,1,1.19,4.2,5,"526,1,1.19,4.2,5"
527,2,1.66,6.0,10,"527,2,1.66,6.0,10"
528,1,0.74,6.7,5,"528,1,0.74,6.7,5"
529,1,0.71,7.1,5,"529,1,0.71,7.1,5"
530,2,3.11,3.2,10,"530,2,3.11,3.2,10"
531,2,1.26,8.0,10,"531,2,1.26,8.0,10"
532,2,2.39,4.2,10,"532,2,2.39,4.2,10"
533,2,1.78,5.6,10,"533,2,1.78,5.6,10"
534,2,2.81,3.6,10,"534,2,2.81,3.6,10"
535,1,0.79,6.3,5,"535,1,0.79,6.3,5"
536,2,2.89,3.5,10,"536,2,2.89,3.5,10"
537,1,0.78,6.4,5,"537,1,0.78,6.4,5"
538,2,1.61,2.4,4,"538,2,1.61,2.4,4"
539,1,1.08,1.7,2,"539,1,1.08,1.7,2"
540,2,2.24,4.5,10,"540,2,2.24,4.5,10"
541,2,1.76,2.5,4,"541,2,1.76,2.5,4"
542,2,3.14,4.0,13,"542,2,3.14,4.0,13"
543,1,1.40,3.6,5,"543,1,1.40,3.6,5"
544,2,1.63,6.1,10,"544,2,1.63,6.1,10"
545,2,1.79,5.6,10,"545,2,1.79,5.6,10"
546,1,1.18,4.2,5,"546,1,1.18,4.2,5"
547,2,2.82,3.6,10,"547,2,2.82,3.6,10"
548,1,1.51,3.3,5,"548,1,1.51,3.3,5"
549,2,1.54,6.5,10,"549,2,1.54,6.5,10"
550,2,2.16,4.6,10,"550,2,2.16,4.6,10"
551,1,1.16,4.3,5,"551,1,1.16,4.3,5"
552,2,1.95,5.1,10,"552,2,1.95,5.1,10"
553,1,0.79,1.2,1,"553,1,0.79,1.2,1"
554,1,1.00,1.2,1,"554,1,1.00,1.2,1"
555,2,2.03,4.9,10,"555,2,2.03,4.9,10"
556,2,3.18,3.1,10,"556,2,3.18,3.1,10"
557,1,1.16,1.4,2,"557,1,1.16,1.4,2"
558,1,0.90,5.5,5,"558,1,0.90,5.5,5"
559,2,1.29,7.7,10,"559,2,1.29,7.7,10"
560,2,2.45,4.1,10,"560,2,2.45,4.1,10"
561,1,0.80,6.3,5,"561,1,0.80,6.3,5"
562,1,0.63,7.9,5,"562,1,0.63,7.9,5"
563,1,0.92,5.4,5,"563,1,0.92,5.4,5"
564,2,1.60,2.3,4,"564,2,1.60,2.3,4"
565,1,1.00,1.7,2,"565,1,1.00,1.7,2"
566,1,0.98,1.1,1,"566,1,0.98,1.1,1"
567,1,1.00,5.0,5,"567,1,1.00,5.0,5"
568,1,1.02,4.9,5,"568,1,1.02,4.9,5"
569,1,1.09,4.6,5,"569,1,1.09,4.6,5"
570,2,2.32,4.3,10,"570,2,2.32,4.3,10"
571,1,0.75,6.7,5,"571,1,0.75,6.7,5"
572,2,1.35,7.4,10,"572,2,1.35,7.4,10"
573,2,1.23,2.5,3,"573,2,1.23,2.5,3"
574,1,0.66,1.5,1,"574,1,0.66,1.5,1"
575,2,2.59,2.2,6,"575,2,2.59,2.2,6"
576,1,1.46,1.7,2,"576,1,1.46,1.7,2"
577,1,0.66,7.5,5,"577,1,0.66,7.5,5"
578,2,2.87,3.5,10,"578,2,2.87,3.5,10"
579,2,2.40,4.2,10,"579,2,2.40,4.2,10"
580,1,0.79,1.4,1,"580,1,0.79,1.4,1"
581,2,1.44,2.6,4,"581,2,1.44,2.6,4"
582,2,1.92,3.6,7,"582,2,1.92,3.6,7"
583,1,1.32,3.8,5,"583,1,1.32,3.8,5"
584,2,1.51,6.6,10,"584,2,1.51,6.6,10"
585,1,1.02,4.9,5,"585,1,1.02,4.9,5"
586,2,1.66,6.0,10,"586,2,1.66,6.0,10"
587,2,1.52,6.6,10,"587,2,1.52,6.6,10"
588,2,1.62,6.2,10,"588,2,1.62,6.2,10"
589,1,1.10,4.5,5,"589,1,1.10,4.5,5"
590,2,2.37,4.2,10,"590,2,2.37,4.2,10"
591,2,1.22,3.1,4,"591,2,1.22,3.1,4"
592,2,1.77,2.1,4,"592,2,1.77,2.1,4"
593,1,1.02,4.9,5,"593,1,1.02,4.9,5"
594,1,1.03,1.3,1,"594,1,1.03,1.3,1"
595,2,2.36,2.3,5,"595,2,2.36,2.3,5"
596,2,1.33,7.5,10,"596,2,1.33,7.5,10"
597,2,1.86,5.4,10,"597,2,1.86,5.4,10"
598,2,2.90,3.4,10,"598,2,2.90,3.4,10"
599,2,2.29,4.4,10,"599,2,2.29,4.4,10"
600,2,1.92,3.8,7,"600,2,1.92,3.8,7"
601,2,2.18,4.6,10,"601,2,2.18,4.6,10"
602,1,1.29,1.6,2,"602,1,1.29,1.6,2"
603,1,1.18,4.3,5,"603,1,1.18,4.3,5"
604,2,1.23,8.1,10,"604,2,1.23,8.1,10"
605,2,1.47,3.3,5,"605,2,1.47,3.3,5"
606,1,0.64,1.4,1,"606,1,0.64,1.4,1"
607,2,3.08,2.0,6,"607,2,3.08,2.0,6"
608,1,0.77,1.2,1,"608,1,0.77,1.2,1"
609,1,1.25,1.6,2,"609,1,1.25,1.6,2"
610,2,1.99,3.6,7,"610,2,1.99,3.6,7"
611,1,0.92,1.1,1,"611,1,0.92,1.1,1"
612,2,1.80,3.5,6,"612,2,1.80,3.5,6"
613,1,1.16,4.3,5,"613,1,1.16,4.3,5"
614,2,2.49,4.0,10,"614,2,2.49,4.0,10"
615,1,1.26,4.0,5,"615,1,1.26,4.0,5"
616,2,1.53,2.2,3,"616,2,1.53,2.2,3"
617,2,2.70,3.7,10,"617,2,2.70,3.7,10"
618,2,2.34,4.3,10,"618,2,2.34,4.3,10"
619,2,3.10,3.2,10,"619,2,3.10,3.2,10"
620,2,2.53,2.3,6,"620,2,2.53,2.3,6"
621,1,0.81,1.8,1,"621,1,0.81,1.8,1"
622,1,1.30,3.8,5,"622,1,1.30,3.8,5"
623,1,1.02,4.9,5,"623,1,1.02,4.9,5"
624,2,2.91,3.4,10,"624,2,2.91,3.4,10"
625,1,1.58,1.1,2,"625,1,1.58,1.1,2"
626,2,2.00,3.7,8,"626,2,2.00,3.7,8"
627,2,2.17,4.6,10,"627,2,2.17,4.6,10"
628,1,0.85,1.5,1,"628,1,0.85,1.5,1"
629,1,1.23,1.7,2,"629,1,1.23,1.7,2"
630,1,1.18,1.6,2,"630,1,1.18,1.6,2"
631,1,1.27,3.9,5,"631,1,1.27,3.9,5"
632,2,2.74,3.7,10,"632,2,2.74,3.7,10"
633,1,1.19,4.2,5,"633,1,1.19,4.2,5"
634,1,1.41,3.5,5,"634,1,1.41,3.5,5"
635,2,1.33,7.5,10,"635,2,1.33,7.5,10"
636,1,1.03,4.9,5,"636,1,1.03,4.9,5"
637,2,1.61,6.2,10,"637,2,1.61,6.2,10"
638,2,2.26,4.4,10,"638,2,2.26,4.4,10"
639,2,1.63,6.2,10,"639,2,1.63,6.2,10"
640,1,0.93,5.4,5,"640,1,0.93,5.4,5"
641,2,2.21,3.2,7,"641,2,2.21,3.2,7"
642,1,1.14,4.4,5,"642,1,1.14,4.4,5"
643,1,1.11,1.4,2,"643,1,1.11,1.4,2"
644,1,1.45,3.4,5,"644,1,1.45,3.4,5"
645,1,1.04,1.2,1,"645,1,1.04,1.2,1"
646,2,1.40,7.1,10,"646,2,1.40,7.1,10"
647,2,1.53,6.5,10,"647,2,1.53,6.5,10"
648,2,1.72,3.3,6,"648,2,1.72,3.3,6"
649,2,1.32,7.6,10,"649,2,1.32,7.6,10"
650,2,3.06,3.1,10,"650,2,3.06,3.1,10"
651,1,0.96,1.3,1,"651,1,0.96,1.3,1"
652,1,1.19,2.0,2,"652,1,1.19,2.0,2"
653,1,1.11,1.6,2,"653,1,1.11,1.6,2"
654,2,2.13,4.7,10,"654,2,2.13,4.7,10"
655,1,1.29,3.9,5,"655,1,1.29,3.9,5"
656,2,1.57,2.2,4,"656,2,1.57,2.2,4"
657,1,0.76,1.8,1,"657,1,0.76,1.8,1"
658,1,0.93,1.8,2,"658,1,0.93,1.8,2"
659,2,3.01,3.3,10,"659,2,3.01,3.3,10"
660,1,1.54,1.3,2,"660,1,1.54,1.3,2"
661,2,2.84,3.5,10,"661,2,2.84,3.5,10"
662,2,2.35,3.6,8,"662,2,2.35,3.6,8"
663,1,1.50,3.3,5,"663,1,1.50,3.3,5"
664,1,0.81,1.1,1,"664,1,0.81,1.1,1"
665,1,1.01,4.9,5,"665,1,1.01,4.9,5"
666,1,1.46,3.4,5,"666,1,1.46,3.4,5"
667,1,1.20,4.2,5,"667,1,1.20,4.2,5"
668,1,1.59,2.0,3,"668,1,1.59,2.0,3"
669,1,1.31,1.0,1,"669,1,1.31,1.0,1"
670,1,0.71,7.0,5,"670,1,0.71,7.0,5"
671,1,0.71,7.0,5,"671,1,0.71,7.0,5"
672,1,0.97,5.2,5,"672,1,0.97,5.2,5"
673,2,2.61,3.8,10,"673,2,2.61,3.8,10"
674,2,2.21,4.5,10,"674,2,2.21,4.5,10"
675,1,1.30,1.0,1,"675,1,1.30,1.0,1"
676,2,1.43,7.0,10,"676,2,1.43,7.0,10"
677,1,0.81,1.6,1,"677,1,0.81,1.6,1"
678,2,2.24,3.5,8,"678,2,2.24,3.5,8"
679,2,2.06,4.9,10,"679,2,2.06,4.9,10"
680,1,0.67,7.5,5,"680,1,0.67,7.5,5"
681,2,1.74,5.8,10,"681,2,1.74,5.8,10"
682,2,1.65,6.0,10,"682,2,1.65,6.0,10"
683,1,0.96,5.2,5,"683,1,0.96,5.2,5"
684,2,2.28,2.0,5,"684,2,2.28,2.0,5"
685,1,1.56,3.2,5,"685,1,1.56,3.2,5"
686,1,0.82,6.1,5,"686,1,0.82,6.1,5"
687,1,1.09,1.4,2,"687,1,1.09,1.4,2"
688,1,0.77,1.3,1,"688,1,0.77,1.3,1"
689,2,1.44,6.9,10,"689,2,1.44,6.9,10"
690,1,1.20,4.2,5,"690,1,1.20,4.2,5"
691,2,3.00,3.3,10,"691,2,3.00,3.3,10"
692,1,1.39,3.6,5,"692,1,1.39,3.6,5"
693,2,1.89,2.2,4,"693,2,1.89,2.2,4"
694,2,2.09,2.5,5,"694,2,2.09,2.5,5"
695,2,2.07,4.8,10,"695,2,2.07,4.8,10"
696,2,2.30,3.0,7,"696,2,2.30,3.0,7"
697,1,1.14,4.4,5,"697,1,1.14,4.4,5"
698,2,2.05,4.9,10,"698,2,2.05,4.9,10"
699,2,1.94,2.7,5,"699,2,1.94,2.7,5"
700,2,3.04,2.4,7,"700,2,3.04,2.4,7"
701,1,1.32,3.8,5,"701,1,1.32,3.8,5"
702,1,1.22,4.1,5,"702,1,1.22,4.1,5"
703,1,1.47,1.7,2,"703,1,1.47,1.7,2"
704,1,1.43,3.5,5,"704,1,1.43,3.5,5"
705,1,1.12,4.5,5,"705,1,1.12,4.5,5"
706,1,1.27,1.3,2,"706,1,1.27,1.3,2"
707,2,1.63,3.0,5,"707,2,1.63,3.0,5"
708,1,0.65,7.6,5,"708,1,0.65,7.6,5"
709,1,1.18,1.5,2,"709,1,1.18,1.5,2"
710,1,1.08,1.4,1,"710,1,1.08,1.4,1"
711,2,2.39,2.1,5,"711,2,2.39,2.1,5"
712,2,2.93,3.7,11,"712,2,2.93,3.7,11"
713,1,0.89,1.1,1,"713,1,0.89,1.1,1"
714,2,1.39,2.1,3,"714,2,1.39,2.1,3"
715,2,3.01,3.5,11,"715,2,3.01,3.5,11"
716,2,1.64,3.8,6,"716,2,1.64,3.8,6"
717,1,1.14,1.2,1,"717,1,1.14,1.2,1"
718,2,1.23,8.1,10,"718,2,1.23,8.1,10"
719,1,0.90,1.2,1,"719,1,0.90,1.2,1"
720,1,1.04,1.4,1,"720,1,1.04,1.4,1"
721,2,3.01,3.1,9,"721,2,3.01,3.1,9"
722,1,0.96,5.2,5,"722,1,0.96,5.2,5"
723,2,2.42,4.1,10,"723,2,2.42,4.1,10"
724,2,1.49,2.5,4,"724,2,1.49,2.5,4"
725,2,1.61,6.2,10,"725,2,1.61,6.2,10"
726,1,1.01,1.8,2,"726,1,1.01,1.8,2"
727,1,0.80,1.1,1,"727,1,0.80,1.1,1"
728,1,1.09,1.2,1,"728,1,1.09,1.2,1"
729,1,1.16,1.5,2,"729,1,1.16,1.5,2"
730,1,1.09,1.6,2,"730,1,1.09,1.6,2"
731,1,1.18,1.8,2,"731,1,1.18,1.8,2"
732,1,1.12,4.5,5,"732,1,1.12,4.5,5"
733,1,1.34,3.7,5,"733,1,1.34,3.7,5"
734,2,2.46,2.0,5,"734,2,2.46,2.0,5"
735,1,0.67,1.4,1,"735,1,0.67,1.4,1"
736,2,2.17,2.2,5,"736,2,2.17,2.2,5"
737,1,1.48,1.5,2,"737,1,1.48,1.5,2"
738,1,1.07,1.9,2,"738,1,1.07,1.9,2"
739,2,1.49,2.9,4,"739,2,1.49,2.9,4"
740,2,2.55,3.9,10,"740,2,2.55,3.9,10"
741,2,2.63,3.8,10,"741,2,2.63,3.8,10"
742,1,0.62,1.5,1,"742,1,0.62,1.5,1"
743,1,0.93,1.3,1,"743,1,0.93,1.3,1"
744,2,1.95,5.1,10,"744,2,1.95,5.1,10"
745,1,1.03,1.2,1,"745,1,1.03,1.2,1"
746,1,1.04,4.8,5,"746,1,1.04,4.8,5"
747,2,2.18,3.2,7,"747,2,2.18,3.2,7"
748,1,1.04,4.8,5,"748,1,1.04,4.8,5"
749,2,2.77,3.6,10,"749,2,2.77,3.6,10"
750,2,3.07,3.3,10,"750,2,3.07,3.3,10"
751,1,1.05,1.7,2,"751,1,1.05,1.7,2"
752,1,1.60,1.2,2,"752,1,1.60,1.2,2"
753,1,0.87,5.7,5,"753,1,0.87,5.7,5"
754,1,0.66,7.6,5,"754,1,0.66,7.6,5"
755,1,1.55,1.0,2,"755,1,1.55,1.0,2"
756,2,1.64,3.7,6,"756,2,1.64,3.7,6"
757,2,1.81,5.5,10,"757,2,1.81,5.5,10"
758,1,1.09,4.6,5,"758,1,1.09,4.6,5"
759,1,1.30,3.8,5,"759,1,1.30,3.8,5"
760,2,1.52,2.1,3,"760,2,1.52,2.1,3"
761,1,0.96,1.8,2,"761,1,0.96,1.8,2"
762,1,1.51,3.3,5,"762,1,1.51,3.3,5"
763,2,1.57,3.5,6,"763,2,1.57,3.5,6"
764,1,1.02,1.3,1,"764,1,1.02,1.3,1"
765,1,0.91,5.5,5,"765,1,0.91,5.5,5"
766,1,0.63,8.0,5,"766,1,0.63,8.0,5"
767,1,1.02,1.6,2,"767,1,1.02,1.6,2"
768,2,2.28,4.4,10,"768,2,2.28,4.4,10"
769,2,1.22,2.9,4,"769,2,1.22,2.9,4"
770,2,2.15,3.9,8,"770,2,2.15,3.9,8"
771,1,0.82,6.1,5,"771,1,0.82,6.1,5"
772,2,1.48,6.7,10,"772,2,1.48,6.7,10"
773,1,1.12,4.5,5,"773,1,1.12,4.5,5"
774,1,1.30,1.6,2,"774,1,1.30,1.6,2"
775,2,2.06,4.9,10,"775,2,2.06,4.9,10"
776,2,1.62,6.2,10,"776,2,1.62,6.2,10"
777,1,0.97,5.2,5,"777,1,0.97,5.2,5"
778,2,2.15,4.0,9,"778,2,2.15,4.0,9"
779,2,1.66,3.9,6,"779,2,1.66,3.9,6"
780,1,1.02,4.9,5,"780,1,1.02,4.9,5"
781,2,2.43,4.1,10,"781,2,2.43,4.1,10"
782,2,2.29,3.4,8,"782,2,2.29,3.4,8"
783,2,2.73,3.7,10,"783,2,2.73,3.7,10"
784,2,2.47,4.1,10,"784,2,2.47,4.1,10"
785,2,2.20,3.4,8,"785,2,2.20,3.4,8"
786,2,2.32,2.3,5,"786,2,2.32,2.3,5"
787,1,1.13,4.4,5,"787,1,1.13,4.4,5"
788,1,0.62,1.4,1,"788,1,0.62,1.4,1"
789,2,1.38,2.0,3,"789,2,1.38,2.0,3"
790,1,0.75,1.4,1,"790,1,0.75,1.4,1"
791,2,1.99,5.0,10,"791,2,1.99,5.0,10"
792,2,2.24,4.5,10,"792,2,2.24,4.5,10"
793,2,2.29,4.4,10,"793,2,2.29,4.4,10"
794,1,0.66,1.8,1,"794,1,0.66,1.8,1"
795,2,3.06,3.3,10,"795,2,3.06,3.3,10"
796,2,3.18,2.2,7,"796,2,3.18,2.2,7"
797,1,1.12,4.5,5,"797,1,1.12,4.5,5"
798,2,1.77,2.2,4,"798,2,1.77,2.2,4"
799,1,1.46,1.2,2,"799,1,1.46,1.2,2"
800,1,1.19,1.8,2,"800,1,1.19,1.8,2"
801,2,1.42,7.1,10,"801,2,1.42,7.1,10"
802,2,2.31,3.6,8,"802,2,2.31,3.6,8"
803,2,1.77,5.6,10,"803,2,1.77,5.6,10"
804,1,1.33,3.8,5,"804,1,1.33,3.8,5"
805,2,3.01,3.3,10,"805,2,3.01,3.3,10"
806,1,0.92,5.5,5,"806,1,0.92,5.5,5"
807,1,0.71,1.5,1,"807,1,0.71,1.5,1"
808,2,2.76,3.6,10,"808,2,2.76,3.6,10"
809,2,2.82,3.5,10,"809,2,2.82,3.5,10"
810,1,0.96,5.2,5,"810,1,0.96,5.2,5"
811,1,0.89,1.6,1,"811,1,0.89,1.6,1"
812,2,2.34,4.3,10,"812,2,2.34,4.3,10"
813,2,2.01,3.7,7,"813,2,2.01,3.7,7"
814,2,2.52,2.7,7,"814,2,2.52,2.7,7"
815,2,2.08,4.8,10,"815,2,2.08,4.8,10"
816,2,2.34,2.7,6,"816,2,2.34,2.7,6"
817,2,2.00,5.0,10,"817,2,2.00,5.0,10"
818,2,1.62,3.2,5,"818,2,1.62,3.2,5"
819,2,2.85,3.5,10,"819,2,2.85,3.5,10"
820,1,0.97,5.1,5,"820,1,0.97,5.1,5"
821,2,1.31,3.3,4,"821,2,1.31,3.3,4"
822,2,1.95,5.1,10,"822,2,1.95,5.1,10"
823,2,2.12,3.1,7,"823,2,2.12,3.1,7"
824,1,0.77,6.5,5,"824,1,0.77,6.5,5"
825,1,1.28,1.5,2,"825,1,1.28,1.5,2"
826,1,1.11,4.5,5,"826,1,1.11,4.5,5"
827,1,1.03,1.5,2,"827,1,1.03,1.5,2"
828,1,0.88,5.7,5,"828,1,0.88,5.7,5"
829,1,1.24,4.0,5,"829,1,1.24,4.0,5"
830,1,0.61,1.8,1,"830,1,0.61,1.8,1"
831,2,2.08,3.9,8,"831,2,2.08,3.9,8"
832,2,2.26,4.4,10,"832,2,2.26,4.4,10"
833,1,1.59,1.0,2,"833,1,1.59,1.0,2"
834,1,1.11,4.5,5,"834,1,1.11,4.5,5"
835,2,1.23,8.1,10,"835,2,1.23,8.1,10"
836,1,1.47,3.4,5,"836,1,1.47,3.4,5"
837,2,1.63,3.3,5,"837,2,1.63,3.3,5"
838,1,0.91,5.5,5,"838,1,0.91,5.5,5"
839,2,2.76,3.6,10,"839,2,2.76,3.6,10"
840,2,3.15,3.2,10,"840,2,3.15,3.2,10"
841,2,2.10,2.1,4,"841,2,2.10,2.1,4"
842,1,0.79,1.8,1,"842,1,0.79,1.8,1"
843,1,0.88,1.1,1,"843,1,0.88,1.1,1"
844,2,1.70,3.1,5,"844,2,1.70,3.1,5"
845,1,0.97,5.2,5,"845,1,0.97,5.2,5"
846,1,0.74,6.7,5,"846,1,0.74,6.7,5"
847,2,2.31,2.1,5,"847,2,2.31,2.1,5"
848,1,0.89,1.5,1,"848,1,0.89,1.5,1"
849,2,1.88,5.3,10,"849,2,1.88,5.3,10"
850,1,0.83,1.7,1,"850,1,0.83,1.7,1"
851,2,1.33,7.5,10,"851,2,1.33,7.5,10"
852,1,0.67,7.4,5,"852,1,0.67,7.4,5"
853,1,0.96,1.4,1,"853,1,0.96,1.4,1"
854,2,2.37,3.3,8,"854,2,2.37,3.3,8"
855,1,1.00,1.8,2,"855,1,1.00,1.8,2"
856,2,2.69,3.7,10,"856,2,2.69,3.7,10"
857,2,1.24,2.3,3,"857,2,1.24,2.3,3"
858,2,1.40,7.2,10,"858,2,1.40,7.2,10"
859,1,1.01,1.5,2,"859,1,1.01,1.5,2"
860,2,2.34,4.3,10,"860,2,2.34,4.3,10"
861,1,1.05,1.5,2,"861,1,1.05,1.5,2"
862,1,1.01,1.8,2,"862,1,1.01,1.8,2"
863,2,2.21,4.5,10,"863,2,2.21,4.5,10"
864,1,1.46,1.7,2,"864,1,1.46,1.7,2"
865,1,1.17,1.8,2,"865,1,1.17,1.8,2"
866,1,1.04,1.9,2,"866,1,1.04,1.9,2"
867,1,1.44,3.5,5,"867,1,1.44,3.5,5"
868,1,1.16,4.3,5,"868,1,1.16,4.3,5"
869,1,1.03,1.4,1,"869,1,1.03,1.4,1"
870,2,2.59,3.1,8,"870,2,2.59,3.1,8"
871,2,2.19,4.6,10,"871,2,2.19,4.6,10"
872,1,0.82,6.1,5,"872,1,0.82,6.1,5"
873,2,1.78,5.6,10,"873,2,1.78,5.6,10"
874,1,1.18,1.5,2,"874,1,1.18,1.5,2"
875,2,1.39,7.2,10,"875,2,1.39,7.2,10"
876,2,1.56,6.4,10,"876,2,1.56,6.4,10"
877,2,1.85,2.1,4,"877,2,1.85,2.1,4"
878,1,0.94,5.3,5,"878,1,0.94,5.3,5"
879,1,0.87,1.6,1,"879,1,0.87,1.6,1"
880,1,1.12,4.5,5,"880,1,1.12,4.5,5"
881,1,0.84,6.0,5,"881,1,0.84,6.0,5"
882,1,0.77,1.5,1,"882,1,0.77,1.5,1"
883,1,0.74,1.4,1,"883,1,0.74,1.4,1"
884,2,1.83,5.5,10,"884,2,1.83,5.5,10"
885,1,0.85,5.9,5,"885,1,0.85,5.9,5"
886,2,2.24,4.5,10,"886,2,2.24,4.5,10"
887,2,2.26,3.9,9,"887,2,2.26,3.9,9"
888,1,0.82,1.4,1,"888,1,0.82,1.4,1"
889,2,3.01,2.4,7,"889,2,3.01,2.4,7"
890,2,1.81,2.1,4,"890,2,1.81,2.1,4"
891,2,2.68,3.7,10,"891,2,2.68,3.7,10"
892,2,1.66,3.5,6,"892,2,1.66,3.5,6"
893,1,1.31,1.6,2,"893,1,1.31,1.6,2"
894,1,0.82,6.1,5,"894,1,0.82,6.1,5"
895,2,2.60,2.1,6,"895,2,2.60,2.1,6"
896,1,0.96,1.2,1,"896,1,0.96,1.2,1"
897,1,1.15,1.2,1,"897,1,1.15,1.2,1"
898,1,1.32,3.8,5,"898,1,1.32,3.8,5"
899,2,2.86,2.7,8,"899,2,2.86,2.7,8"
900,2,2.99,3.2,10,"900,2,2.99,3.2,10"
901,2,2.75,3.6,10,"901,2,2.75,3.6,10"
902,1,0.95,1.5,1,"902,1,0.95,1.5,1"
903,2,2.66,3.8,10,"903,2,2.66,3.8,10"
904,1,1.58,1.8,3,"904,1,1.58,1.8,3"
905,1,1.34,1.1,1,"905,1,1.34,1.1,1"
906,2,2.14,4.7,10,"906,2,2.14,4.7,10"
907,1,0.85,1.5,1,"907,1,0.85,1.5,1"
908,2,2.54,3.9,10,"908,2,2.54,3.9,10"
909,1,1.01,5.0,5,"909,1,1.01,5.0,5"
910,1,1.13,1.3,1,"910,1,1.13,1.3,1"
911,1,0.80,1.4,1,"911,1,0.80,1.4,1"
912,2,1.42,7.0,10,"912,2,1.42,7.0,10"
913,1,0.93,5.4,5,"913,1,0.93,5.4,5"
914,2,2.00,5.0,10,"914,2,2.00,5.0,10"
915,1,0.70,7.2,5,"915,1,0.70,7.2,5"
916,2,1.91,2.3,4,"916,2,1.91,2.3,4"
917,1,0.81,6.2,5,"917,1,0.81,6.2,5"
918,2,1.86,2.8,5,"918,2,1.86,2.8,5"
919,1,1.02,1.7,2,"919,1,1.02,1.7,2"
920,1,0.95,5.3,5,"920,1,0.95,5.3,5"
921,2,2.70,3.7,10,"921,2,2.70,3.7,10"
922,1,1.49,3.3,5,"922,1,1.49,3.3,5"
923,2,1.49,2.9,4,"923,2,1.49,2.9,4"
924,1,0.78,1.9,1,"924,1,0.78,1.9,1"
925,2,2.54,2.6,7,"925,2,2.54,2.6,7"
926,1,1.28,1.1,1,"926,1,1.28,1.1,1"
927,1,1.38,1.0,1,"927,1,1.38,1.0,1"
928,1,0.73,1.0,1,"928,1,0.73,1.0,1"
929,2,3.12,2.3,7,"929,2,3.12,2.3,7"
930,2,2.27,4.4,10,"930,2,2.27,4.4,10"
931,1,1.17,1.6,2,"931,1,1.17,1.6,2"
932,1,1.14,1.9,2,"932,1,1.14,1.9,2"
933,1,0.84,1.3,1,"933,1,0.84,1.3,1"
934,1,0.93,5.4,5,"934,1,0.93,5.4,5"
935,2,2.14,4.7,10,"935,2,2.14,4.7,10"
936,2,1.83,5.5,10,"936,2,1.83,5.5,10"
937,2,1.60,6.2,10,"937,2,1.60,6.2,10"
938,2,2.37,3.5,8,"938,2,2.37,3.5,8"
939,1,1.09,1.8,2,"939,1,1.09,1.8,2"
940,2,1.90,5.3,10,"940,2,1.90,5.3,10"
941,2,1.85,3.6,7,"941,2,1.85,3.6,7"
942,2,2.47,2.6,6,"942,2,2.47,2.6,6"
943,2,1.60,6.3,10,"943,2,1.60,6.3,10"
944,1,0.82,1.7,1,"944,1,0.82,1.7,1"
945,2,1.97,3.1,6,"945,2,1.97,3.1,6"
946,1,1.31,3.8,5,"946,1,1.31,3.8,5"
947,1,0.69,1.6,1,"947,1,0.69,1.6,1"
948,1,0.95,1.8,2,"948,1,0.95,1.8,2"
949,2,1.92,2.5,5,"949,2,1.92,2.5,5"
950,2,2.14,4.7,10,"950,2,2.14,4.7,10"
951,2,2.07,2.4,5,"951,2,2.07,2.4,5"
952,1,0.83,1.3,1,"952,1,0.83,1.3,1"
953,1,1.20,4.2,5,"953,1,1.20,4.2,5"
954,1,1.18,1.3,2,"954,1,1.18,1.3,2"
955,2,1.88,5.3,10,"955,2,1.88,5.3,10"
956,2,1.91,5.2,10,"956,2,1.91,5.2,10"
957,2,2.03,2.4,5,"957,2,2.03,2.4,5"
958,2,2.13,3.2,7,"958,2,2.13,3.2,7"
959,1,1.38,3.6,5,"959,1,1.38,3.6,5"
960,2,2.20,2.9,6,"960,2,2.20,2.9,6"
961,2,1.27,7.9,10,"961,2,1.27,7.9,10"
962,2,1.85,5.4,10,"962,2,1.85,5.4,10"
963,1,1.47,3.4,5,"963,1,1.47,3.4,5"
964,1,1.44,3.5,5,"964,1,1.44,3.5,5"
965,1,0.82,2.0,2,"965,1,0.82,2.0,2"
966,1,1.14,2.0,2,"966,1,1.14,2.0,2"
967,2,1.36,2.4,3,"967,2,1.36,2.4,3"
968,1,1.11,4.5,5,"968,1,1.11,4.5,5"
969,1,0.82,1.4,1,"969,1,0.82,1.4,1"
970,2,1.39,7.2,10,"970,2,1.39,7.2,10"
971,1,0.88,1.7,1,"971,1,0.88,1.7,1"
972,2,2.02,2.4,5,"972,2,2.02,2.4,5"
973,1,0.86,5.8,5,"973,1,0.86,5.8,5"
974,2,1.20,2.6,3,"974,2,1.20,2.6,3"
975,2,1.62,6.2,10,"975,2,1.62,6.2,10"
976,2,2.09,4.8,10,"976,2,2.09,4.8,10"
977,2,1.92,5.2,10,"977,2,1.92,5.2,10"
978,2,2.07,4.8,10,"978,2,2.07,4.8,10"
979,1,0.69,7.2,5,"979,1,0.69,7.2,5"
980,2,1.35,7.4,10,"980,2,1.35,7.4,10"
981,2,1.40,2.3,3,"981,2,1.40,2.3,3"
982,2,2.14,4.7,10,"982,2,2.14,4.7,10"
983,2,2.38,2.3,5,"983,2,2.38,2.3,5"
984,1,0.99,1.2,1,"984,1,0.99,1.2,1"
985,2,2.52,3.3,8,"985,2,2.52,3.3,8"
986,1,0.81,6.2,5,"986,1,0.81,6.2,5"
987,1,1.28,3.9,5,"987,1,1.28,3.9,5"
988,2,2.05,4.9,10,"988,2,2.05,4.9,10"
989,1,1.01,5.0,5,"989,1,1.01,5.0,5"
990,1,1.53,3.3,5,"990,1,1.53,3.3,5"
991,2,1.73,5.8,10,"991,2,1.73,5.8,10"
992,2,2.82,2.7,8,"992,2,2.82,2.7,8"
993,1,1.46,3.4,5,"993,1,1.46,3.4,5"
994,2,2.08,4.8,10,"994,2,2.08,4.8,10"
995,2,2.44,4.1,10,"995,2,2.44,4.1,10"
996,2,2.03,4.9,10,"996,2,2.03,4.9,10"
997,2,1.25,2.0,3,"997,2,1.25,2.0,3"
998,1,0.94,2.0,2,"998,1,0.94,2.0,2"
999,1,1.00,5.0,5,"999,1,1.00,5.0,5"
1000,2,3.00,3.3,10,"1000,2,3.00,3.3,10"
1001,1,0.88,2.0,2,"1001,1,0.88,2.0,2"
1002,2,1.33,2.1,3,"1002,2,1.33,2.1,3"
1003,1,0.89,5.6,5,"1003,1,0.89,5.6,5"
1004,2,1.97,2.2,4,"1004,2,1.97,2.2,4"
1005,1,1.10,1.2,1,"1005,1,1.10,1.2,1"
1006,1,0.93,5.4,5,"1006,1,0.93,5.4,5"
1007,2,3.02,3.3,10,"1007,2,3.02,3.3,10"
1008,1,1.06,4.7,5,"1008,1,1.06,4.7,5"
1009,1,1.02,4.9,5,"1009,1,1.02,4.9,5"
1010,2,1.77,5.7,10,"1010,2,1.77,5.7,10"
1011,2,1.95,5.1,10,"1011,2,1.95,5.1,10"
1012,2,2.19,3.5,8,"1012,2,2.19,3.5,8"
1013,2,2.01,5.0,10,"1013,2,2.01,5.0,10"
1014,2,2.11,2.2,5,"1014,2,2.11,2.2,5"
1015,1,1.15,1.1,1,"1015,1,1.15,1.1,1"
1016,2,1.71,3.5,6,"1016,2,1.71,3.5,6"
1017,1,1.08,4.6,5,"1017,1,1.08,4.6,5"
1018,2,2.82,3.5,10,"1018,2,2.82,3.5,10"
1019,2,1.77,5.6,10,"1019,2,1.77,5.6,10"
1020,1,1.15,4.3,5,"1020,1,1.15,4.3,5"
1021,1,0.91,5.5,5,"1021,1,0.91,5.5,5"
1022,1,1.35,3.7,5,"1022,1,1.35,3.7,5"
1023,1,1.11,1.5,2,"1023,1,1.11,1.5,2"
1024,2,1.78,5.6,10,"1024,2,1.78,5.6,10"
1025,2,1.90,3.6,7,"1025,2,1.90,3.6,7"
1026,1,1.59,1.4,2,"1026,1,1.59,1.4,2"
1027,2,1.72,2.3,4,"1027,2,1.72,2.3,4"
1028,1,1.03,1.2,1,"1028,1,1.03,1.2,1"
1029,2,2.20,2.5,6,"1029,2,2.20,2.5,6"
1030,2,2.67,3.8,10,"1030,2,2.67,3.8,10"
1031,1,0.90,1.7,2,"1031,1,0.90,1.7,2"
1032,1,1.54,1.8,3,"1032,1,1.54,1.8,3"
1033,1,0.64,7.8,5,"1033,1,0.64,7.8,5"
1034,2,2.32,4.3,10,"1034,2,2.32,4.3,10"
1035,2,2.19,3.2,7,"1035,2,2.19,3.2,7"
1036,1,1.17,4.3,5,"1036,1,1.17,4.3,5"
1037,2,2.59,3.0,8,"1037,2,2.59,3.0,8"
1038,2,1.24,2.6,3,"1038,2,1.24,2.6,3"
1039,1,1.18,4.2,5,"1039,1,1.18,4.2,5"
1040,2,2.68,3.8,10,"1040,2,2.68,3.8,10"
1041,2,1.98,2.7,5,"1041,2,1.98,2.7,5"
1042,2,2.03,4.9,10,"1042,2,2.03,4.9,10"
1043,1,1.46,3.4,5,"1043,1,1.46,3.4,5"
1044,2,2.03,3.8,8,"1044,2,2.03,3.8,8"
1045,1,0.67,7.5,5,"1045,1,0.67,7.5,5"
1046,2,1.56,2.8,4,"1046,2,1.56,2.8,4"
1047,1,1.05,4.7,5,"1047,1,1.05,4.7,5"
1048,2,1.48,6.8,10,"1048,2,1.48,6.8,10"
1049,1,0.88,5.7,5,"1049,1,0.88,5.7,5"
1050,1,1.54,1.4,2,"1050,1,1.54,1.4,2"
1051,1,1.60,1.6,3,"1051,1,1.60,1.6,3"
1052,2,2.60,3.8,10,"1052,2,2.60,3.8,10"
1053,2,1.62,6.2,10,"1053,2,1.62,6.2,10"
1054,1,0.66,7.6,5,"1054,1,0.66,7.6,5"
1055,2,1.52,2.8,4,"1055,2,1.52,2.8,4"
1056,2,1.94,3.3,6,"1056,2,1.94,3.3,6"
1057,1,1.03,1.6,2,"1057,1,1.03,1.6,2"
1058,2,2.28,4.0,9,"1058,2,2.28,4.0,9"
1059,1,1.08,1.9,2,"1059,1,1.08,1.9,2"
1060,2,2.15,4.7,10,"1060,2,2.15,4.7,10"
1061,1,1.50,3.3,5,"1061,1,1.50,3.3,5"
1062,1,0.89,5.6,5,"1062,1,0.89,5.6,5"
1063,2,3.07,3.3,10,"1063,2,3.07,3.3,10"
1064,1,0.71,1.2,1,"1064,1,0.71,1.2,1"
1065,1,0.88,5.7,5,"1065,1,0.88,5.7,5"
1066,2,1.72,2.4,4,"1066,2,1.72,2.4,4"
1067,2,2.99,3.3,10,"1067,2,2.99,3.3,10"
1068,1,0.90,5.5,5,"1068,1,0.90,5.5,5"
1069,2,2.42,2.5,6,"1069,2,2.42,2.5,6"
1070,1,0.94,5.3,5,"1070,1,0.94,5.3,5"
1071,1,1.15,1.1,1,"1071,1,1.15,1.1,1"
1072,1,0.92,5.4,5,"1072,1,0.92,5.4,5"
1073,2,2.99,2.6,8,"1073,2,2.99,2.6,8"
1074,2,2.04,4.9,10,"1074,2,2.04,4.9,10"
1075,2,2.82,3.5,10,"1075,2,2.82,3.5,10"
1076,1,1.10,4.5,5,"1076,1,1.10,4.5,5"
1077,2,1.46,3.5,5,"1077,2,1.46,3.5,5"
1078,2,2.23,4.5,10,"1078,2,2.23,4.5,10"
1079,1,0.89,5.6,5,"1079,1,0.89,5.6,5"
1080,1,1.33,1.5,2,"1080,1,1.33,1.5,2"
1081,2,2.67,3.0,8,"1081,2,2.67,3.0,8"
1082,2,1.65,6.1,10,"1082,2,1.65,6.1,10"
1083,2,1.61,3.6,6,"1083,2,1.61,3.6,6"
1084,2,2.00,2.1,4,"1084,2,2.00,2.1,4"
1085,2,1.88,3.4,6,"1085,2,1.88,3.4,6"
1086,2,2.73,3.7,10,"1086,2,2.73,3.7,10"
1087,2,2.35,3.9,9,"1087,2,2.35,3.9,9"
1088,1,1.10,4.6,5,"1088,1,1.10,4.6,5"
1089,2,2.80,2.2,6,"1089,2,2.80,2.2,6"
1090,2,1.56,3.8,6,"1090,2,1.56,3.8,6"
1091,1,0.67,1.8,1,"1091,1,0.67,1.8,1"
1092,1,0.60,1.4,1,"1092,1,0.60,1.4,1"
1093,2,1.83,5.5,10,"1093,2,1.83,5.5,10"
1094,1,1.28,3.9,5,"1094,1,1.28,3.9,5"
1095,2,1.31,4.0,5,"1095,2,1.31,4.0,5"
1096,1,0.75,6.7,5,"1096,1,0.75,6.7,5"
1097,2,1.67,6.0,10,"1097,2,1.67,6.0,10"
1098,2,1.66,6.0,10,"1098,2,1.66,6.0,10"
1099,1,1.33,3.8,5,"1099,1,1.33,3.8,5"
1100,2,2.88,3.3,9,"1100,2,2.88,3.3,9"
1101,1,0.62,8.0,5,"1101,1,0.62,8.0,5"
1102,1,1.52,1.6,2,"1102,1,1.52,1.6,2"
1103,2,2.81,2.4,7,"1103,2,2.81,2.4,7"
1104,1,0.98,5.1,5,"1104,1,0.98,5.1,5"
1105,2,3.11,3.2,10,"1105,2,3.11,3.2,10"
1106,2,2.70,3.7,10,"1106,2,2.70,3.7,10"
1107,1,0.84,6.0,5,"1107,1,0.84,6.0,5"
1108,2,2.38,4.2,10,"1108,2,2.38,4.2,10"
1109,2,2.54,3.9,10,"1109,2,2.54,3.9,10"
1110,1,0.66,7.6,5,"1110,1,0.66,7.6,5"
1111,2,2.30,3.5,8,"1111,2,2.30,3.5,8"
1112,1,0.88,1.8,2,"1112,1,0.88,1.8,2"
1113,2,1.73,5.8,10,"1113,2,1.73,5.8,10"
1114,2,1.35,3.0,4,"1114,2,1.35,3.0,4"
1115,1,0.75,1.1,1,"1115,1,0.75,1.1,1"
1116,2,2.13,4.7,10,"1116,2,2.13,4.7,10"
1117,2,2.61,3.8,10,"1117,2,2.61,3.8,10"
1118,2,2.23,4.5,10,"1118,2,2.23,4.5,10"
1119,1,1.37,1.9,3,"1119,1,1.37,1.9,3"
1120,2,2.97,3.4,10,"1120,2,2.97,3.4,10"
1121,1,1.58,3.2,5,"1121,1,1.58,3.2,5"
1122,2,2.24,2.3,5,"1122,2,2.24,2.3,5"
1123,2,2.01,5.0,10,"1123,2,2.01,5.0,10"
1124,1,1.57,1.8,3,"1124,1,1.57,1.8,3"
1125,2,2.94,3.7,11,"1125,2,2.94,3.7,11"
1126,1,1.03,1.2,1,"1126,1,1.03,1.2,1"
1127,2,2.73,3.7,10,"1127,2,2.73,3.7,10"
1128,1,1.17,4.3,5,"1128,1,1.17,4.3,5"
1129,1,1.17,4.3,5,"1129,1,1.17,4.3,5"
1130,1,0.85,5.9,5,"1130,1,0.85,5.9,5"
1131,1,0.85,5.9,5,"1131,1,0.85,5.9,5"
1132,1,0.88,1.8,2,"1132,1,0.88,1.8,2"
1133,2,1.35,7.4,10,"1133,2,1.35,7.4,10"
1134,1,1.57,3.2,5,"1134,1,1.57,3.2,5"
1135,2,2.23,4.5,10,"1135,2,2.23,4.5,10"
1136,2,2.82,2.9,8,"1136,2,2.82,2.9,8"
1137,1,0.70,1.9,1,"1137,1,0.70,1.9,1"
1138,2,1.96,5.1,10,"1138,2,1.96,5.1,10"
1139,1,1.46,3.4,5,"1139,1,1.46,3.4,5"
1140,1,1.34,1.1,1,"1140,1,1.34,1.1,1"
1141,2,2.87,3.6,10,"1141,2,2.87,3.6,10"
1142,2,3.20,3.1,10,"1142,2,3.20,3.1,10"
1143,1,1.02,4.9,5,"1143,1,1.02,4.9,5"
1144,1,0.84,6.0,5,"1144,1,0.84,6.0,5"
1145,1,1.34,3.7,5,"1145,1,1.34,3.7,5"
1146,1,1.10,4.6,5,"1146,1,1.10,4.6,5"
1147,2,2.02,2.8,6,"1147,2,2.02,2.8,6"
1148,2,2.06,2.3,5,"1148,2,2.06,2.3,5"
1149,1,1.02,4.9,5,"1149,1,1.02,4.9,5"
1150,2,1.22,2.3,3,"1150,2,1.22,2.3,3"
1151,1,1.03,4.8,5,"1151,1,1.03,4.8,5"
1152,2,2.00,5.0,10,"1152,2,2.00,5.0,10"
1153,1,1.14,4.4,5,"1153,1,1.14,4.4,5"
1154,2,1.91,5.2,10,"1154,2,1.91,5.2,10"
1155,1,0.80,1.3,1,"1155,1,0.80,1.3,1"
1156,2,1.88,3.6,7,"1156,2,1.88,3.6,7"
1157,2,2.92,3.4,10,"1157,2,2.92,3.4,10"
1158,2,1.88,5.3,10,"1158,2,1.88,5.3,10"
1159,2,2.25,4.5,10,"1159,2,2.25,4.5,10"
1160,1,1.06,4.7,5,"1160,1,1.06,4.7,5"
1161,1,1.02,4.9,5,"1161,1,1.02,4.9,5"
1162,1,0.60,1.8,1,"1162,1,0.60,1.8,1"
1163,1,1.53,1.9,3,"1163,1,1.53,1.9,3"
1164,2,1.96,5.1,10,"1164,2,1.96,5.1,10"
1165,1,1.19,1.4,2,"1165,1,1.19,1.4,2"
1166,1,0.82,6.1,5,"1166,1,0.82,6.1,5"
1167,1,1.08,4.6,5,"1167,1,1.08,4.6,5"
1168,1,0.95,5.2,5,"1168,1,0.95,5.2,5"
1169,2,2.16,4.6,10,"1169,2,2.16,4.6,10"
1170,2,1.88,5.3,10,"1170,2,1.88,5.3,10"
1171,2,1.66,2.3,4,"1171,2,1.66,2.3,4"
1172,1,0.86,5.8,5,"1172,1,0.86,5.8,5"
1173,2,1.28,7.8,10,"1173,2,1.28,7.8,10"
1174,1,1.03,1.8,2,"1174,1,1.03,1.8,2"
1175,2,1.63,6.1,10,"1175,2,1.63,6.1,10"
1176,2,1.58,6.3,10,"1176,2,1.58,6.3,10"
1177,2,1.91,2.7,5,"1177,2,1.91,2.7,5"
1178,1,0.61,8.2,5,"1178,1,0.61,8.2,5"
1179,1,1.02,1.5,2,"1179,1,1.02,1.5,2"
1180,1,1.36,3.7,5,"1180,1,1.36,3.7,5"
1181,1,1.42,1.5,2,"1181,1,1.42,1.5,2"
1182,2,2.57,3.1,8,"1182,2,2.57,3.1,8"
1183,2,2.16,4.6,10,"1183,2,2.16,4.6,10"
1184,1,1.55,1.6,2,"1184,1,1.55,1.6,2"
1185,1,1.29,3.9,5,"1185,1,1.29,3.9,5"
1186,1,1.33,1.7,2,"1186,1,1.33,1.7,2"
1187,2,2.38,3.4,8,"1187,2,2.38,3.4,8"
1188,2,1.25,8.0,10,"1188,2,1.25,8.0,10"
1189,1,1.15,4.4,5,"1189,1,1.15,4.4,5"
1190,2,1.80,5.5,10,"1190,2,1.80,5.5,10"
1191,1,1.20,4.2,5,"1191,1,1.20,4.2,5"
1192,2,1.78,3.6,6,"1192,2,1.78,3.6,6"
1193,2,1.62,6.2,10,"1193,2,1.62,6.2,10"
1194,2,1.84,5.4,10,"1194,2,1.84,5.4,10"
1195,2,1.74,2.5,4,"1195,2,1.74,2.5,4"
1196,2,2.43,4.1,10,"1196,2,2.43,4.1,10"
1197,2,2.35,4.3,10,"1197,2,2.35,4.3,10"
1198,2,2.68,2.7,7,"1198,2,2.68,2.7,7"
1199,1,0.83,1.4,1,"1199,1,0.83,1.4,1"
1200,1,1.00,5.0,5,"1200,1,1.00,5.0,5"
1201,1,0.90,1.1,1,"1201,1,0.90,1.1,1"
1202,1,0.92,5.4,5,"1202,1,0.92,5.4,5"
1203,1,0.85,5.8,5,"1203,1,0.85,5.8,5"
1204,1,0.64,1.4,1,"1204,1,0.64,1.4,1"
1205,2,1.84,5.4,10,"1205,2,1.84,5.4,10"
1206,2,1.71,5.9,10,"1206,2,1.71,5.9,10"
1207,1,1.10,4.6,5,"1207,1,1.10,4.6,5"
1208,1,0.96,1.8,2,"1208,1,0.96,1.8,2"
1209,1,1.13,1.4,2,"1209,1,1.13,1.4,2"
1210,1,0.88,5.7,5,"1210,1,0.88,5.7,5"
1211,1,1.40,1.1,2,"1211,1,1.40,1.1,2"
1212,1,0.98,1.1,1,"1212,1,0.98,1.1,1"
1213,2,1.83,5.5,10,"1213,2,1.83,5.5,10"
1214,1,1.05,4.8,5,"1214,1,1.05,4.8,5"
1215,1,1.11,1.2,1,"1215,1,1.11,1.2,1"
1216,2,2.14,4.7,10,"1216,2,2.14,4.7,10"
1217,2,2.09,4.8,10,"1217,2,2.09,4.8,10"
1218,2,2.49,3.7,9,"1218,2,2.49,3.7,9"
1219,2,2.67,3.0,8,"1219,2,2.67,3.0,8"
1220,1,0.70,7.1,5,"1220,1,0.70,7.1,5"
1221,1,0.64,1.2,1,"1221,1,0.64,1.2,1"
1222,1,1.27,1.7,2,"1222,1,1.27,1.7,2"
1223,2,1.77,2.8,5,"1223,2,1.77,2.8,5"
1224,1,0.83,1.9,2,"1224,1,0.83,1.9,2"
1225,2,1.51,2.3,3,"1225,2,1.51,2.3,3"
1226,1,0.90,5.6,5,"1226,1,0.90,5.6,5"
1227,1,1.00,1.8,2,"1227,1,1.00,1.8,2"
1228,2,2.07,4.8,10,"1228,2,2.07,4.8,10"
1229,2,1.67,6.0,10,"1229,2,1.67,6.0,10"
1230,1,0.94,1.5,1,"1230,1,0.94,1.5,1"
1231,1,1.09,4.6,5,"1231,1,1.09,4.6,5"
1232,2,2.14,3.0,6,"1232,2,2.14,3.0,6"
1233,2,2.56,2.4,6,"1233,2,2.56,2.4,6"
1234,1,1.31,1.5,2,"1234,1,1.31,1.5,2"
1235,1,1.18,4.2,5,"1235,1,1.18,4.2,5"
1236,1,1.14,1.6,2,"1236,1,1.14,1.6,2"
1237,2,2.17,3.4,7,"1237,2,2.17,3.4,7"
1238,1,0.85,1.4,1,"1238,1,0.85,1.4,1"
1239,2,1.45,2.2,3,"1239,2,1.45,2.2,3"
1240,2,2.96,3.4,10,"1240,2,2.96,3.4,10"
1241,2,2.25,3.0,7,"1241,2,2.25,3.0,7"
1242,1,1.04,4.8,5,"1242,1,1.04,4.8,5"
1243,2,1.87,2.1,4,"1243,2,1.87,2.1,4"
1244,2,2.64,3.8,10,"1244,2,2.64,3.8,10"
1245,1,1.13,1.1,1,"1245,1,1.13,1.1,1"
1246,1,0.80,1.6,1,"1246,1,0.80,1.6,1"
1247,1,1.14,1.2,1,"1247,1,1.14,1.2,1"
1248,1,1.30,3.8,5,"1248,1,1.30,3.8,5"
1249,1,1.12,4.5,5,"1249,1,1.12,4.5,5"
1250,2,1.77,3.1,5,"1250,2,1.77,3.1,5"
1251,1,1.51,1.7,3,"1251,1,1.51,1.7,3"
1252,1,0.86,5.8,5,"1252,1,0.86,5.8,5"
1253,2,1.20,3.9,5,"1253,2,1.20,3.9,5"
1254,2,3.02,3.3,10,"1254,2,3.02,3.3,10"
1255,1,1.14,1.4,2,"1255,1,1.14,1.4,2"
1256,2,2.35,4.3,10,"1256,2,2.35,4.3,10"
1257,2,1.98,5.1,10,"1257,2,1.98,5.1,10"
1258,1,0.99,5.1,5,"1258,1,0.99,5.1,5"
1259,2,2.16,4.6,10,"1259,2,2.16,4.6,10"
1260,2,2.96,3.5,10,"1260,2,2.96,3.5,10"
1261,2,1.69,5.9,10,"1261,2,1.69,5.9,10"
1262,2,2.40,3.6,9,"1262,2,2.40,3.6,9"
1263,1,0.62,1.5,1,"1263,1,0.62,1.5,1"
1264,1,1.48,3.4,5,"1264,1,1.48,3.4,5"
1265,2,2.25,2.4,5,"1265,2,2.25,2.4,5"
1266,2,2.81,3.6,10,"1266,2,2.81,3.6,10"
1267,1,1.29,3.9,5,"1267,1,1.29,3.9,5"
1268,1,1.13,1.1,1,"1268,1,1.13,1.1,1"
1269,2,2.06,3.7,8,"1269,2,2.06,3.7,8"
1270,1,0.97,5.2,5,"1270,1,0.97,5.2,5"
1271,1,0.75,6.7,5,"1271,1,0.75,6.7,5"
1272,2,2.73,3.7,10,"1272,2,2.73,3.7,10"
1273,1,0.91,1.4,1,"1273,1,0.91,1.4,1"
1274,1,0.65,1.4,1,"1274,1,0.65,1.4,1"
1275,2,2.53,2.9,7,"1275,2,2.53,2.9,7"
1276,1,1.22,1.5,2,"1276,1,1.22,1.5,2"
1277,1,0.89,5.6,5,"1277,1,0.89,5.6,5"
1278,2,2.66,2.5,7,"1278,2,2.66,2.5,7"
1279,2,1.65,6.1,10,"1279,2,1.65,6.1,10"
1280,1,0.96,1.8,2,"1280,1,0.96,1.8,2"
1281,1,0.66,7.5,5,"1281,1,0.66,7.5,5"
1282,2,2.86,3.5,10,"1282,2,2.86,3.5,10"
1283,1,1.00,2.0,2,"1283,1,1.00,2.0,2"
1284,2,2.75,3.6,10,"1284,2,2.75,3.6,10"
1285,2,2.53,2.4,6,"1285,2,2.53,2.4,6"
1286,2,2.98,2.2,7,"1286,2,2.98,2.2,7"
1287,1,1.02,1.0,1,"1287,1,1.02,1.0,1"
1288,2,2.65,3.8,10,"1288,2,2.65,3.8,10"
1289,1,0.97,5.1,5,"1289,1,0.97,5.1,5"
1290,2,1.75,3.1,5,"1290,2,1.75,3.1,5"
1291,1,0.82,6.1,5,"1291,1,0.82,6.1,5"
1292,2,2.30,4.3,10,"1292,2,2.30,4.3,10"
1293,1,1.13,4.4,5,"1293,1,1.13,4.4,5"
1294,2,2.95,2.7,8,"1294,2,2.95,2.7,8"
1295,1,1.11,1.7,2,"1295,1,1.11,1.7,2"
1296,1,1.10,4.5,5,"1296,1,1.10,4.5,5"
1297,1,1.13,4.4,5,"1297,1,1.13,4.4,5"
1298,1,1.15,4.4,5,"1298,1,1.15,4.4,5"
1299,2,1.33,3.2,4,"1299,2,1.33,3.2,4"
1300,1,0.87,5.8,5,"1300,1,0.87,5.8,5"
1301,1,1.59,1.7,3,"1301,1,1.59,1.7,3"
1302,2,1.40,3.5,5,"1302,2,1.40,3.5,5"
1303,2,1.88,5.3,10,"1303,2,1.88,5.3,10"
1304,2,1.45,6.9,10,"1304,2,1.45,6.9,10"
1305,2,1.91,5.2,10,"1305,2,1.91,5.2,10"
1306,1,0.83,6.0,5,"1306,1,0.83,6.0,5"
1307,2,1.96,5.1,10,"1307,2,1.96,5.1,10"
1308,2,2.00,3.9,8,"1308,2,2.00,3.9,8"
1309,1,1.09,4.6,5,"1309,1,1.09,4.6,5"
1310,1,1.40,1.3,2,"1310,1,1.40,1.3,2"
1311,2,2.59,3.9,10,"1311,2,2.59,3.9,10"
1312,2,2.08,4.8,10,"1312,2,2.08,4.8,10"
1313,2,2.67,3.6,10,"1313,2,2.67,3.6,10"
1314,2,1.72,5.8,10,"1314,2,1.72,5.8,10"
1315,2,1.68,5.9,10,"1315,2,1.68,5.9,10"
1316,2,1.96,2.7,5,"1316,2,1.96,2.7,5"
1317,1,1.11,1.6,2,"1317,1,1.11,1.6,2"
1318,1,0.87,5.7,5,"1318,1,0.87,5.7,5"
1319,1,0.66,1.6,1,"1319,1,0.66,1.6,1"
1320,2,1.53,3.3,5,"1320,2,1.53,3.3,5"
1321,1,0.80,6.3,5,"1321,1,0.80,6.3,5"
1322,2,2.38,2.9,7,"1322,2,2.38,2.9,7"
1323,2,1.95,2.5,5,"1323,2,1.95,2.5,5"
1324,2,2.83,3.5,10,"1324,2,2.83,3.5,10"
1325,2,1.36,3.7,5,"1325,2,1.36,3.7,5"
1326,2,2.89,3.5,10,"1326,2,2.89,3.5,10"
1327,1,1.12,4.5,5,"1327,1,1.12,4.5,5"
1328,1,0.74,1.3,1,"1328,1,0.74,1.3,1"
1329,1,0.70,1.8,1,"1329,1,0.70,1.8,1"
1330,2,2.89,3.3,10,"1330,2,2.89,3.3,10"
1331,2,1.92,2.4,5,"1331,2,1.92,2.4,5"
1332,2,2.77,3.6,10,"1332,2,2.77,3.6,10"
1333,1,1.07,4.7,5,"1333,1,1.07,4.7,5"
1334,2,2.94,3.4,10,"1334,2,2.94,3.4,10"
1335,1,1.01,1.1,1,"1335,1,1.01,1.1,1"
1336,2,1.88,3.2,6,"1336,2,1.88,3.2,6"
1337,1,0.77,1.9,1,"1337,1,0.77,1.9,1"
1338,1,0.86,1.1,1,"1338,1,0.86,1.1,1"
1339,1,0.62,8.0,5,"1339,1,0.62,8.0,5"
1340,2,2.37,2.6,6,"1340,2,2.37,2.6,6"
1341,2,2.84,2.3,6,"1341,2,2.84,2.3,6"
1342,2,1.96,5.1,10,"1342,2,1.96,5.1,10"
1343,1,1.02,4.9,5,"1343,1,1.02,4.9,5"
1344,1,1.12,1.7,2,"1344,1,1.12,1.7,2"
1345,1,1.01,5.0,5,"1345,1,1.01,5.0,5"
1346,2,2.90,3.4,10,"1346,2,2.90,3.4,10"
1347,1,1.19,1.1,1,"1347,1,1.19,1.1,1"
1348,1,0.61,1.2,1,"1348,1,0.61,1.2,1"
1349,2,2.86,3.3,10,"1349,2,2.86,3.3,10"
1350,2,3.08,2.3,7,"1350,2,3.08,2.3,7"
1351,2,2.36,2.8,7,"1351,2,2.36,2.8,7"
1352,1,1.35,1.6,2,"1352,1,1.35,1.6,2"
1353,2,1.23,3.0,4,"1353,2,1.23,3.0,4"
1354,2,1.78,3.7,7,"1354,2,1.78,3.7,7"
1355,1,0.65,7.7,5,"1355,1,0.65,7.7,5"
1356,1,0.67,1.2,1,"1356,1,0.67,1.2,1"
1357,2,1.65,6.1,10,"1357,2,1.65,6.1,10"
1358,2,1.61,2.6,4,"1358,2,1.61,2.6,4"
1359,2,3.11,3.2,10,"1359,2,3.11,3.2,10"
1360,2,1.23,3.9,5,"1360,2,1.23,3.9,5"
1361,2,2.89,3.9,11,"1361,2,2.89,3.9,11"
1362,2,2.29,4.4,10,"1362,2,2.29,4.4,10"
1363,2,2.41,4.1,10,"1363,2,2.41,4.1,10"
1364,2,2.10,2.6,6,"1364,2,2.10,2.6,6"
1365,2,1.56,6.4,10,"1365,2,1.56,6.4,10"
1366,2,1.68,6.0,10,"1366,2,1.68,6.0,10"
1367,2,2.27,3.7,8,"1367,2,2.27,3.7,8"
1368,2,1.63,6.1,10,"1368,2,1.63,6.1,10"
1369,2,1.42,3.7,5,"1369,2,1.42,3.7,5"
1370,2,2.10,3.5,7,"1370,2,2.10,3.5,7"
1371,1,1.13,1.6,2,"1371,1,1.13,1.6,2"
1372,1,0.67,1.5,1,"1372,1,0.67,1.5,1"
1373,1,0.82,6.1,5,"1373,1,0.82,6.1,5"
1374,1,1.58,1.0,2,"1374,1,1.58,1.0,2"
1375,2,2.88,3.5,10,"1375,2,2.88,3.5,10"
1376,2,1.93,2.0,4,"1376,2,1.93,2.0,4"
1377,2,3.02,3.3,10,"1377,2,3.02,3.3,10"
1378,2,2.12,3.1,7,"1378,2,2.12,3.1,7"
1379,1,1.48,1.8,3,"1379,1,1.48,1.8,3"
1380,2,2.12,2.7,6,"1380,2,2.12,2.7,6"
1381,1,0.95,5.3,5,"1381,1,0.95,5.3,5"
1382,2,1.58,6.3,10,"1382,2,1.58,6.3,10"
1383,1,1.22,1.1,1,"1383,1,1.22,1.1,1"
1384,2,2.08,3.6,8,"1384,2,2.08,3.6,8"
1385,1,0.81,1.1,1,"1385,1,0.81,1.1,1"
1386,1,1.04,1.2,1,"1386,1,1.04,1.2,1"
1387,2,1.53,6.5,10,"1387,2,1.53,6.5,10"
1388,2,2.26,4.4,10,"1388,2,2.26,4.4,10"
1389,2,1.43,7.0,10,"1389,2,1.43,7.0,10"
1390,1,1.15,1.3,1,"1390,1,1.15,1.3,1"
1391,1,1.40,3.6,5,"1391,1,1.40,3.6,5"
1392,1,0.88,1.6,1,"1392,1,0.88,1.6,1"
1393,1,0.70,1.2,1,"1393,1,0.70,1.2,1"
1394,1,0.63,7.9,5,"1394,1,0.63,7.9,5"
1395,2,2.06,3.4,7,"1395,2,2.06,3.4,7"
1396,2,1.48,3.2,5,"1396,2,1.48,3.2,5"
1397,2,1.62,6.2,10,"1397,2,1.62,6.2,10"
1398,1,1.31,3.8,5,"1398,1,1.31,3.8,5"
1399,2,1.71,5.8,10,"1399,2,1.71,5.8,10"
1400,2,1.97,5.1,10,"1400,2,1.97,5.1,10"
1401,1,1.07,1.1,1,"1401,1,1.07,1.1,1"
1402,1,0.90,1.1,1,"1402,1,0.90,1.1,1"
1403,1,0.82,1.0,1,"1403,1,0.82,1.0,1"
1404,2,1.87,3.6,7,"1404,2,1.87,3.6,7"
1405,2,1.74,5.8,10,"1405,2,1.74,5.8,10"
1406,2,1.27,3.8,5,"1406,2,1.27,3.8,5"
1407,2,3.16,3.2,10,"1407,2,3.16,3.2,10"
1408,2,2.55,3.3,8,"1408,2,2.55,3.3,8"
1409,1,0.81,6.2,5,"1409,1,0.81,6.2,5"
1410,1,0.95,5.3,5,"1410,1,0.95,5.3,5"
1411,2,2.28,4.4,10,"1411,2,2.28,4.4,10"
1412,2,1.34,7.5,10,"1412,2,1.34,7.5,10"
1413,2,2.28,2.8,6,"1413,2,2.28,2.8,6"
1414,1,0.87,1.1,1,"1414,1,0.87,1.1,1"
1415,2,1.97,3.7,7,"1415,2,1.97,3.7,7"
1416,1,0.64,1.7,1,"1416,1,0.64,1.7,1"
1417,1,1.48,3.4,5,"1417,1,1.48,3.4,5"
1418,2,2.53,3.9,10,"1418,2,2.53,3.9,10"
1419,2,1.79,3.4,6,"1419,2,1.79,3.4,6"
1420,2,1.90,2.4,4,"1420,2,1.90,2.4,4"
1421,1,0.61,1.0,1,"1421,1,0.61,1.0,1"
1422,2,1.71,2.4,4,"1422,2,1.71,2.4,4"
1423,2,2.80,3.6,10,"1423,2,2.80,3.6,10"
1424,1,0.82,1.3,1,"1424,1,0.82,1.3,1"
1425,1,1.57,1.0,2,"1425,1,1.57,1.0,2"
1426,2,2.37,4.2,10,"1426,2,2.37,4.2,10"
1427,1,1.03,1.2,1,"1427,1,1.03,1.2,1"
1428,1,1.50,1.1,2,"1428,1,1.50,1.1,2"
1429,2,2.24,2.5,6,"1429,2,2.24,2.5,6"
1430,1,0.97,1.3,1,"1430,1,0.97,1.3,1"
1431,2,2.23,3.5,8,"1431,2,2.23,3.5,8"
1432,2,1.41,3.2,5,"1432,2,1.41,3.2,5"
1433,2,1.41,7.1,10,"1433,2,1.41,7.1,10"
1434,1,1.05,4.7,5,"1434,1,1.05,4.7,5"
1435,1,0.65,7.6,5,"1435,1,0.65,7.6,5"
1436,1,1.04,4.8,5,"1436,1,1.04,4.8,5"
1437,2,2.86,3.5,10,"1437,2,2.86,3.5,10"
1438,1,1.12,1.8,2,"1438,1,1.12,1.8,2"
1439,2,1.62,6.2,10,"1439,2,1.62,6.2,10"
1440,2,1.97,5.1,10,"1440,2,1.97,5.1,10"
1441,1,0.62,8.0,5,"1441,1,0.62,8.0,5"
1442,1,1.45,3.5,5,"1442,1,1.45,3.5,5"
1443,2,1.64,6.1,10,"1443,2,1.64,6.1,10"
1444,1,0.85,5.9,5,"1444,1,0.85,5.9,5"
1445,1,1.01,1.3,1,"1445,1,1.01,1.3,1"
1446,1,0.62,8.1,5,"1446,1,0.62,8.1,5"
1447,1,1.09,1.4,2,"1447,1,1.09,1.4,2"
1448,2,1.71,4.0,7,"1448,2,1.71,4.0,7"
1449,2,2.32,4.0,9,"1449,2,2.32,4.0,9"
1450,2,1.65,2.3,4,"1450,2,1.65,2.3,4"
1451,1,1.05,4.8,5,"1451,1,1.05,4.8,5"
1452,1,1.39,3.6,5,"1452,1,1.39,3.6,5"
1453,1,0.69,1.5,1,"1453,1,0.69,1.5,1"
1454,2,1.24,8.1,10,"1454,2,1.24,8.1,10"
1455,1,1.10,4.5,5,"1455,1,1.10,4.5,5"
1456,2,2.83,2.9,8,"1456,2,2.83,2.9,8"
1457,1,0.85,5.9,5,"1457,1,0.85,5.9,5"
1458,2,1.71,2.5,4,"1458,2,1.71,2.5,4"
1459,1,1.56,3.2,5,"1459,1,1.56,3.2,5"
1460,1,1.18,1.9,2,"1460,1,1.18,1.9,2"
1461,1,1.20,4.2,5,"1461,1,1.20,4.2,5"
1462,1,0.92,2.0,2,"1462,1,0.92,2.0,2"
1463,1,1.13,4.4,5,"1463,1,1.13,4.4,5"
1464,1,1.03,1.3,1,"1464,1,1.03,1.3,1"
1465,1,0.64,1.3,1,"1465,1,0.64,1.3,1"
1466,1,0.62,1.5,1,"1466,1,0.62,1.5,1"
1467,2,1.99,3.1,6,"1467,2,1.99,3.1,6"
1468,1,0.84,2.0,2,"1468,1,0.84,2.0,2"
1469,2,1.69,5.9,10,"1469,2,1.69,5.9,10"
1470,1,0.69,1.1,1,"1470,1,0.69,1.1,1"
1471,1,1.43,1.4,2,"1471,1,1.43,1.4,2"
1472,1,0.88,1.4,1,"1472,1,0.88,1.4,1"
1473,1,1.21,4.1,5,"1473,1,1.21,4.1,5"
1474,2,2.45,3.6,9,"1474,2,2.45,3.6,9"
1475,1,0.82,6.1,5,"1475,1,0.82,6.1,5"
1476,1,1.46,3.4,5,"1476,1,1.46,3.4,5"
1477,1,1.03,4.9,5,"1477,1,1.03,4.9,5"
1478,2,2.31,3.6,8,"1478,2,2.31,3.6,8"
1479,1,0.93,5.4,5,"1479,1,0.93,5.4,5"
1480,2,2.10,4.8,10,"1480,2,2.10,4.8,10"
1481,1,0.70,7.1,5,"1481,1,0.70,7.1,5"
1482,1,0.98,5.1,5,"1482,1,0.98,5.1,5"
1483,1,1.35,3.7,5,"1483,1,1.35,3.7,5"
1484,1,1.09,1.9,2,"1484,1,1.09,1.9,2"
1485,1,0.82,6.1,5,"1485,1,0.82,6.1,5"
1486,1,1.07,4.7,5,"1486,1,1.07,4.7,5"
1487,2,2.07,4.8,10,"1487,2,2.07,4.8,10"
1488,2,1.51,6.6,10,"1488,2,1.51,6.6,10"
1489,2,2.10,4.8,10,"1489,2,2.10,4.8,10"
1490,1,0.78,1.5,1,"1490,1,0.78,1.5,1"
1491,2,2.27,4.4,10,"1491,2,2.27,4.4,10"
1492,2,1.63,6.1,10,"1492,2,1.63,6.1,10"
1493,1,1.07,2.0,2,"1493,1,1.07,2.0,2"
1494,1,1.39,2.0,3,"1494,1,1.39,2.0,3"
1495,1,0.84,1.5,1,"1495,1,0.84,1.5,1"
1496,2,2.24,4.5,10,"1496,2,2.24,4.5,10"
1497,2,1.30,2.4,3,"1497,2,1.30,2.4,3"
1498,1,0.64,1.0,1,"1498,1,0.64,1.0,1"
1499,1,0.77,1.9,1,"1499,1,0.77,1.9,1"
1500,1,1.14,1.5,2,"1500,1,1.14,1.5,2"
1501,2,1.96,5.1,10,"1501,2,1.96,5.1,10"
1502,1,1.05,1.5,2,"1502,1,1.05,1.5,2"
1503,2,2.35,3.3,8,"1503,2,2.35,3.3,8"
1504,1,1.40,3.6,5,"1504,1,1.40,3.6,5"
1505,2,3.17,3.2,10,"1505,2,3.17,3.2,10"
1506,2,1.67,2.7,4,"1506,2,1.67,2.7,4"
1507,2,2.06,2.5,5,"1507,2,2.06,2.5,5"
1508,2,1.36,2.7,4,"1508,2,1.36,2.7,4"
1509,1,1.14,4.4,5,"1509,1,1.14,4.4,5"
1510,2,1.73,5.8,10,"1510,2,1.73,5.8,10"
1511,1,1.56,1.8,3,"1511,1,1.56,1.8,3"
1512,2,2.35,4.3,10,"1512,2,2.35,4.3,10"
1513,2,2.33,4.3,10,"1513,2,2.33,4.3,10"
1514,1,0.66,1.5,1,"1514,1,0.66,1.5,1"
1515,2,2.04,2.3,5,"1515,2,2.04,2.3,5"
1516,2,2.15,4.7,10,"1516,2,2.15,4.7,10"
1517,1,1.01,5.0,5,"1517,1,1.01,5.0,5"
1518,1,0.69,1.1,1,"1518,1,0.69,1.1,1"
1519,1,1.34,1.3,2,"1519,1,1.34,1.3,2"
1520,1,1.34,3.7,5,"1520,1,1.34,3.7,5"
1521,2,2.98,2.5,7,"1521,2,2.98,2.5,7"
1522,1,0.89,1.8,2,"1522,1,0.89,1.8,2"
1523,2,2.49,2.4,6,"1523,2,2.49,2.4,6"
1524,1,0.73,6.9,5,"1524,1,0.73,6.9,5"
1525,1,0.92,1.2,1,"1525,1,0.92,1.2,1"
1526,1,1.30,3.8,5,"1526,1,1.30,3.8,5"
1527,2,2.16,3.5,8,"1527,2,2.16,3.5,8"
1528,1,1.31,1.7,2,"1528,1,1.31,1.7,2"
1529,1,0.85,1.6,1,"1529,1,0.85,1.6,1"
1530,2,1.97,5.1,10,"1530,2,1.97,5.1,10"
1531,1,1.00,5.0,5,"1531,1,1.00,5.0,5"
1532,1,1.19,4.2,5,"1532,1,1.19,4.2,5"
1533,1,0.99,5.1,5,"1533,1,0.99,5.1,5"
1534,1,1.46,3.4,5,"1534,1,1.46,3.4,5"
1535,1,1.02,4.9,5,"1535,1,1.02,4.9,5"
1536,2,1.46,2.8,4,"1536,2,1.46,2.8,4"
1537,1,1.57,3.2,5,"1537,1,1.57,3.2,5"
1538,2,2.21,4.5,10,"1538,2,2.21,4.5,10"
1539,1,1.15,1.8,2,"1539,1,1.15,1.8,2"
1540,1,1.00,1.7,2,"1540,1,1.00,1.7,2"
1541,1,0.83,1.9,2,"1541,1,0.83,1.9,2"
1542,2,1.40,7.1,10,"1542,2,1.40,7.1,10"
1543,1,0.98,5.1,5,"1543,1,0.98,5.1,5"
1544,1,1.20,4.2,5,"1544,1,1.20,4.2,5"
1545,2,2.11,4.7,10,"1545,2,2.11,4.7,10"
1546,1,0.77,1.1,1,"1546,1,0.77,1.1,1"
1547,1,0.65,1.1,1,"1547,1,0.65,1.1,1"
1548,2,2.95,3.4,10,"1548,2,2.95,3.4,10"
1549,2,2.08,4.8,10,"1549,2,2.08,4.8,10"
1550,1,0.94,1.9,2,"1550,1,0.94,1.9,2"
1551,1,0.66,1.3,1,"1551,1,0.66,1.3,1"
1552,1,1.40,3.6,5,"1552,1,1.40,3.6,5"
1553,2,2.33,4.3,10,"1553,2,2.33,4.3,10"
1554,2,2.97,3.4,10,"1554,2,2.97,3.4,10"
1555,2,2.12,2.2,5,"1555,2,2.12,2.2,5"
1556,2,2.28,3.4,8,"1556,2,2.28,3.4,8"
1557,1,1.41,3.6,5,"1557,1,1.41,3.6,5"
1558,1,0.85,5.9,5,"1558,1,0.85,5.9,5"
1559,2,2.09,4.8,10,"1559,2,2.09,4.8,10"
1560,2,2.78,3.8,11,"1560,2,2.78,3.8,11"
1561,2,2.21,4.5,10,"1561,2,2.21,4.5,10"
1562,1,0.73,1.3,1,"1562,1,0.73,1.3,1"
1563,1,1.17,1.8,2,"1563,1,1.17,1.8,2"
1564,1,1.03,4.8,5,"1564,1,1.03,4.8,5"
1565,1,1.03,1.3,1,"1565,1,1.03,1.3,1"
1566,1,0.81,1.6,1,"1566,1,0.81,1.6,1"
1567,1,1.13,1.2,1,"1567,1,1.13,1.2,1"
1568,1,0.78,1.1,1,"1568,1,0.78,1.1,1"
1569,2,1.43,2.2,3,"1569,2,1.43,2.2,3"
1570,1,0.80,6.3,5,"1570,1,0.80,6.3,5"
1571,2,1.43,7.0,10,"1571,2,1.43,7.0,10"
1572,1,0.88,1.8,2,"1572,1,0.88,1.8,2"
1573,1,1.45,3.4,5,"1573,1,1.45,3.4,5"
1574,1,1.40,1.7,2,"1574,1,1.40,1.7,2"
1575,2,1.37,7.3,10,"1575,2,1.37,7.3,10"
1576,1,1.01,1.1,1,"1576,1,1.01,1.1,1"
1577,2,2.24,4.5,10,"1577,2,2.24,4.5,10"
1578,2,2.16,4.6,10,"1578,2,2.16,4.6,10"
1579,2,1.65,6.1,10,"1579,2,1.65,6.1,10"
1580,2,2.44,4.1,10,"1580,2,2.44,4.1,10"
1581,1,0.76,6.6,5,"1581,1,0.76,6.6,5"
1582,1,1.14,4.4,5,"1582,1,1.14,4.4,5"
1583,1,1.52,3.3,5,"1583,1,1.52,3.3,5"
1584,2,1.65,6.0,10,"1584,2,1.65,6.0,10"
1585,2,2.27,2.5,6,"1585,2,2.27,2.5,6"
1586,1,1.43,3.5,5,"1586,1,1.43,3.5,5"
1587,2,1.98,3.6,7,"1587,2,1.98,3.6,7"
1588,2,1.80,2.0,4,"1588,2,1.80,2.0,4"
1589,1,0.89,5.6,5,"1589,1,0.89,5.6,5"
1590,2,3.02,3.3,10,"1590,2,3.02,3.3,10"
1591,2,1.80,3.8,7,"1591,2,1.80,3.8,7"
1592,1,1.19,1.9,2,"1592,1,1.19,1.9,2"
1593,1,1.16,1.7,2,"1593,1,1.16,1.7,2"
1594,2,2.08,3.9,8,"1594,2,2.08,3.9,8"
1595,1,0.91,1.4,1,"1595,1,0.91,1.4,1"
1596,1,0.86,5.8,5,"1596,1,0.86,5.8,5"
1597,1,1.19,1.1,1,"1597,1,1.19,1.1,1"
1598,2,1.93,5.2,10,"1598,2,1.93,5.2,10"
1599,1,0.94,5.3,5,"1599,1,0.94,5.3,5"
1600,2,2.27,2.2,5,"1600,2,2.27,2.2,5"
1601,1,0.69,7.3,5,"1601,1,0.69,7.3,5"
1602,1,1.12,1.9,2,"1602,1,1.12,1.9,2"
1603,2,2.60,3.3,8,"1603,2,2.60,3.3,8"
1604,2,2.71,3.7,10,"1604,2,2.71,3.7,10"
1605,1,1.03,4.8,5,"1605,1,1.03,4.8,5"
1606,2,2.66,3.8,10,"1606,2,2.66,3.8,10"
1607,1,0.78,1.4,1,"1607,1,0.78,1.4,1"
1608,2,2.09,2.3,5,"1608,2,2.09,2.3,5"
1609,2,1.89,5.3,10,"1609,2,1.89,5.3,10"
1610,1,1.04,4.8,5,"1610,1,1.04,4.8,5"
1611,2,3.17,2.9,9,"1611,2,3.17,2.9,9"
1612,1,0.68,1.4,1,"1612,1,0.68,1.4,1"
1613,1,0.98,1.5,1,"1613,1,0.98,1.5,1"
1614,2,2.03,3.8,8,"1614,2,2.03,3.8,8"
1615,1,0.87,1.6,1,"1615,1,0.87,1.6,1"
1616,2,1.48,6.7,10,"1616,2,1.48,6.7,10"
1617,2,1.89,5.3,10,"1617,2,1.89,5.3,10"
1618,2,1.63,6.1,10,"1618,2,1.63,6.1,10"
1619,2,1.87,5.4,10,"1619,2,1.87,5.4,10"
1620,2,2.04,4.9,10,"1620,2,2.04,4.9,10"
1621,2,2.03,4.9,10,"1621,2,2.03,4.9,10"
1622,1,1.24,1.9,2,"1622,1,1.24,1.9,2"
1623,2,2.18,2.0,4,"1623,2,2.18,2.0,4"
1624,1,1.11,1.6,2,"1624,1,1.11,1.6,2"
1625,2,1.55,6.5,10,"1625,2,1.55,6.5,10"
1626,1,0.99,1.0,1,"1626,1,0.99,1.0,1"
1627,2,1.77,2.8,5,"1627,2,1.77,2.8,5"
1628,2,1.75,5.7,10,"1628,2,1.75,5.7,10"
1629,1,1.01,1.6,2,"1629,1,1.01,1.6,2"
1630,1,0.68,1.9,1,"1630,1,0.68,1.9,1"
1631,1,1.21,1.8,2,"1631,1,1.21,1.8,2"
1632,2,1.55,6.5,10,"1632,2,1.55,6.5,10"
1633,2,1.98,2.7,5,"1633,2,1.98,2.7,5"
1634,2,2.91,2.7,8,"1634,2,2.91,2.7,8"
1635,1,1.02,1.2,1,"1635,1,1.02,1.2,1"
1636,1,0.99,5.0,5,"1636,1,0.99,5.0,5"
1637,2,2.12,4.7,10,"1637,2,2.12,4.7,10"
1638,1,1.37,1.6,2,"1638,1,1.37,1.6,2"
1639,2,1.43,7.0,10,"1639,2,1.43,7.0,10"
1640,1,0.76,1.8,1,"1640,1,0.76,1.8,1"
1641,2,3.04,3.3,10,"1641,2,3.04,3.3,10"
1642,2,2.08,2.2,5,"1642,2,2.08,2.2,5"
1643,2,1.88,3.3,6,"1643,2,1.88,3.3,6"
1644,2,1.93,3.6,7,"1644,2,1.93,3.6,7"
1645,2,2.09,4.0,8,"1645,2,2.09,4.0,8"
1646,1,1.00,1.5,2,"1646,1,1.00,1.5,2"
1647,2,1.80,5.6,10,"1647,2,1.80,5.6,10"
1648,1,1.08,1.3,1,"1648,1,1.08,1.3,1"
1649,1,1.20,4.2,5,"1649,1,1.20,4.2,5"
1650,1,0.74,6.8,5,"1650,1,0.74,6.8,5"
1651,1,1.39,1.5,2,"1651,1,1.39,1.5,2"
1652,1,1.02,1.0,1,"1652,1,1.02,1.0,1"
1653,1,1.30,3.8,5,"1653,1,1.30,3.8,5"
1654,1,1.33,3.8,5,"1654,1,1.33,3.8,5"
1655,1,0.94,1.9,2,"1655,1,0.94,1.9,2"
1656,1,1.18,1.4,2,"1656,1,1.18,1.4,2"
1657,2,2.31,4.3,10,"1657,2,2.31,4.3,10"
1658,2,2.55,3.9,10,"1658,2,2.55,3.9,10"
1659,1,0.82,6.1,5,"1659,1,0.82,6.1,5"
1660,1,0.80,6.3,5,"1660,1,0.80,6.3,5"
1661,1,1.60,1.0,2,"1661,1,1.60,1.0,2"
1662,2,1.57,6.4,10,"1662,2,1.57,6.4,10"
1663,1,0.93,1.9,2,"1663,1,0.93,1.9,2"
1664,2,3.04,3.4,10,"1664,2,3.04,3.4,10"
1665,2,2.88,3.4,10,"1665,2,2.88,3.4,10"
1666,2,3.19,3.1,10,"1666,2,3.19,3.1,10"
1667,1,0.95,1.6,1,"1667,1,0.95,1.6,1"
1668,2,1.31,7.6,10,"1668,2,1.31,7.6,10"
1669,2,1.30,2.7,4,"1669,2,1.30,2.7,4"
1670,2,2.16,4.6,10,"1670,2,2.16,4.6,10"
1671,2,1.63,6.1,10,"1671,2,1.63,6.1,10"
1672,1,1.38,1.6,2,"1672,1,1.38,1.6,2"
1673,2,1.85,5.4,10,"1673,2,1.85,5.4,10"
1674,2,1.93,3.9,8,"1674,2,1.93,3.9,8"
1675,2,1.55,6.5,10,"1675,2,1.55,6.5,10"
1676,2,2.83,3.7,10,"1676,2,2.83,3.7,10"
1677,2,2.05,3.2,6,"1677,2,2.05,3.2,6"
1678,2,1.70,3.7,6,"1678,2,1.70,3.7,6"
1679,1,0.63,8.0,5,"1679,1,0.63,8.0,5"
1680,1,0.70,7.1,5,"1680,1,0.70,7.1,5"
1681,1,1.37,3.7,5,"1681,1,1.37,3.7,5"
1682,2,2.54,2.7,7,"1682,2,2.54,2.7,7"
1683,1,1.19,4.2,5,"1683,1,1.19,4.2,5"
1684,2,3.16,3.2,10,"1684,2,3.16,3.2,10"
1685,1,0.99,5.0,5,"1685,1,0.99,5.0,5"
1686,1,1.30,3.8,5,"1686,1,1.30,3.8,5"
1687,2,2.24,3.1,7,"1687,2,2.24,3.1,7"
1688,2,2.06,4.8,10,"1688,2,2.06,4.8,10"
1689,2,2.22,3.1,7,"1689,2,2.22,3.1,7"
1690,1,1.33,1.8,2,"1690,1,1.33,1.8,2"
1691,2,1.93,5.2,10,"1691,2,1.93,5.2,10"
1692,2,2.68,2.7,7,"1692,2,2.68,2.7,7"
1693,2,2.93,3.8,11,"1693,2,2.93,3.8,11"
1694,1,1.00,5.0,5,"1694,1,1.00,5.0,5"
1695,1,1.48,1.1,2,"1695,1,1.48,1.1,2"
1696,2,1.91,2.6,5,"1696,2,1.91,2.6,5"
1697,2,2.12,3.8,8,"1697,2,2.12,3.8,8"
1698,1,1.18,1.5,2,"1698,1,1.18,1.5,2"
1699,1,0.68,1.7,1,"1699,1,0.68,1.7,1"
1700,1,1.27,1.2,2,"1700,1,1.27,1.2,2"
1701,1,1.16,4.3,5,"1701,1,1.16,4.3,5"
1702,1,1.16,1.3,1,"1702,1,1.16,1.3,1"
1703,1,1.14,4.4,5,"1703,1,1.14,4.4,5"
1704,1,1.12,1.0,1,"1704,1,1.12,1.0,1"
1705,1,0.74,6.8,5,"1705,1,0.74,6.8,5"
1706,1,0.91,1.9,2,"1706,1,0.91,1.9,2"
1707,2,1.29,2.1,3,"1707,2,1.29,2.1,3"
1708,2,2.56,3.9,10,"1708,2,2.56,3.9,10"
1709,2,2.16,2.2,5,"1709,2,2.16,2.2,5"
1710,2,2.34,3.3,8,"1710,2,2.34,3.3,8"
1711,1,0.77,1.9,1,"1711,1,0.77,1.9,1"
1712,2,1.65,2.1,3,"1712,2,1.65,2.1,3"
1713,2,2.97,2.2,6,"1713,2,2.97,2.2,6"
1714,2,1.69,2.2,4,"1714,2,1.69,2.2,4"
1715,2,1.36,2.2,3,"1715,2,1.36,2.2,3"
1716,1,1.13,4.4,5,"1716,1,1.13,4.4,5"
1717,2,1.67,2.2,4,"1717,2,1.67,2.2,4"
1718,1,1.58,3.2,5,"1718,1,1.58,3.2,5"
1719,1,1.46,1.6,2,"1719,1,1.46,1.6,2"
1720,1,1.12,1.7,2,"1720,1,1.12,1.7,2"
1721,2,2.38,2.7,6,"1721,2,2.38,2.7,6"
1722,1,1.14,1.0,1,"1722,1,1.14,1.0,1"
1723,2,1.57,3.4,5,"1723,2,1.57,3.4,5"
1724,2,3.03,2.1,6,"1724,2,3.03,2.1,6"
1725,1,0.72,1.3,1,"1725,1,0.72,1.3,1"
1726,1,1.34,1.1,2,"1726,1,1.34,1.1,2"
1727,2,1.63,2.6,4,"1727,2,1.63,2.6,4"
1728,1,1.03,4.9,5,"1728,1,1.03,4.9,5"
1729,2,3.18,3.1,10,"1729,2,3.18,3.1,10"
1730,2,2.78,3.6,10,"1730,2,2.78,3.6,10"
1731,1,0.90,1.7,2,"1731,1,0.90,1.7,2"
1732,2,2.72,3.7,10,"1732,2,2.72,3.7,10"
1733,1,0.86,5.8,5,"1733,1,0.86,5.8,5"
1734,1,0.96,1.7,2,"1734,1,0.96,1.7,2"
1735,1,0.72,1.9,1,"1735,1,0.72,1.9,1"
1736,1,1.42,2.0,3,"1736,1,1.42,2.0,3"
1737,2,1.96,5.1,10,"1737,2,1.96,5.1,10"
1738,2,1.21,8.2,10,"1738,2,1.21,8.2,10"
1739,2,1.22,8.2,10,"1739,2,1.22,8.2,10"
1740,2,1.65,6.1,10,"1740,2,1.65,6.1,10"
1741,2,1.58,3.3,5,"1741,2,1.58,3.3,5"
1742,2,1.42,2.6,4,"1742,2,1.42,2.6,4"
1743,2,2.25,4.4,10,"1743,2,2.25,4.4,10"
1744,2,1.70,5.9,10,"1744,2,1.70,5.9,10"
1745,1,0.68,1.2,1,"1745,1,0.68,1.2,1"
1746,1,0.88,5.7,5,"1746,1,0.88,5.7,5"
1747,2,1.87,3.4,6,"1747,2,1.87,3.4,6"
1748,1,1.24,1.2,1,"1748,1,1.24,1.2,1"
1749,2,2.97,3.4,10,"1749,2,2.97,3.4,10"
1750,2,1.62,2.4,4,"1750,2,1.62,2.4,4"
1751,2,1.98,5.0,10,"1751,2,1.98,5.0,10"
1752,2,2.15,3.3,7,"1752,2,2.15,3.3,7"
1753,2,2.02,5.0,10,"1753,2,2.02,5.0,10"
1754,1,0.90,1.7,1,"1754,1,0.90,1.7,1"
1755,2,2.99,2.1,6,"1755,2,2.99,2.1,6"
1756,2,2.64,3.8,10,"1756,2,2.64,3.8,10"
1757,1,1.01,5.0,5,"1757,1,1.01,5.0,5"
1758,2,2.07,4.8,10,"1758,2,2.07,4.8,10"
1759,1,1.38,3.6,5,"1759,1,1.38,3.6,5"
1760,2,3.07,2.4,7,"1760,2,3.07,2.4,7"
1761,1,1.08,4.6,5,"1761,1,1.08,4.6,5"
1762,2,2.19,2.4,5,"1762,2,2.19,2.4,5"
1763,2,2.39,4.2,10,"1763,2,2.39,4.2,10"
1764,2,3.05,3.3,10,"1764,2,3.05,3.3,10"
1765,1,1.16,4.3,5,"1765,1,1.16,4.3,5"
1766,1,1.08,4.6,5,"1766,1,1.08,4.6,5"
1767,1,0.82,1.1,1,"1767,1,0.82,1.1,1"
1768,1,0.62,8.1,5,"1768,1,0.62,8.1,5"
1769,1,0.82,6.1,5,"1769,1,0.82,6.1,5"
1770,2,1.87,5.3,10,"1770,2,1.87,5.3,10"
1771,2,1.44,2.3,3,"1771,2,1.44,2.3,3"
1772,2,2.08,3.9,8,"1772,2,2.08,3.9,8"
1773,2,1.91,2.2,4,"1773,2,1.91,2.2,4"
1774,1,0.99,5.0,5,"1774,1,0.99,5.0,5"
1775,2,2.20,2.6,6,"1775,2,2.20,2.6,6"
1776,2,2.70,2.3,6,"1776,2,2.70,2.3,6"
1777,1,1.09,4.6,5,"1777,1,1.09,4.6,5"
1778,1,1.09,4.6,5,"1778,1,1.09,4.6,5"
1779,2,2.04,4.9,10,"1779,2,2.04,4.9,10"
1780,2,2.04,2.0,4,"1780,2,2.04,2.0,4"
1781,1,0.93,5.4,5,"1781,1,0.93,5.4,5"
1782,1,0.61,1.3,1,"1782,1,0.61,1.3,1"
1783,2,2.13,4.7,10,"1783,2,2.13,4.7,10"
1784,1,1.51,3.3,5,"1784,1,1.51,3.3,5"
1785,1,0.74,6.8,5,"1785,1,0.74,6.8,5"
1786,1,1.18,4.3,5,"1786,1,1.18,4.3,5"
1787,2,1.99,2.8,6,"1787,2,1.99,2.8,6"
1788,2,1.95,5.1,10,"1788,2,1.95,5.1,10"
1789,2,2.76,2.2,6,"1789,2,2.76,2.2,6"
1790,2,2.37,3.8,9,"1790,2,2.37,3.8,9"
1791,1,0.83,1.1,1,"1791,1,0.83,1.1,1"
1792,1,0.85,1.1,1,"1792,1,0.85,1.1,1"
1793,2,1.51,6.6,10,"1793,2,1.51,6.6,10"
1794,1,0.86,1.9,2,"1794,1,0.86,1.9,2"
1795,2,2.31,4.0,9,"1795,2,2.31,4.0,9"
1796,1,1.49,3.4,5,"1796,1,1.49,3.4,5"
1797,1,1.23,4.1,5,"1797,1,1.23,4.1,5"
1798,1,1.17,4.3,5,"1798,1,1.17,4.3,5"
1799,2,2.27,2.0,5,"1799,2,2.27,2.0,5"
1800,2,2.40,4.2,10,"1800,2,2.40,4.2,10"
1801,1,0.96,1.4,1,"1801,1,0.96,1.4,1"
1802,1,0.97,1.9,2,"1802,1,0.97,1.9,2"
1803,1,1.03,1.3,1,"1803,1,1.03,1.3,1"
1804,1,0.99,5.0,5,"1804,1,0.99,5.0,5"
1805,2,2.15,3.2,7,"1805,2,2.15,3.2,7"
1806,2,1.87,2.8,5,"1806,2,1.87,2.8,5"
1807,2,1.85,5.4,10,"1807,2,1.85,5.4,10"
1808,1,1.31,3.8,5,"1808,1,1.31,3.8,5"
1809,2,1.99,3.5,7,"1809,2,1.99,3.5,7"
1810,2,2.17,3.2,7,"1810,2,2.17,3.2,7"
1811,2,2.55,3.9,10,"1811,2,2.55,3.9,10"
1812,2,1.67,6.0,10,"1812,2,1.67,6.0,10"
1813,2,2.31,2.2,5,"1813,2,2.31,2.2,5"
1814,2,2.05,4.9,10,"1814,2,2.05,4.9,10"
1815,1,1.01,5.0,5,"1815,1,1.01,5.0,5"
1816,2,1.69,5.9,10,"1816,2,1.69,5.9,10"
1817,2,2.48,4.0,10,"1817,2,2.48,4.0,10"
1818,1,0.94,1.3,1,"1818,1,0.94,1.3,1"
1819,1,1.15,1.6,2,"1819,1,1.15,1.6,2"
1820,2,2.77,3.1,8,"1820,2,2.77,3.1,8"
1821,1,0.98,5.1,5,"1821,1,0.98,5.1,5"
1822,1,1.15,1.5,2,"1822,1,1.15,1.5,2"
1823,1,0.60,1.4,1,"1823,1,0.60,1.4,1"
1824,2,2.56,3.2,8,"1824,2,2.56,3.2,8"
1825,1,0.82,6.1,5,"1825,1,0.82,6.1,5"
1826,2,2.92,2.7,8,"1826,2,2.92,2.7,8"
1827,2,2.36,2.9,7,"1827,2,2.36,2.9,7"
1828,2,2.45,4.1,10,"1828,2,2.45,4.1,10"
1829,1,0.61,8.2,5,"1829,1,0.61,8.2,5"
1830,1,1.15,4.4,5,"1830,1,1.15,4.4,5"
1831,2,1.72,3.8,7,"1831,2,1.72,3.8,7"
1832,1,0.68,1.7,1,"1832,1,0.68,1.7,1"
1833,1,0.62,8.0,5,"1833,1,0.62,8.0,5"
1834,2,2.10,2.8,6,"1834,2,2.10,2.8,6"
1835,2,1.54,3.2,5,"1835,2,1.54,3.2,5"
1836,1,0.98,1.8,2,"1836,1,0.98,1.8,2"
1837,1,1.19,1.5,2,"1837,1,1.19,1.5,2"
1838,1,1.23,4.1,5,"1838,1,1.23,4.1,5"
1839,2,2.08,4.8,10,"1839,2,2.08,4.8,10"
1840,2,2.18,3.5,8,"1840,2,2.18,3.5,8"
1841,2,1.47,6.8,10,"1841,2,1.47,6.8,10"
1842,1,0.87,1.3,1,"1842,1,0.87,1.3,1"
1843,1,0.96,1.0,1,"1843,1,0.96,1.0,1"
1844,1,1.00,5.0,5,"1844,1,1.00,5.0,5"
1845,2,1.39,2.2,3,"1845,2,1.39,2.2,3"
1846,2,2.03,4.9,10,"1846,2,2.03,4.9,10"
1847,2,1.84,2.4,4,"1847,2,1.84,2.4,4"
1848,2,1.42,7.0,10,"1848,2,1.42,7.0,10"
1849,1,0.98,5.1,5,"1849,1,0.98,5.1,5"
1850,1,0.76,1.2,1,"1850,1,0.76,1.2,1"
1851,2,1.44,3.3,5,"1851,2,1.44,3.3,5"
1852,1,0.81,6.1,5,"1852,1,0.81,6.1,5"
1853,2,2.43,4.1,10,"1853,2,2.43,4.1,10"
1854,2,1.52,2.4,4,"1854,2,1.52,2.4,4"
1855,2,1.61,2.2,4,"1855,2,1.61,2.2,4"
1856,2,2.07,4.8,10,"1856,2,2.07,4.8,10"
1857,1,0.65,1.9,1,"1857,1,0.65,1.9,1"
1858,2,1.32,3.0,4,"1858,2,1.32,3.0,4"
1859,1,0.61,8.1,5,"1859,1,0.61,8.1,5"
1860,1,1.08,1.5,2,"1860,1,1.08,1.5,2"
1861,2,1.75,5.7,10,"1861,2,1.75,5.7,10"
1862,2,2.20,2.7,6,"1862,2,2.20,2.7,6"
1863,1,0.98,1.9,2,"1863,1,0.98,1.9,2"
1864,1,0.94,1.4,1,"1864,1,0.94,1.4,1"
1865,1,1.40,1.2,2,"1865,1,1.40,1.2,2"
1866,1,1.27,1.4,2,"1866,1,1.27,1.4,2"
1867,1,1.26,4.0,5,"1867,1,1.26,4.0,5"
1868,1,0.93,5.4,5,"1868,1,0.93,5.4,5"
1869,2,2.14,4.7,10,"1869,2,2.14,4.7,10"
1870,1,1.14,4.4,5,"1870,1,1.14,4.4,5"
1871,1,0.98,5.1,5,"1871,1,0.98,5.1,5"
1872,1,1.44,1.4,2,"1872,1,1.44,1.4,2"
1873,1,1.33,1.8,2,"1873,1,1.33,1.8,2"
1874,1,0.90,5.6,5,"1874,1,0.90,5.6,5"
1875,1,1.32,1.8,2,"1875,1,1.32,1.8,2"
1876,2,2.32,2.9,7,"1876,2,2.32,2.9,7"
1877,2,1.79,5.6,10,"1877,2,1.79,5.6,10"
1878,2,2.97,2.5,7,"1878,2,2.97,2.5,7"
1879,2,1.90,5.3,10,"1879,2,1.90,5.3,10"
1880,1,0.75,6.7,5,"1880,1,0.75,6.7,5"
1881,1,0.98,1.7,2,"1881,1,0.98,1.7,2"
1882,2,2.10,3.7,8,"1882,2,2.10,3.7,8"
1883,1,0.99,1.2,1,"1883,1,0.99,1.2,1"
1884,1,1.15,4.4,5,"1884,1,1.15,4.4,5"
1885,2,1.76,2.2,4,"1885,2,1.76,2.2,4"
1886,2,1.67,2.1,4,"1886,2,1.67,2.1,4"
1887,1,1.15,1.3,2,"1887,1,1.15,1.3,2"
1888,2,1.88,3.3,6,"1888,2,1.88,3.3,6"
1889,1,1.18,1.1,1,"1889,1,1.18,1.1,1"
1890,1,1.21,4.1,5,"1890,1,1.21,4.1,5"
1891,2,2.45,2.4,6,"1891,2,2.45,2.4,6"
1892,2,1.73,2.8,5,"1892,2,1.73,2.8,5"
1893,2,1.74,2.4,4,"1893,2,1.74,2.4,4"
1894,1,1.27,1.8,2,"1894,1,1.27,1.8,2"
1895,2,1.63,2.8,5,"1895,2,1.63,2.8,5"
1896,2,1.73,5.8,10,"1896,2,1.73,5.8,10"
1897,2,1.80,3.8,7,"1897,2,1.80,3.8,7"
1898,1,1.17,4.3,5,"1898,1,1.17,4.3,5"
1899,2,3.02,3.3,10,"1899,2,3.02,3.3,10"
1900,2,1.86,3.3,6,"1900,2,1.86,3.3,6"
1901,2,1.80,5.5,10,"1901,2,1.80,5.5,10"
1902,1,1.05,1.4,1,"1902,1,1.05,1.4,1"
1903,2,2.08,2.9,6,"1903,2,2.08,2.9,6"
1904,2,2.10,2.8,6,"1904,2,2.10,2.8,6"
1905,2,2.63,3.8,10,"1905,2,2.63,3.8,10"
1906,1,1.19,4.2,5,"1906,1,1.19,4.2,5"
1907,2,1.69,5.9,10,"1907,2,1.69,5.9,10"
1908,1,0.78,1.9,1,"1908,1,0.78,1.9,1"
1909,2,1.62,3.2,5,"1909,2,1.62,3.2,5"
1910,1,1.09,4.6,5,"1910,1,1.09,4.6,5"
1911,2,2.76,3.6,10,"1911,2,2.76,3.6,10"
1912,2,1.63,6.2,10,"1912,2,1.63,6.2,10"
1913,1,1.28,3.9,5,"1913,1,1.28,3.9,5"
1914,1,1.24,1.3,2,"1914,1,1.24,1.3,2"
1915,2,1.60,6.3,10,"1915,2,1.60,6.3,10"
1916,2,2.00,5.0,10,"1916,2,2.00,5.0,10"
1917,2,1.73,5.8,10,"1917,2,1.73,5.8,10"
1918,1,0.94,5.3,5,"1918,1,0.94,5.3,5"
1919,2,1.21,2.4,3,"1919,2,1.21,2.4,3"
1920,2,2.35,3.9,9,"1920,2,2.35,3.9,9"
1921,2,2.20,4.6,10,"1921,2,2.20,4.6,10"
1922,2,2.50,4.0,10,"1922,2,2.50,4.0,10"
1923,2,2.83,3.5,10,"1923,2,2.83,3.5,10"
1924,1,0.92,5.4,5,"1924,1,0.92,5.4,5"
1925,1,1.18,4.2,5,"1925,1,1.18,4.2,5"
1926,1,1.49,3.3,5,"1926,1,1.49,3.3,5"
1927,1,1.31,3.8,5,"1927,1,1.31,3.8,5"
1928,1,0.82,6.1,5,"1928,1,0.82,6.1,5"
1929,2,2.77,3.6,10,"1929,2,2.77,3.6,10"
1930,1,0.72,1.4,1,"1930,1,0.72,1.4,1"
1931,2,2.76,3.8,10,"1931,2,2.76,3.8,10"
1932,1,1.18,4.2,5,"1932,1,1.18,4.2,5"
1933,1,0.77,1.6,1,"1933,1,0.77,1.6,1"
1934,2,2.56,3.9,10,"1934,2,2.56,3.9,10"
1935,2,1.68,5.9,10,"1935,2,1.68,5.9,10"
1936,1,1.19,4.2,5,"1936,1,1.19,4.2,5"
1937,1,1.17,4.3,5,"1937,1,1.17,4.3,5"
1938,1,1.19,1.9,2,"1938,1,1.19,1.9,2"
1939,2,2.24,4.5,10,"1939,2,2.24,4.5,10"
1940,2,1.25,8.0,10,"1940,2,1.25,8.0,10"
1941,2,2.79,3.6,10,"1941,2,2.79,3.6,10"
1942,1,1.49,3.3,5,"1942,1,1.49,3.3,5"
1943,2,1.82,5.5,10,"1943,2,1.82,5.5,10"
1944,1,0.99,5.1,5,"1944,1,0.99,5.1,5"
1945,1,1.44,3.5,5,"1945,1,1.44,3.5,5"
1946,2,1.96,3.5,7,"1946,2,1.96,3.5,7"
1947,1,0.85,1.0,1,"1947,1,0.85,1.0,1"
1948,1,0.76,6.6,5,"1948,1,0.76,6.6,5"
1949,1,1.46,3.4,5,"1949,1,1.46,3.4,5"
1950,2,1.30,3.8,5,"1950,2,1.30,3.8,5"
1951,1,0.72,6.9,5,"1951,1,0.72,6.9,5"
1952,2,2.13,2.5,5,"1952,2,2.13,2.5,5"
1953,2,3.12,3.2,10,"1953,2,3.12,3.2,10"
1954,1,0.98,1.8,2,"1954,1,0.98,1.8,2"
1955,1,0.93,5.4,5,"1955,1,0.93,5.4,5"
1956,1,0.82,1.7,1,"1956,1,0.82,1.7,1"
1957,1,0.79,1.9,1,"1957,1,0.79,1.9,1"
1958,1,1.09,1.2,1,"1958,1,1.09,1.2,1"
1959,2,2.04,2.8,6,"1959,2,2.04,2.8,6"
1960,1,0.67,1.4,1,"1960,1,0.67,1.4,1"
1961,1,1.10,1.8,2,"1961,1,1.10,1.8,2"
1962,2,1.70,5.9,10,"1962,2,1.70,5.9,10"
1963,1,0.86,1.1,1,"1963,1,0.86,1.1,1"
1964,2,2.13,2.2,5,"1964,2,2.13,2.2,5"
1965,1,1.08,4.6,5,"1965,1,1.08,4.6,5"
1966,1,0.97,2.0,2,"1966,1,0.97,2.0,2"
1967,2,2.30,3.0,7,"1967,2,2.30,3.0,7"
1968,2,2.64,3.2,8,"1968,2,2.64,3.2,8"
1969,1,0.81,1.6,1,"1969,1,0.81,1.6,1"
1970,1,0.84,1.2,1,"1970,1,0.84,1.2,1"
1971,2,1.33,7.5,10,"1971,2,1.33,7.5,10"
1972,2,1.73,5.8,10,"1972,2,1.73,5.8,10"
1973,2,2.17,3.6,8,"1973,2,2.17,3.6,8"
1974,2,2.98,3.7,11,"1974,2,2.98,3.7,11"
1975,2,1.60,2.7,4,"1975,2,1.60,2.7,4"
1976,2,1.80,3.1,6,"1976,2,1.80,3.1,6"
1977,1,0.75,6.7,5,"1977,1,0.75,6.7,5"
1978,2,2.90,3.4,10,"1978,2,2.90,3.4,10"
1979,1,1.00,1.8,2,"1979,1,1.00,1.8,2"
1980,1,1.42,1.4,2,"1980,1,1.42,1.4,2"
1981,1,1.22,4.1,5,"1981,1,1.22,4.1,5"
1982,2,1.92,3.1,6,"1982,2,1.92,3.1,6"
1983,2,1.24,8.1,10,"1983,2,1.24,8.1,10"
1984,1,1.19,4.2,5,"1984,1,1.19,4.2,5"
1985,2,2.40,2.5,6,"1985,2,2.40,2.5,6"
1986,1,1.33,1.4,2,"1986,1,1.33,1.4,2"
1987,2,2.16,4.6,10,"1987,2,2.16,4.6,10"
1988,1,1.06,4.7,5,"1988,1,1.06,4.7,5"
1989,1,0.64,7.8,5,"1989,1,0.64,7.8,5"
1990,2,1.61,2.2,4,"1990,2,1.61,2.2,4"
1991,2,2.33,3.7,9,"1991,2,2.33,3.7,9"
1992,2,1.77,5.6,10,"1992,2,1.77,5.6,10"
1993,2,1.56,6.4,10,"1993,2,1.56,6.4,10"
1994,2,1.53,2.1,3,"1994,2,1.53,2.1,3"
1995,2,2.25,4.4,10,"1995,2,2.25,4.4,10"
1996,2,3.17,3.2,10,"1996,2,3.17,3.2,10"
1997,1,1.00,1.6,2,"1997,1,1.00,1.6,2"
1998,2,1.73,5.8,10,"1998,2,1.73,5.8,10"
1999,2,2.26,4.4,10,"1999,2,2.26,4.4,10"
2000,2,1.86,3.2,6,"2000,2,1.86,3.2,6"
