Index,Product,Channel,Sales,"Index,Product,Channel,Sales"
1,2,2,5,"1,2,2,5"
2,1,1,2,"2,1,1,2"
3,2,2,4,"3,2,2,4"
4,1,1,5,"4,1,1,5"
5,1,2,1,"5,1,2,1"
6,2,1,10,"6,2,1,10"
7,2,2,3,"7,2,2,3"
8,2,1,10,"8,2,1,10"
9,1,1,2,"9,1,1,2"
10,1,2,5,"10,1,2,5"
11,1,1,5,"11,1,1,5"
12,2,1,7,"12,2,1,7"
13,2,2,4,"13,2,2,4"
14,1,1,2,"14,1,1,2"
15,1,2,2,"15,1,2,2"
16,2,2,6,"16,2,2,6"
17,2,1,4,"17,2,1,4"
18,2,2,10,"18,2,2,10"
19,1,2,2,"19,1,2,2"
20,1,2,5,"20,1,2,5"
21,1,1,2,"21,1,1,2"
22,1,1,2,"22,1,1,2"
23,2,1,10,"23,2,1,10"
24,1,2,5,"24,1,2,5"
25,1,2,5,"25,1,2,5"
26,2,1,7,"26,2,1,7"
27,1,2,5,"27,1,2,5"
28,1,2,5,"28,1,2,5"
29,1,1,5,"29,1,1,5"
30,1,2,1,"30,1,2,1"
31,1,2,1,"31,1,2,1"
32,1,1,5,"32,1,1,5"
33,1,1,5,"33,1,1,5"
34,2,2,10,"34,2,2,10"
35,1,1,5,"35,1,1,5"
36,2,1,6,"36,2,1,6"
37,2,2,9,"37,2,2,9"
38,1,2,5,"38,1,2,5"
39,2,1,10,"39,2,1,10"
40,2,1,9,"40,2,1,9"
41,1,2,1,"41,1,2,1"
42,1,1,5,"42,1,1,5"
43,1,2,2,"43,1,2,2"
44,2,2,5,"44,2,2,5"
45,2,2,10,"45,2,2,10"
46,1,2,1,"46,1,2,1"
47,1,2,1,"47,1,2,1"
48,1,2,5,"48,1,2,5"
49,1,2,5,"49,1,2,5"
50,2,2,5,"50,2,2,5"
51,1,1,2,"51,1,1,2"
52,2,2,10,"52,2,2,10"
53,2,2,5,"53,2,2,5"
54,2,1,10,"54,2,1,10"
55,1,1,5,"55,1,1,5"
56,2,2,7,"56,2,2,7"
57,1,1,5,"57,1,1,5"
58,1,1,5,"58,1,1,5"
59,1,2,5,"59,1,2,5"
60,1,2,5,"60,1,2,5"
61,2,1,10,"61,2,1,10"
62,2,1,8,"62,2,1,8"
63,1,1,5,"63,1,1,5"
64,1,1,2,"64,1,1,2"
65,1,2,5,"65,1,2,5"
66,1,2,5,"66,1,2,5"
67,1,2,1,"67,1,2,1"
68,2,1,10,"68,2,1,10"
69,1,2,5,"69,1,2,5"
70,1,1,1,"70,1,1,1"
71,2,2,10,"71,2,2,10"
72,1,2,5,"72,1,2,5"
73,2,2,5,"73,2,2,5"
74,2,2,6,"74,2,2,6"
75,2,2,10,"75,2,2,10"
76,2,2,9,"76,2,2,9"
77,1,1,5,"77,1,1,5"
78,1,1,5,"78,1,1,5"
79,2,2,4,"79,2,2,4"
80,1,1,5,"80,1,1,5"
81,1,2,2,"81,1,2,2"
82,2,1,10,"82,2,1,10"
83,2,1,7,"83,2,1,7"
84,1,1,5,"84,1,1,5"
85,1,1,2,"85,1,1,2"
86,2,1,7,"86,2,1,7"
87,2,2,10,"87,2,2,10"
88,2,1,10,"88,2,1,10"
89,1,2,5,"89,1,2,5"
90,1,1,5,"90,1,1,5"
91,1,1,1,"91,1,1,1"
92,2,1,4,"92,2,1,4"
93,1,2,1,"93,1,2,1"
94,1,1,5,"94,1,1,5"
95,1,2,1,"95,1,2,1"
96,2,1,5,"96,2,1,5"
97,1,1,5,"97,1,1,5"
98,2,2,7,"98,2,2,7"
99,2,1,10,"99,2,1,10"
100,1,2,5,"100,1,2,5"
101,2,1,10,"101,2,1,10"
102,1,2,5,"102,1,2,5"
103,1,2,5,"103,1,2,5"
104,1,1,5,"104,1,1,5"
105,1,2,2,"105,1,2,2"
106,1,2,2,"106,1,2,2"
107,1,1,5,"107,1,1,5"
108,1,1,2,"108,1,1,2"
109,2,2,5,"109,2,2,5"
110,1,2,1,"110,1,2,1"
111,1,2,5,"111,1,2,5"
112,2,2,7,"112,2,2,7"
113,2,1,9,"113,2,1,9"
114,1,1,5,"114,1,1,5"
115,2,1,8,"115,2,1,8"
116,2,1,10,"116,2,1,10"
117,1,2,5,"117,1,2,5"
118,1,2,2,"118,1,2,2"
119,1,2,5,"119,1,2,5"
120,1,1,3,"120,1,1,3"
121,1,2,5,"121,1,2,5"
122,2,2,3,"122,2,2,3"
123,1,1,1,"123,1,1,1"
124,1,1,5,"124,1,1,5"
125,1,2,5,"125,1,2,5"
126,2,2,4,"126,2,2,4"
127,1,1,2,"127,1,1,2"
128,2,1,9,"128,2,1,9"
129,1,1,5,"129,1,1,5"
130,1,2,2,"130,1,2,2"
131,1,1,5,"131,1,1,5"
132,1,1,5,"132,1,1,5"
133,2,1,8,"133,2,1,8"
134,2,2,6,"134,2,2,6"
135,2,1,6,"135,2,1,6"
136,1,1,2,"136,1,1,2"
137,1,2,1,"137,1,2,1"
138,2,2,5,"138,2,2,5"
139,2,2,5,"139,2,2,5"
140,1,1,5,"140,1,1,5"
141,1,1,2,"141,1,1,2"
142,1,2,2,"142,1,2,2"
143,2,1,10,"143,2,1,10"
144,2,2,9,"144,2,2,9"
145,2,2,10,"145,2,2,10"
146,2,2,3,"146,2,2,3"
147,2,2,6,"147,2,2,6"
148,1,2,1,"148,1,2,1"
149,2,1,10,"149,2,1,10"
150,1,1,2,"150,1,1,2"
151,1,2,5,"151,1,2,5"
152,1,2,5,"152,1,2,5"
153,2,2,10,"153,2,2,10"
154,1,2,1,"154,1,2,1"
155,1,2,1,"155,1,2,1"
156,2,2,10,"156,2,2,10"
157,2,2,10,"157,2,2,10"
158,2,2,10,"158,2,2,10"
159,2,1,10,"159,2,1,10"
160,1,2,5,"160,1,2,5"
161,1,1,2,"161,1,1,2"
162,1,1,1,"162,1,1,1"
163,1,1,3,"163,1,1,3"
164,1,1,5,"164,1,1,5"
165,2,2,5,"165,2,2,5"
166,1,2,5,"166,1,2,5"
167,2,2,10,"167,2,2,10"
168,2,2,10,"168,2,2,10"
169,2,1,5,"169,2,1,5"
170,1,2,2,"170,1,2,2"
171,2,1,10,"171,2,1,10"
172,2,2,5,"172,2,2,5"
173,2,2,7,"173,2,2,7"
174,1,2,1,"174,1,2,1"
175,2,2,6,"175,2,2,6"
176,1,2,2,"176,1,2,2"
177,2,2,4,"177,2,2,4"
178,2,1,7,"178,2,1,7"
179,1,2,5,"179,1,2,5"
180,2,1,10,"180,2,1,10"
181,1,1,5,"181,1,1,5"
182,1,1,5,"182,1,1,5"
183,2,2,7,"183,2,2,7"
184,1,2,5,"184,1,2,5"
185,2,2,7,"185,2,2,7"
186,1,2,2,"186,1,2,2"
187,1,2,2,"187,1,2,2"
188,1,1,1,"188,1,1,1"
189,2,2,4,"189,2,2,4"
190,1,1,2,"190,1,1,2"
191,2,1,11,"191,2,1,11"
192,1,1,5,"192,1,1,5"
193,1,2,1,"193,1,2,1"
194,1,1,2,"194,1,1,2"
195,2,1,10,"195,2,1,10"
196,1,2,5,"196,1,2,5"
197,2,1,7,"197,2,1,7"
198,2,1,10,"198,2,1,10"
199,1,1,5,"199,1,1,5"
200,2,1,10,"200,2,1,10"
201,2,1,10,"201,2,1,10"
202,1,2,5,"202,1,2,5"
203,2,1,10,"203,2,1,10"
204,1,2,5,"204,1,2,5"
205,1,1,2,"205,1,1,2"
206,1,1,5,"206,1,1,5"
207,2,2,10,"207,2,2,10"
208,2,2,4,"208,2,2,4"
209,2,1,10,"209,2,1,10"
210,1,1,5,"210,1,1,5"
211,2,2,10,"211,2,2,10"
212,1,2,2,"212,1,2,2"
213,1,1,1,"213,1,1,1"
214,2,2,10,"214,2,2,10"
215,2,2,10,"215,2,2,10"
216,1,2,1,"216,1,2,1"
217,2,1,10,"217,2,1,10"
218,2,2,3,"218,2,2,3"
219,2,2,4,"219,2,2,4"
220,1,2,2,"220,1,2,2"
221,2,1,10,"221,2,1,10"
222,2,1,6,"222,2,1,6"
223,1,1,1,"223,1,1,1"
224,2,2,6,"224,2,2,6"
225,2,1,6,"225,2,1,6"
226,2,2,8,"226,2,2,8"
227,2,2,10,"227,2,2,10"
228,1,1,2,"228,1,1,2"
229,1,2,5,"229,1,2,5"
230,2,2,10,"230,2,2,10"
231,1,2,2,"231,1,2,2"
232,2,1,10,"232,2,1,10"
233,2,2,8,"233,2,2,8"
234,1,2,2,"234,1,2,2"
235,2,1,7,"235,2,1,7"
236,2,1,10,"236,2,1,10"
237,2,2,7,"237,2,2,7"
238,2,2,3,"238,2,2,3"
239,1,2,5,"239,1,2,5"
240,2,1,10,"240,2,1,10"
241,1,2,5,"241,1,2,5"
242,1,1,5,"242,1,1,5"
243,1,2,1,"243,1,2,1"
244,1,1,1,"244,1,1,1"
245,2,1,10,"245,2,1,10"
246,1,1,1,"246,1,1,1"
247,1,2,5,"247,1,2,5"
248,1,2,2,"248,1,2,2"
249,2,1,4,"249,2,1,4"
250,1,1,5,"250,1,1,5"
251,2,2,7,"251,2,2,7"
252,1,2,2,"252,1,2,2"
253,2,2,10,"253,2,2,10"
254,2,1,10,"254,2,1,10"
255,1,2,2,"255,1,2,2"
256,1,1,5,"256,1,1,5"
257,2,2,6,"257,2,2,6"
258,1,1,5,"258,1,1,5"
259,2,2,10,"259,2,2,10"
260,1,1,5,"260,1,1,5"
261,1,2,5,"261,1,2,5"
262,2,2,10,"262,2,2,10"
263,2,2,4,"263,2,2,4"
264,2,1,9,"264,2,1,9"
265,1,2,5,"265,1,2,5"
266,1,1,5,"266,1,1,5"
267,1,2,1,"267,1,2,1"
268,1,1,5,"268,1,1,5"
269,1,2,5,"269,1,2,5"
270,2,2,3,"270,2,2,3"
271,1,1,2,"271,1,1,2"
272,1,2,1,"272,1,2,1"
273,1,2,1,"273,1,2,1"
274,2,2,4,"274,2,2,4"
275,1,2,2,"275,1,2,2"
276,1,1,5,"276,1,1,5"
277,2,1,5,"277,2,1,5"
278,1,2,5,"278,1,2,5"
279,2,1,10,"279,2,1,10"
280,1,2,2,"280,1,2,2"
281,2,1,9,"281,2,1,9"
282,2,2,5,"282,2,2,5"
283,1,2,5,"283,1,2,5"
284,1,1,2,"284,1,1,2"
285,1,2,2,"285,1,2,2"
286,2,2,10,"286,2,2,10"
287,1,2,2,"287,1,2,2"
288,2,2,10,"288,2,2,10"
289,1,1,2,"289,1,1,2"
290,1,2,5,"290,1,2,5"
291,2,1,5,"291,2,1,5"
292,2,2,5,"292,2,2,5"
293,2,2,6,"293,2,2,6"
294,1,2,5,"294,1,2,5"
295,1,2,2,"295,1,2,2"
296,2,2,7,"296,2,2,7"
297,2,2,6,"297,2,2,6"
298,1,1,5,"298,1,1,5"
299,2,1,6,"299,2,1,6"
300,1,2,1,"300,1,2,1"
301,1,2,5,"301,1,2,5"
302,2,2,6,"302,2,2,6"
303,2,1,11,"303,2,1,11"
304,2,2,7,"304,2,2,7"
305,1,1,5,"305,1,1,5"
306,2,2,4,"306,2,2,4"
307,1,1,2,"307,1,1,2"
308,2,2,8,"308,2,2,8"
309,1,1,1,"309,1,1,1"
310,1,1,2,"310,1,1,2"
311,1,1,5,"311,1,1,5"
312,2,2,10,"312,2,2,10"
313,1,1,2,"313,1,1,2"
314,1,1,2,"314,1,1,2"
315,2,2,10,"315,2,2,10"
316,1,1,1,"316,1,1,1"
317,1,2,5,"317,1,2,5"
318,2,1,9,"318,2,1,9"
319,1,2,5,"319,1,2,5"
320,1,2,5,"320,1,2,5"
321,2,2,7,"321,2,2,7"
322,2,2,5,"322,2,2,5"
323,1,1,2,"323,1,1,2"
324,2,2,5,"324,2,2,5"
325,2,1,10,"325,2,1,10"
326,1,1,2,"326,1,1,2"
327,1,1,3,"327,1,1,3"
328,2,1,10,"328,2,1,10"
329,2,1,5,"329,2,1,5"
330,1,1,1,"330,1,1,1"
331,1,1,5,"331,1,1,5"
332,2,1,10,"332,2,1,10"
333,1,2,5,"333,1,2,5"
334,2,2,6,"334,2,2,6"
335,2,1,10,"335,2,1,10"
336,2,1,12,"336,2,1,12"
337,2,2,10,"337,2,2,10"
338,2,2,5,"338,2,2,5"
339,2,1,10,"339,2,1,10"
340,1,2,2,"340,1,2,2"
341,2,2,5,"341,2,2,5"
342,2,2,10,"342,2,2,10"
343,2,1,7,"343,2,1,7"
344,2,2,10,"344,2,2,10"
345,1,2,1,"345,1,2,1"
346,2,1,8,"346,2,1,8"
347,2,1,10,"347,2,1,10"
348,1,2,2,"348,1,2,2"
349,1,2,5,"349,1,2,5"
350,2,1,10,"350,2,1,10"
351,2,2,10,"351,2,2,10"
352,1,2,5,"352,1,2,5"
353,1,2,5,"353,1,2,5"
354,2,1,6,"354,2,1,6"
355,1,1,5,"355,1,1,5"
356,2,1,10,"356,2,1,10"
357,2,2,4,"357,2,2,4"
358,1,1,1,"358,1,1,1"
359,2,1,8,"359,2,1,8"
360,2,1,9,"360,2,1,9"
361,1,2,5,"361,1,2,5"
362,1,2,5,"362,1,2,5"
363,2,1,11,"363,2,1,11"
364,2,1,10,"364,2,1,10"
365,2,1,10,"365,2,1,10"
366,2,2,6,"366,2,2,6"
367,1,2,5,"367,1,2,5"
368,2,2,5,"368,2,2,5"
369,1,2,5,"369,1,2,5"
370,1,1,1,"370,1,1,1"
371,1,1,2,"371,1,1,2"
372,2,1,4,"372,2,1,4"
373,2,2,8,"373,2,2,8"
374,1,1,1,"374,1,1,1"
375,1,2,1,"375,1,2,1"
376,1,1,5,"376,1,1,5"
377,2,2,10,"377,2,2,10"
378,2,1,8,"378,2,1,8"
379,2,2,10,"379,2,2,10"
380,2,1,10,"380,2,1,10"
381,2,2,10,"381,2,2,10"
382,1,1,5,"382,1,1,5"
383,2,2,4,"383,2,2,4"
384,1,1,2,"384,1,1,2"
385,2,1,11,"385,2,1,11"
386,1,2,5,"386,1,2,5"
387,2,2,10,"387,2,2,10"
388,2,2,6,"388,2,2,6"
389,2,1,10,"389,2,1,10"
390,1,2,1,"390,1,2,1"
391,1,2,5,"391,1,2,5"
392,2,1,7,"392,2,1,7"
393,1,1,5,"393,1,1,5"
394,2,1,11,"394,2,1,11"
395,2,2,10,"395,2,2,10"
396,1,2,1,"396,1,2,1"
397,1,1,1,"397,1,1,1"
398,2,2,10,"398,2,2,10"
399,1,1,1,"399,1,1,1"
400,1,2,1,"400,1,2,1"
401,1,2,1,"401,1,2,1"
402,1,2,1,"402,1,2,1"
403,1,2,5,"403,1,2,5"
404,2,2,5,"404,2,2,5"
405,1,2,5,"405,1,2,5"
406,1,1,5,"406,1,1,5"
407,2,1,5,"407,2,1,5"
408,1,2,1,"408,1,2,1"
409,2,2,10,"409,2,2,10"
410,1,1,2,"410,1,1,2"
411,1,2,2,"411,1,2,2"
412,2,2,5,"412,2,2,5"
413,2,1,11,"413,2,1,11"
414,1,2,1,"414,1,2,1"
415,2,2,10,"415,2,2,10"
416,1,1,5,"416,1,1,5"
417,2,1,10,"417,2,1,10"
418,2,1,10,"418,2,1,10"
419,2,1,10,"419,2,1,10"
420,1,1,2,"420,1,1,2"
421,2,1,8,"421,2,1,8"
422,2,2,5,"422,2,2,5"
423,1,2,5,"423,1,2,5"
424,2,2,10,"424,2,2,10"
425,1,2,5,"425,1,2,5"
426,2,1,6,"426,2,1,6"
427,1,2,2,"427,1,2,2"
428,2,1,10,"428,2,1,10"
429,2,1,8,"429,2,1,8"
430,2,2,7,"430,2,2,7"
431,2,1,10,"431,2,1,10"
432,1,1,5,"432,1,1,5"
433,2,1,10,"433,2,1,10"
434,1,1,5,"434,1,1,5"
435,1,2,1,"435,1,2,1"
436,2,2,10,"436,2,2,10"
437,1,1,2,"437,1,1,2"
438,1,1,3,"438,1,1,3"
439,1,2,1,"439,1,2,1"
440,2,1,10,"440,2,1,10"
441,2,1,4,"441,2,1,4"
442,1,2,2,"442,1,2,2"
443,2,2,10,"443,2,2,10"
444,1,1,5,"444,1,1,5"
445,2,1,7,"445,2,1,7"
446,2,1,10,"446,2,1,10"
447,2,1,10,"447,2,1,10"
448,2,2,4,"448,2,2,4"
449,1,2,5,"449,1,2,5"
450,1,1,1,"450,1,1,1"
451,1,2,1,"451,1,2,1"
452,1,2,5,"452,1,2,5"
453,2,2,8,"453,2,2,8"
454,1,2,5,"454,1,2,5"
455,1,1,5,"455,1,1,5"
456,2,1,10,"456,2,1,10"
457,2,1,10,"457,2,1,10"
458,2,1,6,"458,2,1,6"
459,2,2,8,"459,2,2,8"
460,1,1,1,"460,1,1,1"
461,2,2,4,"461,2,2,4"
462,2,1,7,"462,2,1,7"
463,2,2,10,"463,2,2,10"
464,2,1,10,"464,2,1,10"
465,2,2,4,"465,2,2,4"
466,2,1,10,"466,2,1,10"
467,2,2,3,"467,2,2,3"
468,1,1,2,"468,1,1,2"
469,1,1,5,"469,1,1,5"
470,2,2,6,"470,2,2,6"
471,2,2,9,"471,2,2,9"
472,1,2,5,"472,1,2,5"
473,2,1,8,"473,2,1,8"
474,2,1,10,"474,2,1,10"
475,1,1,2,"475,1,1,2"
476,2,2,4,"476,2,2,4"
477,2,2,7,"477,2,2,7"
478,2,2,10,"478,2,2,10"
479,1,2,1,"479,1,2,1"
480,1,1,2,"480,1,1,2"
481,1,1,2,"481,1,1,2"
482,1,1,1,"482,1,1,1"
483,1,1,1,"483,1,1,1"
484,2,1,10,"484,2,1,10"
485,2,2,6,"485,2,2,6"
486,1,1,5,"486,1,1,5"
487,2,1,10,"487,2,1,10"
488,2,1,7,"488,2,1,7"
489,1,2,1,"489,1,2,1"
490,1,2,5,"490,1,2,5"
491,2,2,6,"491,2,2,6"
492,1,2,5,"492,1,2,5"
493,2,1,10,"493,2,1,10"
494,2,1,8,"494,2,1,8"
495,1,1,5,"495,1,1,5"
496,1,2,2,"496,1,2,2"
497,1,2,1,"497,1,2,1"
498,2,1,10,"498,2,1,10"
499,2,2,5,"499,2,2,5"
500,2,1,10,"500,2,1,10"
501,1,2,5,"501,1,2,5"
502,2,2,10,"502,2,2,10"
503,2,2,10,"503,2,2,10"
504,2,1,4,"504,2,1,4"
505,1,1,1,"505,1,1,1"
506,2,2,10,"506,2,2,10"
507,1,1,1,"507,1,1,1"
508,1,2,1,"508,1,2,1"
509,1,1,5,"509,1,1,5"
510,1,2,5,"510,1,2,5"
511,2,1,10,"511,2,1,10"
512,1,2,1,"512,1,2,1"
513,1,1,5,"513,1,1,5"
514,2,2,5,"514,2,2,5"
515,2,1,10,"515,2,1,10"
516,1,1,5,"516,1,1,5"
517,1,2,5,"517,1,2,5"
518,1,1,5,"518,1,1,5"
519,2,2,6,"519,2,2,6"
520,1,1,5,"520,1,1,5"
521,2,1,10,"521,2,1,10"
522,1,2,2,"522,1,2,2"
523,1,1,3,"523,1,1,3"
524,2,2,5,"524,2,2,5"
525,2,2,4,"525,2,2,4"
526,1,1,5,"526,1,1,5"
527,2,2,10,"527,2,2,10"
528,1,2,5,"528,1,2,5"
529,1,2,5,"529,1,2,5"
530,2,1,10,"530,2,1,10"
531,2,2,10,"531,2,2,10"
532,2,1,10,"532,2,1,10"
533,2,1,10,"533,2,1,10"
534,2,1,10,"534,2,1,10"
535,1,2,5,"535,1,2,5"
536,2,1,10,"536,2,1,10"
537,1,2,5,"537,1,2,5"
538,2,1,4,"538,2,1,4"
539,1,1,2,"539,1,1,2"
540,2,2,10,"540,2,2,10"
541,2,1,4,"541,2,1,4"
542,2,1,13,"542,2,1,13"
543,1,1,5,"543,1,1,5"
544,2,2,10,"544,2,2,10"
545,2,2,10,"545,2,2,10"
546,1,2,5,"546,1,2,5"
547,2,1,10,"547,2,1,10"
548,1,1,5,"548,1,1,5"
549,2,2,10,"549,2,2,10"
550,2,1,10,"550,2,1,10"
551,1,1,5,"551,1,1,5"
552,2,1,10,"552,2,1,10"
553,1,2,1,"553,1,2,1"
554,1,1,1,"554,1,1,1"
555,2,1,10,"555,2,1,10"
556,2,1,10,"556,2,1,10"
557,1,2,2,"557,1,2,2"
558,1,2,5,"558,1,2,5"
559,2,2,10,"559,2,2,10"
560,2,1,10,"560,2,1,10"
561,1,2,5,"561,1,2,5"
562,1,2,5,"562,1,2,5"
563,1,2,5,"563,1,2,5"
564,2,2,4,"564,2,2,4"
565,1,1,2,"565,1,1,2"
566,1,2,1,"566,1,2,1"
567,1,2,5,"567,1,2,5"
568,1,2,5,"568,1,2,5"
569,1,1,5,"569,1,1,5"
570,2,2,10,"570,2,2,10"
571,1,2,5,"571,1,2,5"
572,2,2,10,"572,2,2,10"
573,2,2,3,"573,2,2,3"
574,1,2,1,"574,1,2,1"
575,2,1,6,"575,2,1,6"
576,1,1,2,"576,1,1,2"
577,1,2,5,"577,1,2,5"
578,2,1,10,"578,2,1,10"
579,2,2,10,"579,2,2,10"
580,1,2,1,"580,1,2,1"
581,2,2,4,"581,2,2,4"
582,2,1,7,"582,2,1,7"
583,1,1,5,"583,1,1,5"
584,2,2,10,"584,2,2,10"
585,1,1,5,"585,1,1,5"
586,2,1,10,"586,2,1,10"
587,2,2,10,"587,2,2,10"
588,2,1,10,"588,2,1,10"
589,1,2,5,"589,1,2,5"
590,2,1,10,"590,2,1,10"
591,2,2,4,"591,2,2,4"
592,2,1,4,"592,2,1,4"
593,1,2,5,"593,1,2,5"
594,1,2,1,"594,1,2,1"
595,2,2,5,"595,2,2,5"
596,2,2,10,"596,2,2,10"
597,2,1,10,"597,2,1,10"
598,2,1,10,"598,2,1,10"
599,2,1,10,"599,2,1,10"
600,2,1,7,"600,2,1,7"
601,2,1,10,"601,2,1,10"
602,1,1,2,"602,1,1,2"
603,1,1,5,"603,1,1,5"
604,2,2,10,"604,2,2,10"
605,2,2,5,"605,2,2,5"
606,1,2,1,"606,1,2,1"
607,2,1,6,"607,2,1,6"
608,1,2,1,"608,1,2,1"
609,1,1,2,"609,1,1,2"
610,2,1,7,"610,2,1,7"
611,1,1,1,"611,1,1,1"
612,2,1,6,"612,2,1,6"
613,1,2,5,"613,1,2,5"
614,2,1,10,"614,2,1,10"
615,1,1,5,"615,1,1,5"
616,2,2,3,"616,2,2,3"
617,2,1,10,"617,2,1,10"
618,2,1,10,"618,2,1,10"
619,2,1,10,"619,2,1,10"
620,2,1,6,"620,2,1,6"
621,1,1,1,"621,1,1,1"
622,1,1,5,"622,1,1,5"
623,1,1,5,"623,1,1,5"
624,2,1,10,"624,2,1,10"
625,1,1,2,"625,1,1,2"
626,2,2,8,"626,2,2,8"
627,2,1,10,"627,2,1,10"
628,1,2,1,"628,1,2,1"
629,1,1,2,"629,1,1,2"
630,1,2,2,"630,1,2,2"
631,1,1,5,"631,1,1,5"
632,2,1,10,"632,2,1,10"
633,1,2,5,"633,1,2,5"
634,1,1,5,"634,1,1,5"
635,2,2,10,"635,2,2,10"
636,1,2,5,"636,1,2,5"
637,2,2,10,"637,2,2,10"
638,2,1,10,"638,2,1,10"
639,2,2,10,"639,2,2,10"
640,1,1,5,"640,1,1,5"
641,2,2,7,"641,2,2,7"
642,1,2,5,"642,1,2,5"
643,1,2,2,"643,1,2,2"
644,1,1,5,"644,1,1,5"
645,1,2,1,"645,1,2,1"
646,2,2,10,"646,2,2,10"
647,2,2,10,"647,2,2,10"
648,2,2,6,"648,2,2,6"
649,2,2,10,"649,2,2,10"
650,2,1,10,"650,2,1,10"
651,1,1,1,"651,1,1,1"
652,1,1,2,"652,1,1,2"
653,1,2,2,"653,1,2,2"
654,2,1,10,"654,2,1,10"
655,1,1,5,"655,1,1,5"
656,2,2,4,"656,2,2,4"
657,1,2,1,"657,1,2,1"
658,1,1,2,"658,1,1,2"
659,2,1,10,"659,2,1,10"
660,1,1,2,"660,1,1,2"
661,2,1,10,"661,2,1,10"
662,2,2,8,"662,2,2,8"
663,1,1,5,"663,1,1,5"
664,1,2,1,"664,1,2,1"
665,1,1,5,"665,1,1,5"
666,1,1,5,"666,1,1,5"
667,1,2,5,"667,1,2,5"
668,1,1,3,"668,1,1,3"
669,1,1,1,"669,1,1,1"
670,1,2,5,"670,1,2,5"
671,1,2,5,"671,1,2,5"
672,1,2,5,"672,1,2,5"
673,2,1,10,"673,2,1,10"
674,2,2,10,"674,2,2,10"
675,1,1,1,"675,1,1,1"
676,2,2,10,"676,2,2,10"
677,1,2,1,"677,1,2,1"
678,2,1,8,"678,2,1,8"
679,2,1,10,"679,2,1,10"
680,1,2,5,"680,1,2,5"
681,2,2,10,"681,2,2,10"
682,2,1,10,"682,2,1,10"
683,1,2,5,"683,1,2,5"
684,2,2,5,"684,2,2,5"
685,1,1,5,"685,1,1,5"
686,1,2,5,"686,1,2,5"
687,1,2,2,"687,1,2,2"
688,1,2,1,"688,1,2,1"
689,2,2,10,"689,2,2,10"
690,1,1,5,"690,1,1,5"
691,2,1,10,"691,2,1,10"
692,1,1,5,"692,1,1,5"
693,2,1,4,"693,2,1,4"
694,2,1,5,"694,2,1,5"
695,2,2,10,"695,2,2,10"
696,2,2,7,"696,2,2,7"
697,1,2,5,"697,1,2,5"
698,2,1,10,"698,2,1,10"
699,2,1,5,"699,2,1,5"
700,2,1,7,"700,2,1,7"
701,1,1,5,"701,1,1,5"
702,1,1,5,"702,1,1,5"
703,1,1,2,"703,1,1,2"
704,1,1,5,"704,1,1,5"
705,1,2,5,"705,1,2,5"
706,1,1,2,"706,1,1,2"
707,2,2,5,"707,2,2,5"
708,1,2,5,"708,1,2,5"
709,1,2,2,"709,1,2,2"
710,1,2,1,"710,1,2,1"
711,2,1,5,"711,2,1,5"
712,2,1,11,"712,2,1,11"
713,1,2,1,"713,1,2,1"
714,2,2,3,"714,2,2,3"
715,2,1,11,"715,2,1,11"
716,2,2,6,"716,2,2,6"
717,1,1,1,"717,1,1,1"
718,2,2,10,"718,2,2,10"
719,1,1,1,"719,1,1,1"
720,1,2,1,"720,1,2,1"
721,2,1,9,"721,2,1,9"
722,1,2,5,"722,1,2,5"
723,2,1,10,"723,2,1,10"
724,2,2,4,"724,2,2,4"
725,2,1,10,"725,2,1,10"
726,1,2,2,"726,1,2,2"
727,1,2,1,"727,1,2,1"
728,1,2,1,"728,1,2,1"
729,1,1,2,"729,1,1,2"
730,1,1,2,"730,1,1,2"
731,1,1,2,"731,1,1,2"
732,1,2,5,"732,1,2,5"
733,1,1,5,"733,1,1,5"
734,2,1,5,"734,2,1,5"
735,1,2,1,"735,1,2,1"
736,2,1,5,"736,2,1,5"
737,1,1,2,"737,1,1,2"
738,1,1,2,"738,1,1,2"
739,2,2,4,"739,2,2,4"
740,2,1,10,"740,2,1,10"
741,2,1,10,"741,2,1,10"
742,1,2,1,"742,1,2,1"
743,1,1,1,"743,1,1,1"
744,2,2,10,"744,2,2,10"
745,1,2,1,"745,1,2,1"
746,1,1,5,"746,1,1,5"
747,2,1,7,"747,2,1,7"
748,1,1,5,"748,1,1,5"
749,2,1,10,"749,2,1,10"
750,2,1,10,"750,2,1,10"
751,1,1,2,"751,1,1,2"
752,1,1,2,"752,1,1,2"
753,1,1,5,"753,1,1,5"
754,1,2,5,"754,1,2,5"
755,1,1,2,"755,1,1,2"
756,2,1,6,"756,2,1,6"
757,2,2,10,"757,2,2,10"
758,1,2,5,"758,1,2,5"
759,1,1,5,"759,1,1,5"
760,2,2,3,"760,2,2,3"
761,1,2,2,"761,1,2,2"
762,1,1,5,"762,1,1,5"
763,2,2,6,"763,2,2,6"
764,1,2,1,"764,1,2,1"
765,1,1,5,"765,1,1,5"
766,1,2,5,"766,1,2,5"
767,1,1,2,"767,1,1,2"
768,2,1,10,"768,2,1,10"
769,2,2,4,"769,2,2,4"
770,2,1,8,"770,2,1,8"
771,1,2,5,"771,1,2,5"
772,2,2,10,"772,2,2,10"
773,1,2,5,"773,1,2,5"
774,1,1,2,"774,1,1,2"
775,2,2,10,"775,2,2,10"
776,2,1,10,"776,2,1,10"
777,1,2,5,"777,1,2,5"
778,2,1,9,"778,2,1,9"
779,2,2,6,"779,2,2,6"
780,1,2,5,"780,1,2,5"
781,2,1,10,"781,2,1,10"
782,2,2,8,"782,2,2,8"
783,2,1,10,"783,2,1,10"
784,2,1,10,"784,2,1,10"
785,2,1,8,"785,2,1,8"
786,2,1,5,"786,2,1,5"
787,1,2,5,"787,1,2,5"
788,1,2,1,"788,1,2,1"
789,2,2,3,"789,2,2,3"
790,1,2,1,"790,1,2,1"
791,2,1,10,"791,2,1,10"
792,2,2,10,"792,2,2,10"
793,2,1,10,"793,2,1,10"
794,1,2,1,"794,1,2,1"
795,2,1,10,"795,2,1,10"
796,2,1,7,"796,2,1,7"
797,1,2,5,"797,1,2,5"
798,2,2,4,"798,2,2,4"
799,1,1,2,"799,1,1,2"
800,1,1,2,"800,1,1,2"
801,2,2,10,"801,2,2,10"
802,2,2,8,"802,2,2,8"
803,2,2,10,"803,2,2,10"
804,1,1,5,"804,1,1,5"
805,2,1,10,"805,2,1,10"
806,1,2,5,"806,1,2,5"
807,1,2,1,"807,1,2,1"
808,2,1,10,"808,2,1,10"
809,2,1,10,"809,2,1,10"
810,1,2,5,"810,1,2,5"
811,1,1,1,"811,1,1,1"
812,2,2,10,"812,2,2,10"
813,2,2,7,"813,2,2,7"
814,2,1,7,"814,2,1,7"
815,2,1,10,"815,2,1,10"
816,2,1,6,"816,2,1,6"
817,2,2,10,"817,2,2,10"
818,2,2,5,"818,2,2,5"
819,2,1,10,"819,2,1,10"
820,1,1,5,"820,1,1,5"
821,2,2,4,"821,2,2,4"
822,2,1,10,"822,2,1,10"
823,2,1,7,"823,2,1,7"
824,1,2,5,"824,1,2,5"
825,1,1,2,"825,1,1,2"
826,1,2,5,"826,1,2,5"
827,1,1,2,"827,1,1,2"
828,1,1,5,"828,1,1,5"
829,1,1,5,"829,1,1,5"
830,1,2,1,"830,1,2,1"
831,2,1,8,"831,2,1,8"
832,2,2,10,"832,2,2,10"
833,1,1,2,"833,1,1,2"
834,1,1,5,"834,1,1,5"
835,2,2,10,"835,2,2,10"
836,1,1,5,"836,1,1,5"
837,2,2,5,"837,2,2,5"
838,1,2,5,"838,1,2,5"
839,2,1,10,"839,2,1,10"
840,2,1,10,"840,2,1,10"
841,2,2,4,"841,2,2,4"
842,1,2,1,"842,1,2,1"
843,1,1,1,"843,1,1,1"
844,2,2,5,"844,2,2,5"
845,1,2,5,"845,1,2,5"
846,1,2,5,"846,1,2,5"
847,2,2,5,"847,2,2,5"
848,1,2,1,"848,1,2,1"
849,2,1,10,"849,2,1,10"
850,1,2,1,"850,1,2,1"
851,2,2,10,"851,2,2,10"
852,1,2,5,"852,1,2,5"
853,1,2,1,"853,1,2,1"
854,2,2,8,"854,2,2,8"
855,1,1,2,"855,1,1,2"
856,2,1,10,"856,2,1,10"
857,2,2,3,"857,2,2,3"
858,2,2,10,"858,2,2,10"
859,1,2,2,"859,1,2,2"
860,2,2,10,"860,2,2,10"
861,1,2,2,"861,1,2,2"
862,1,1,2,"862,1,1,2"
863,2,2,10,"863,2,2,10"
864,1,1,2,"864,1,1,2"
865,1,2,2,"865,1,2,2"
866,1,2,2,"866,1,2,2"
867,1,1,5,"867,1,1,5"
868,1,2,5,"868,1,2,5"
869,1,1,1,"869,1,1,1"
870,2,1,8,"870,2,1,8"
871,2,2,10,"871,2,2,10"
872,1,1,5,"872,1,1,5"
873,2,2,10,"873,2,2,10"
874,1,1,2,"874,1,1,2"
875,2,2,10,"875,2,2,10"
876,2,2,10,"876,2,2,10"
877,2,2,4,"877,2,2,4"
878,1,1,5,"878,1,1,5"
879,1,1,1,"879,1,1,1"
880,1,1,5,"880,1,1,5"
881,1,2,5,"881,1,2,5"
882,1,2,1,"882,1,2,1"
883,1,2,1,"883,1,2,1"
884,2,2,10,"884,2,2,10"
885,1,1,5,"885,1,1,5"
886,2,2,10,"886,2,2,10"
887,2,1,9,"887,2,1,9"
888,1,1,1,"888,1,1,1"
889,2,1,7,"889,2,1,7"
890,2,2,4,"890,2,2,4"
891,2,1,10,"891,2,1,10"
892,2,1,6,"892,2,1,6"
893,1,1,2,"893,1,1,2"
894,1,2,5,"894,1,2,5"
895,2,1,6,"895,2,1,6"
896,1,2,1,"896,1,2,1"
897,1,2,1,"897,1,2,1"
898,1,1,5,"898,1,1,5"
899,2,1,8,"899,2,1,8"
900,2,1,10,"900,2,1,10"
901,2,1,10,"901,2,1,10"
902,1,2,1,"902,1,2,1"
903,2,1,10,"903,2,1,10"
904,1,1,3,"904,1,1,3"
905,1,1,1,"905,1,1,1"
906,2,1,10,"906,2,1,10"
907,1,1,1,"907,1,1,1"
908,2,1,10,"908,2,1,10"
909,1,2,5,"909,1,2,5"
910,1,2,1,"910,1,2,1"
911,1,2,1,"911,1,2,1"
912,2,2,10,"912,2,2,10"
913,1,1,5,"913,1,1,5"
914,2,1,10,"914,2,1,10"
915,1,2,5,"915,1,2,5"
916,2,1,4,"916,2,1,4"
917,1,1,5,"917,1,1,5"
918,2,2,5,"918,2,2,5"
919,1,2,2,"919,1,2,2"
920,1,2,5,"920,1,2,5"
921,2,1,10,"921,2,1,10"
922,1,1,5,"922,1,1,5"
923,2,2,4,"923,2,2,4"
924,1,2,1,"924,1,2,1"
925,2,1,7,"925,2,1,7"
926,1,1,1,"926,1,1,1"
927,1,1,1,"927,1,1,1"
928,1,2,1,"928,1,2,1"
929,2,1,7,"929,2,1,7"
930,2,1,10,"930,2,1,10"
931,1,2,2,"931,1,2,2"
932,1,1,2,"932,1,1,2"
933,1,1,1,"933,1,1,1"
934,1,1,5,"934,1,1,5"
935,2,2,10,"935,2,2,10"
936,2,1,10,"936,2,1,10"
937,2,2,10,"937,2,2,10"
938,2,2,8,"938,2,2,8"
939,1,2,2,"939,1,2,2"
940,2,2,10,"940,2,2,10"
941,2,2,7,"941,2,2,7"
942,2,1,6,"942,2,1,6"
943,2,2,10,"943,2,2,10"
944,1,1,1,"944,1,1,1"
945,2,2,6,"945,2,2,6"
946,1,1,5,"946,1,1,5"
947,1,2,1,"947,1,2,1"
948,1,2,2,"948,1,2,2"
949,2,2,5,"949,2,2,5"
950,2,2,10,"950,2,2,10"
951,2,2,5,"951,2,2,5"
952,1,1,1,"952,1,1,1"
953,1,1,5,"953,1,1,5"
954,1,1,2,"954,1,1,2"
955,2,1,10,"955,2,1,10"
956,2,2,10,"956,2,2,10"
957,2,2,5,"957,2,2,5"
958,2,1,7,"958,2,1,7"
959,1,1,5,"959,1,1,5"
960,2,2,6,"960,2,2,6"
961,2,2,10,"961,2,2,10"
962,2,2,10,"962,2,2,10"
963,1,1,5,"963,1,1,5"
964,1,1,5,"964,1,1,5"
965,1,1,2,"965,1,1,2"
966,1,2,2,"966,1,2,2"
967,2,2,3,"967,2,2,3"
968,1,1,5,"968,1,1,5"
969,1,2,1,"969,1,2,1"
970,2,2,10,"970,2,2,10"
971,1,1,1,"971,1,1,1"
972,2,2,5,"972,2,2,5"
973,1,2,5,"973,1,2,5"
974,2,2,3,"974,2,2,3"
975,2,1,10,"975,2,1,10"
976,2,1,10,"976,2,1,10"
977,2,2,10,"977,2,2,10"
978,2,2,10,"978,2,2,10"
979,1,2,5,"979,1,2,5"
980,2,2,10,"980,2,2,10"
981,2,2,3,"981,2,2,3"
982,2,2,10,"982,2,2,10"
983,2,2,5,"983,2,2,5"
984,1,2,1,"984,1,2,1"
985,2,1,8,"985,2,1,8"
986,1,1,5,"986,1,1,5"
987,1,1,5,"987,1,1,5"
988,2,2,10,"988,2,2,10"
989,1,2,5,"989,1,2,5"
990,1,1,5,"990,1,1,5"
991,2,2,10,"991,2,2,10"
992,2,1,8,"992,2,1,8"
993,1,1,5,"993,1,1,5"
994,2,2,10,"994,2,2,10"
995,2,1,10,"995,2,1,10"
996,2,2,10,"996,2,2,10"
997,2,2,3,"997,2,2,3"
998,1,2,2,"998,1,2,2"
999,1,1,5,"999,1,1,5"
1000,2,1,10,"1000,2,1,10"
1001,1,1,2,"1001,1,1,2"
1002,2,2,3,"1002,2,2,3"
1003,1,2,5,"1003,1,2,5"
1004,2,1,4,"1004,2,1,4"
1005,1,2,1,"1005,1,2,1"
1006,1,2,5,"1006,1,2,5"
1007,2,1,10,"1007,2,1,10"
1008,1,2,5,"1008,1,2,5"
1009,1,2,5,"1009,1,2,5"
1010,2,2,10,"1010,2,2,10"
1011,2,1,10,"1011,2,1,10"
1012,2,1,8,"1012,2,1,8"
1013,2,2,10,"1013,2,2,10"
1014,2,1,5,"1014,2,1,5"
1015,1,1,1,"1015,1,1,1"
1016,2,2,6,"1016,2,2,6"
1017,1,1,5,"1017,1,1,5"
1018,2,1,10,"1018,2,1,10"
1019,2,2,10,"1019,2,2,10"
1020,1,2,5,"1020,1,2,5"
1021,1,2,5,"1021,1,2,5"
1022,1,1,5,"1022,1,1,5"
1023,1,2,2,"1023,1,2,2"
1024,2,2,10,"1024,2,2,10"
1025,2,2,7,"1025,2,2,7"
1026,1,1,2,"1026,1,1,2"
1027,2,2,4,"1027,2,2,4"
1028,1,1,1,"1028,1,1,1"
1029,2,2,6,"1029,2,2,6"
1030,2,1,10,"1030,2,1,10"
1031,1,2,2,"1031,1,2,2"
1032,1,1,3,"1032,1,1,3"
1033,1,2,5,"1033,1,2,5"
1034,2,2,10,"1034,2,2,10"
1035,2,1,7,"1035,2,1,7"
1036,1,2,5,"1036,1,2,5"
1037,2,1,8,"1037,2,1,8"
1038,2,2,3,"1038,2,2,3"
1039,1,1,5,"1039,1,1,5"
1040,2,1,10,"1040,2,1,10"
1041,2,1,5,"1041,2,1,5"
1042,2,2,10,"1042,2,2,10"
1043,1,1,5,"1043,1,1,5"
1044,2,1,8,"1044,2,1,8"
1045,1,2,5,"1045,1,2,5"
1046,2,2,4,"1046,2,2,4"
1047,1,2,5,"1047,1,2,5"
1048,2,2,10,"1048,2,2,10"
1049,1,2,5,"1049,1,2,5"
1050,1,1,2,"1050,1,1,2"
1051,1,1,3,"1051,1,1,3"
1052,2,1,10,"1052,2,1,10"
1053,2,2,10,"1053,2,2,10"
1054,1,2,5,"1054,1,2,5"
1055,2,2,4,"1055,2,2,4"
1056,2,1,6,"1056,2,1,6"
1057,1,1,2,"1057,1,1,2"
1058,2,1,9,"1058,2,1,9"
1059,1,1,2,"1059,1,1,2"
1060,2,2,10,"1060,2,2,10"
1061,1,1,5,"1061,1,1,5"
1062,1,2,5,"1062,1,2,5"
1063,2,1,10,"1063,2,1,10"
1064,1,2,1,"1064,1,2,1"
1065,1,2,5,"1065,1,2,5"
1066,2,2,4,"1066,2,2,4"
1067,2,1,10,"1067,2,1,10"
1068,1,1,5,"1068,1,1,5"
1069,2,1,6,"1069,2,1,6"
1070,1,1,5,"1070,1,1,5"
1071,1,2,1,"1071,1,2,1"
1072,1,1,5,"1072,1,1,5"
1073,2,1,8,"1073,2,1,8"
1074,2,2,10,"1074,2,2,10"
1075,2,1,10,"1075,2,1,10"
1076,1,1,5,"1076,1,1,5"
1077,2,2,5,"1077,2,2,5"
1078,2,1,10,"1078,2,1,10"
1079,1,2,5,"1079,1,2,5"
1080,1,1,2,"1080,1,1,2"
1081,2,1,8,"1081,2,1,8"
1082,2,1,10,"1082,2,1,10"
1083,2,2,6,"1083,2,2,6"
1084,2,1,4,"1084,2,1,4"
1085,2,2,6,"1085,2,2,6"
1086,2,1,10,"1086,2,1,10"
1087,2,1,9,"1087,2,1,9"
1088,1,1,5,"1088,1,1,5"
1089,2,1,6,"1089,2,1,6"
1090,2,2,6,"1090,2,2,6"
1091,1,2,1,"1091,1,2,1"
1092,1,2,1,"1092,1,2,1"
1093,2,2,10,"1093,2,2,10"
1094,1,1,5,"1094,1,1,5"
1095,2,2,5,"1095,2,2,5"
1096,1,2,5,"1096,1,2,5"
1097,2,2,10,"1097,2,2,10"
1098,2,1,10,"1098,2,1,10"
1099,1,1,5,"1099,1,1,5"
1100,2,1,9,"1100,2,1,9"
1101,1,2,5,"1101,1,2,5"
1102,1,1,2,"1102,1,1,2"
1103,2,1,7,"1103,2,1,7"
1104,1,2,5,"1104,1,2,5"
1105,2,1,10,"1105,2,1,10"
1106,2,1,10,"1106,2,1,10"
1107,1,2,5,"1107,1,2,5"
1108,2,2,10,"1108,2,2,10"
1109,2,1,10,"1109,2,1,10"
1110,1,2,5,"1110,1,2,5"
1111,2,1,8,"1111,2,1,8"
1112,1,1,2,"1112,1,1,2"
1113,2,2,10,"1113,2,2,10"
1114,2,2,4,"1114,2,2,4"
1115,1,2,1,"1115,1,2,1"
1116,2,2,10,"1116,2,2,10"
1117,2,1,10,"1117,2,1,10"
1118,2,1,10,"1118,2,1,10"
1119,1,1,3,"1119,1,1,3"
1120,2,1,10,"1120,2,1,10"
1121,1,1,5,"1121,1,1,5"
1122,2,2,5,"1122,2,2,5"
1123,2,1,10,"1123,2,1,10"
1124,1,1,3,"1124,1,1,3"
1125,2,1,11,"1125,2,1,11"
1126,1,2,1,"1126,1,2,1"
1127,2,1,10,"1127,2,1,10"
1128,1,2,5,"1128,1,2,5"
1129,1,1,5,"1129,1,1,5"
1130,1,2,5,"1130,1,2,5"
1131,1,2,5,"1131,1,2,5"
1132,1,2,2,"1132,1,2,2"
1133,2,2,10,"1133,2,2,10"
1134,1,1,5,"1134,1,1,5"
1135,2,2,10,"1135,2,2,10"
1136,2,1,8,"1136,2,1,8"
1137,1,2,1,"1137,1,2,1"
1138,2,1,10,"1138,2,1,10"
1139,1,1,5,"1139,1,1,5"
1140,1,1,1,"1140,1,1,1"
1141,2,1,10,"1141,2,1,10"
1142,2,1,10,"1142,2,1,10"
1143,1,2,5,"1143,1,2,5"
1144,1,1,5,"1144,1,1,5"
1145,1,1,5,"1145,1,1,5"
1146,1,2,5,"1146,1,2,5"
1147,2,1,6,"1147,2,1,6"
1148,2,2,5,"1148,2,2,5"
1149,1,2,5,"1149,1,2,5"
1150,2,2,3,"1150,2,2,3"
1151,1,2,5,"1151,1,2,5"
1152,2,2,10,"1152,2,2,10"
1153,1,1,5,"1153,1,1,5"
1154,2,1,10,"1154,2,1,10"
1155,1,1,1,"1155,1,1,1"
1156,2,1,7,"1156,2,1,7"
1157,2,1,10,"1157,2,1,10"
1158,2,2,10,"1158,2,2,10"
1159,2,2,10,"1159,2,2,10"
1160,1,2,5,"1160,1,2,5"
1161,1,2,5,"1161,1,2,5"
1162,1,2,1,"1162,1,2,1"
1163,1,1,3,"1163,1,1,3"
1164,2,2,10,"1164,2,2,10"
1165,1,1,2,"1165,1,1,2"
1166,1,1,5,"1166,1,1,5"
1167,1,1,5,"1167,1,1,5"
1168,1,2,5,"1168,1,2,5"
1169,2,2,10,"1169,2,2,10"
1170,2,1,10,"1170,2,1,10"
1171,2,2,4,"1171,2,2,4"
1172,1,1,5,"1172,1,1,5"
1173,2,2,10,"1173,2,2,10"
1174,1,2,2,"1174,1,2,2"
1175,2,2,10,"1175,2,2,10"
1176,2,2,10,"1176,2,2,10"
1177,2,2,5,"1177,2,2,5"
1178,1,2,5,"1178,1,2,5"
1179,1,1,2,"1179,1,1,2"
1180,1,1,5,"1180,1,1,5"
1181,1,1,2,"1181,1,1,2"
1182,2,1,8,"1182,2,1,8"
1183,2,2,10,"1183,2,2,10"
1184,1,1,2,"1184,1,1,2"
1185,1,1,5,"1185,1,1,5"
1186,1,1,2,"1186,1,1,2"
1187,2,1,8,"1187,2,1,8"
1188,2,2,10,"1188,2,2,10"
1189,1,1,5,"1189,1,1,5"
1190,2,2,10,"1190,2,2,10"
1191,1,1,5,"1191,1,1,5"
1192,2,2,6,"1192,2,2,6"
1193,2,2,10,"1193,2,2,10"
1194,2,2,10,"1194,2,2,10"
1195,2,1,4,"1195,2,1,4"
1196,2,1,10,"1196,2,1,10"
1197,2,2,10,"1197,2,2,10"
1198,2,1,7,"1198,2,1,7"
1199,1,2,1,"1199,1,2,1"
1200,1,2,5,"1200,1,2,5"
1201,1,2,1,"1201,1,2,1"
1202,1,1,5,"1202,1,1,5"
1203,1,1,5,"1203,1,1,5"
1204,1,2,1,"1204,1,2,1"
1205,2,1,10,"1205,2,1,10"
1206,2,2,10,"1206,2,2,10"
1207,1,1,5,"1207,1,1,5"
1208,1,2,2,"1208,1,2,2"
1209,1,2,2,"1209,1,2,2"
1210,1,1,5,"1210,1,1,5"
1211,1,1,2,"1211,1,1,2"
1212,1,2,1,"1212,1,2,1"
1213,2,2,10,"1213,2,2,10"
1214,1,2,5,"1214,1,2,5"
1215,1,2,1,"1215,1,2,1"
1216,2,2,10,"1216,2,2,10"
1217,2,2,10,"1217,2,2,10"
1218,2,1,9,"1218,2,1,9"
1219,2,1,8,"1219,2,1,8"
1220,1,2,5,"1220,1,2,5"
1221,1,2,1,"1221,1,2,1"
1222,1,1,2,"1222,1,1,2"
1223,2,1,5,"1223,2,1,5"
1224,1,1,2,"1224,1,1,2"
1225,2,2,3,"1225,2,2,3"
1226,1,2,5,"1226,1,2,5"
1227,1,1,2,"1227,1,1,2"
1228,2,1,10,"1228,2,1,10"
1229,2,2,10,"1229,2,2,10"
1230,1,2,1,"1230,1,2,1"
1231,1,1,5,"1231,1,1,5"
1232,2,1,6,"1232,2,1,6"
1233,2,1,6,"1233,2,1,6"
1234,1,1,2,"1234,1,1,2"
1235,1,1,5,"1235,1,1,5"
1236,1,2,2,"1236,1,2,2"
1237,2,2,7,"1237,2,2,7"
1238,1,2,1,"1238,1,2,1"
1239,2,2,3,"1239,2,2,3"
1240,2,1,10,"1240,2,1,10"
1241,2,1,7,"1241,2,1,7"
1242,1,2,5,"1242,1,2,5"
1243,2,2,4,"1243,2,2,4"
1244,2,1,10,"1244,2,1,10"
1245,1,2,1,"1245,1,2,1"
1246,1,1,1,"1246,1,1,1"
1247,1,1,1,"1247,1,1,1"
1248,1,1,5,"1248,1,1,5"
1249,1,2,5,"1249,1,2,5"
1250,2,2,5,"1250,2,2,5"
1251,1,1,3,"1251,1,1,3"
1252,1,2,5,"1252,1,2,5"
1253,2,2,5,"1253,2,2,5"
1254,2,1,10,"1254,2,1,10"
1255,1,1,2,"1255,1,1,2"
1256,2,1,10,"1256,2,1,10"
1257,2,1,10,"1257,2,1,10"
1258,1,1,5,"1258,1,1,5"
1259,2,1,10,"1259,2,1,10"
1260,2,1,10,"1260,2,1,10"
1261,2,2,10,"1261,2,2,10"
1262,2,2,9,"1262,2,2,9"
1263,1,2,1,"1263,1,2,1"
1264,1,1,5,"1264,1,1,5"
1265,2,1,5,"1265,2,1,5"
1266,2,1,10,"1266,2,1,10"
1267,1,1,5,"1267,1,1,5"
1268,1,2,1,"1268,1,2,1"
1269,2,2,8,"1269,2,2,8"
1270,1,2,5,"1270,1,2,5"
1271,1,2,5,"1271,1,2,5"
1272,2,1,10,"1272,2,1,10"
1273,1,2,1,"1273,1,2,1"
1274,1,2,1,"1274,1,2,1"
1275,2,1,7,"1275,2,1,7"
1276,1,1,2,"1276,1,1,2"
1277,1,1,5,"1277,1,1,5"
1278,2,1,7,"1278,2,1,7"
1279,2,1,10,"1279,2,1,10"
1280,1,2,2,"1280,1,2,2"
1281,1,2,5,"1281,1,2,5"
1282,2,1,10,"1282,2,1,10"
1283,1,2,2,"1283,1,2,2"
1284,2,1,10,"1284,2,1,10"
1285,2,1,6,"1285,2,1,6"
1286,2,1,7,"1286,2,1,7"
1287,1,1,1,"1287,1,1,1"
1288,2,1,10,"1288,2,1,10"
1289,1,2,5,"1289,1,2,5"
1290,2,2,5,"1290,2,2,5"
1291,1,2,5,"1291,1,2,5"
1292,2,2,10,"1292,2,2,10"
1293,1,2,5,"1293,1,2,5"
1294,2,1,8,"1294,2,1,8"
1295,1,1,2,"1295,1,1,2"
1296,1,1,5,"1296,1,1,5"
1297,1,2,5,"1297,1,2,5"
1298,1,1,5,"1298,1,1,5"
1299,2,2,4,"1299,2,2,4"
1300,1,2,5,"1300,1,2,5"
1301,1,1,3,"1301,1,1,3"
1302,2,2,5,"1302,2,2,5"
1303,2,1,10,"1303,2,1,10"
1304,2,2,10,"1304,2,2,10"
1305,2,1,10,"1305,2,1,10"
1306,1,2,5,"1306,1,2,5"
1307,2,2,10,"1307,2,2,10"
1308,2,2,8,"1308,2,2,8"
1309,1,2,5,"1309,1,2,5"
1310,1,1,2,"1310,1,1,2"
1311,2,1,10,"1311,2,1,10"
1312,2,1,10,"1312,2,1,10"
1313,2,1,10,"1313,2,1,10"
1314,2,2,10,"1314,2,2,10"
1315,2,2,10,"1315,2,2,10"
1316,2,2,5,"1316,2,2,5"
1317,1,2,2,"1317,1,2,2"
1318,1,2,5,"1318,1,2,5"
1319,1,2,1,"1319,1,2,1"
1320,2,2,5,"1320,2,2,5"
1321,1,2,5,"1321,1,2,5"
1322,2,2,7,"1322,2,2,7"
1323,2,1,5,"1323,2,1,5"
1324,2,1,10,"1324,2,1,10"
1325,2,2,5,"1325,2,2,5"
1326,2,1,10,"1326,2,1,10"
1327,1,2,5,"1327,1,2,5"
1328,1,2,1,"1328,1,2,1"
1329,1,2,1,"1329,1,2,1"
1330,2,1,10,"1330,2,1,10"
1331,2,1,5,"1331,2,1,5"
1332,2,1,10,"1332,2,1,10"
1333,1,2,5,"1333,1,2,5"
1334,2,1,10,"1334,2,1,10"
1335,1,1,1,"1335,1,1,1"
1336,2,1,6,"1336,2,1,6"
1337,1,2,1,"1337,1,2,1"
1338,1,1,1,"1338,1,1,1"
1339,1,2,5,"1339,1,2,5"
1340,2,2,6,"1340,2,2,6"
1341,2,1,6,"1341,2,1,6"
1342,2,1,10,"1342,2,1,10"
1343,1,2,5,"1343,1,2,5"
1344,1,2,2,"1344,1,2,2"
1345,1,2,5,"1345,1,2,5"
1346,2,1,10,"1346,2,1,10"
1347,1,1,1,"1347,1,1,1"
1348,1,2,1,"1348,1,2,1"
1349,2,1,10,"1349,2,1,10"
1350,2,1,7,"1350,2,1,7"
1351,2,2,7,"1351,2,2,7"
1352,1,1,2,"1352,1,1,2"
1353,2,2,4,"1353,2,2,4"
1354,2,2,7,"1354,2,2,7"
1355,1,2,5,"1355,1,2,5"
1356,1,2,1,"1356,1,2,1"
1357,2,2,10,"1357,2,2,10"
1358,2,2,4,"1358,2,2,4"
1359,2,1,10,"1359,2,1,10"
1360,2,2,5,"1360,2,2,5"
1361,2,1,11,"1361,2,1,11"
1362,2,1,10,"1362,2,1,10"
1363,2,1,10,"1363,2,1,10"
1364,2,2,6,"1364,2,2,6"
1365,2,2,10,"1365,2,2,10"
1366,2,1,10,"1366,2,1,10"
1367,2,2,8,"1367,2,2,8"
1368,2,2,10,"1368,2,2,10"
1369,2,2,5,"1369,2,2,5"
1370,2,2,7,"1370,2,2,7"
1371,1,1,2,"1371,1,1,2"
1372,1,2,1,"1372,1,2,1"
1373,1,2,5,"1373,1,2,5"
1374,1,1,2,"1374,1,1,2"
1375,2,1,10,"1375,2,1,10"
1376,2,2,4,"1376,2,2,4"
1377,2,1,10,"1377,2,1,10"
1378,2,1,7,"1378,2,1,7"
1379,1,1,3,"1379,1,1,3"
1380,2,1,6,"1380,2,1,6"
1381,1,2,5,"1381,1,2,5"
1382,2,2,10,"1382,2,2,10"
1383,1,1,1,"1383,1,1,1"
1384,2,2,8,"1384,2,2,8"
1385,1,1,1,"1385,1,1,1"
1386,1,1,1,"1386,1,1,1"
1387,2,2,10,"1387,2,2,10"
1388,2,2,10,"1388,2,2,10"
1389,2,2,10,"1389,2,2,10"
1390,1,2,1,"1390,1,2,1"
1391,1,1,5,"1391,1,1,5"
1392,1,1,1,"1392,1,1,1"
1393,1,2,1,"1393,1,2,1"
1394,1,2,5,"1394,1,2,5"
1395,2,2,7,"1395,2,2,7"
1396,2,2,5,"1396,2,2,5"
1397,2,2,10,"1397,2,2,10"
1398,1,1,5,"1398,1,1,5"
1399,2,2,10,"1399,2,2,10"
1400,2,2,10,"1400,2,2,10"
1401,1,2,1,"1401,1,2,1"
1402,1,1,1,"1402,1,1,1"
1403,1,2,1,"1403,1,2,1"
1404,2,1,7,"1404,2,1,7"
1405,2,2,10,"1405,2,2,10"
1406,2,2,5,"1406,2,2,5"
1407,2,1,10,"1407,2,1,10"
1408,2,1,8,"1408,2,1,8"
1409,1,1,5,"1409,1,1,5"
1410,1,2,5,"1410,1,2,5"
1411,2,1,10,"1411,2,1,10"
1412,2,2,10,"1412,2,2,10"
1413,2,2,6,"1413,2,2,6"
1414,1,1,1,"1414,1,1,1"
1415,2,2,7,"1415,2,2,7"
1416,1,2,1,"1416,1,2,1"
1417,1,1,5,"1417,1,1,5"
1418,2,1,10,"1418,2,1,10"
1419,2,2,6,"1419,2,2,6"
1420,2,1,4,"1420,2,1,4"
1421,1,2,1,"1421,1,2,1"
1422,2,2,4,"1422,2,2,4"
1423,2,1,10,"1423,2,1,10"
1424,1,1,1,"1424,1,1,1"
1425,1,1,2,"1425,1,1,2"
1426,2,1,10,"1426,2,1,10"
1427,1,1,1,"1427,1,1,1"
1428,1,1,2,"1428,1,1,2"
1429,2,1,6,"1429,2,1,6"
1430,1,2,1,"1430,1,2,1"
1431,2,1,8,"1431,2,1,8"
1432,2,2,5,"1432,2,2,5"
1433,2,2,10,"1433,2,2,10"
1434,1,2,5,"1434,1,2,5"
1435,1,2,5,"1435,1,2,5"
1436,1,2,5,"1436,1,2,5"
1437,2,1,10,"1437,2,1,10"
1438,1,2,2,"1438,1,2,2"
1439,2,2,10,"1439,2,2,10"
1440,2,1,10,"1440,2,1,10"
1441,1,2,5,"1441,1,2,5"
1442,1,1,5,"1442,1,1,5"
1443,2,1,10,"1443,2,1,10"
1444,1,1,5,"1444,1,1,5"
1445,1,2,1,"1445,1,2,1"
1446,1,2,5,"1446,1,2,5"
1447,1,2,2,"1447,1,2,2"
1448,2,2,7,"1448,2,2,7"
1449,2,2,9,"1449,2,2,9"
1450,2,1,4,"1450,2,1,4"
1451,1,1,5,"1451,1,1,5"
1452,1,1,5,"1452,1,1,5"
1453,1,2,1,"1453,1,2,1"
1454,2,2,10,"1454,2,2,10"
1455,1,2,5,"1455,1,2,5"
1456,2,1,8,"1456,2,1,8"
1457,1,1,5,"1457,1,1,5"
1458,2,1,4,"1458,2,1,4"
1459,1,1,5,"1459,1,1,5"
1460,1,2,2,"1460,1,2,2"
1461,1,1,5,"1461,1,1,5"
1462,1,1,2,"1462,1,1,2"
1463,1,1,5,"1463,1,1,5"
1464,1,2,1,"1464,1,2,1"
1465,1,2,1,"1465,1,2,1"
1466,1,2,1,"1466,1,2,1"
1467,2,1,6,"1467,2,1,6"
1468,1,1,2,"1468,1,1,2"
1469,2,1,10,"1469,2,1,10"
1470,1,2,1,"1470,1,2,1"
1471,1,1,2,"1471,1,1,2"
1472,1,2,1,"1472,1,2,1"
1473,1,1,5,"1473,1,1,5"
1474,2,1,9,"1474,2,1,9"
1475,1,1,5,"1475,1,1,5"
1476,1,1,5,"1476,1,1,5"
1477,1,1,5,"1477,1,1,5"
1478,2,2,8,"1478,2,2,8"
1479,1,1,5,"1479,1,1,5"
1480,2,1,10,"1480,2,1,10"
1481,1,2,5,"1481,1,2,5"
1482,1,2,5,"1482,1,2,5"
1483,1,1,5,"1483,1,1,5"
1484,1,2,2,"1484,1,2,2"
1485,1,2,5,"1485,1,2,5"
1486,1,1,5,"1486,1,1,5"
1487,2,2,10,"1487,2,2,10"
1488,2,2,10,"1488,2,2,10"
1489,2,1,10,"1489,2,1,10"
1490,1,2,1,"1490,1,2,1"
1491,2,1,10,"1491,2,1,10"
1492,2,2,10,"1492,2,2,10"
1493,1,2,2,"1493,1,2,2"
1494,1,1,3,"1494,1,1,3"
1495,1,2,1,"1495,1,2,1"
1496,2,1,10,"1496,2,1,10"
1497,2,2,3,"1497,2,2,3"
1498,1,2,1,"1498,1,2,1"
1499,1,2,1,"1499,1,2,1"
1500,1,2,2,"1500,1,2,2"
1501,2,1,10,"1501,2,1,10"
1502,1,2,2,"1502,1,2,2"
1503,2,2,8,"1503,2,2,8"
1504,1,1,5,"1504,1,1,5"
1505,2,1,10,"1505,2,1,10"
1506,2,2,4,"1506,2,2,4"
1507,2,2,5,"1507,2,2,5"
1508,2,2,4,"1508,2,2,4"
1509,1,1,5,"1509,1,1,5"
1510,2,2,10,"1510,2,2,10"
1511,1,1,3,"1511,1,1,3"
1512,2,2,10,"1512,2,2,10"
1513,2,2,10,"1513,2,2,10"
1514,1,2,1,"1514,1,2,1"
1515,2,1,5,"1515,2,1,5"
1516,2,1,10,"1516,2,1,10"
1517,1,2,5,"1517,1,2,5"
1518,1,2,1,"1518,1,2,1"
1519,1,1,2,"1519,1,1,2"
1520,1,1,5,"1520,1,1,5"
1521,2,1,7,"1521,2,1,7"
1522,1,2,2,"1522,1,2,2"
1523,2,1,6,"1523,2,1,6"
1524,1,2,5,"1524,1,2,5"
1525,1,1,1,"1525,1,1,1"
1526,1,1,5,"1526,1,1,5"
1527,2,1,8,"1527,2,1,8"
1528,1,1,2,"1528,1,1,2"
1529,1,1,1,"1529,1,1,1"
1530,2,2,10,"1530,2,2,10"
1531,1,1,5,"1531,1,1,5"
1532,1,2,5,"1532,1,2,5"
1533,1,2,5,"1533,1,2,5"
1534,1,1,5,"1534,1,1,5"
1535,1,2,5,"1535,1,2,5"
1536,2,2,4,"1536,2,2,4"
1537,1,1,5,"1537,1,1,5"
1538,2,2,10,"1538,2,2,10"
1539,1,2,2,"1539,1,2,2"
1540,1,2,2,"1540,1,2,2"
1541,1,1,2,"1541,1,1,2"
1542,2,2,10,"1542,2,2,10"
1543,1,1,5,"1543,1,1,5"
1544,1,1,5,"1544,1,1,5"
1545,2,2,10,"1545,2,2,10"
1546,1,2,1,"1546,1,2,1"
1547,1,2,1,"1547,1,2,1"
1548,2,1,10,"1548,2,1,10"
1549,2,2,10,"1549,2,2,10"
1550,1,1,2,"1550,1,1,2"
1551,1,2,1,"1551,1,2,1"
1552,1,1,5,"1552,1,1,5"
1553,2,2,10,"1553,2,2,10"
1554,2,1,10,"1554,2,1,10"
1555,2,2,5,"1555,2,2,5"
1556,2,1,8,"1556,2,1,8"
1557,1,1,5,"1557,1,1,5"
1558,1,2,5,"1558,1,2,5"
1559,2,1,10,"1559,2,1,10"
1560,2,1,11,"1560,2,1,11"
1561,2,2,10,"1561,2,2,10"
1562,1,2,1,"1562,1,2,1"
1563,1,2,2,"1563,1,2,2"
1564,1,1,5,"1564,1,1,5"
1565,1,2,1,"1565,1,2,1"
1566,1,2,1,"1566,1,2,1"
1567,1,1,1,"1567,1,1,1"
1568,1,2,1,"1568,1,2,1"
1569,2,2,3,"1569,2,2,3"
1570,1,2,5,"1570,1,2,5"
1571,2,2,10,"1571,2,2,10"
1572,1,1,2,"1572,1,1,2"
1573,1,1,5,"1573,1,1,5"
1574,1,1,2,"1574,1,1,2"
1575,2,2,10,"1575,2,2,10"
1576,1,1,1,"1576,1,1,1"
1577,2,2,10,"1577,2,2,10"
1578,2,2,10,"1578,2,2,10"
1579,2,2,10,"1579,2,2,10"
1580,2,1,10,"1580,2,1,10"
1581,1,2,5,"1581,1,2,5"
1582,1,1,5,"1582,1,1,5"
1583,1,1,5,"1583,1,1,5"
1584,2,1,10,"1584,2,1,10"
1585,2,1,6,"1585,2,1,6"
1586,1,1,5,"1586,1,1,5"
1587,2,1,7,"1587,2,1,7"
1588,2,2,4,"1588,2,2,4"
1589,1,2,5,"1589,1,2,5"
1590,2,1,10,"1590,2,1,10"
1591,2,1,7,"1591,2,1,7"
1592,1,2,2,"1592,1,2,2"
1593,1,1,2,"1593,1,1,2"
1594,2,2,8,"1594,2,2,8"
1595,1,2,1,"1595,1,2,1"
1596,1,2,5,"1596,1,2,5"
1597,1,2,1,"1597,1,2,1"
1598,2,2,10,"1598,2,2,10"
1599,1,2,5,"1599,1,2,5"
1600,2,2,5,"1600,2,2,5"
1601,1,2,5,"1601,1,2,5"
1602,1,1,2,"1602,1,1,2"
1603,2,1,8,"1603,2,1,8"
1604,2,1,10,"1604,2,1,10"
1605,1,2,5,"1605,1,2,5"
1606,2,1,10,"1606,2,1,10"
1607,1,2,1,"1607,1,2,1"
1608,2,1,5,"1608,2,1,5"
1609,2,2,10,"1609,2,2,10"
1610,1,1,5,"1610,1,1,5"
1611,2,1,9,"1611,2,1,9"
1612,1,2,1,"1612,1,2,1"
1613,1,2,1,"1613,1,2,1"
1614,2,1,8,"1614,2,1,8"
1615,1,1,1,"1615,1,1,1"
1616,2,2,10,"1616,2,2,10"
1617,2,1,10,"1617,2,1,10"
1618,2,2,10,"1618,2,2,10"
1619,2,2,10,"1619,2,2,10"
1620,2,1,10,"1620,2,1,10"
1621,2,1,10,"1621,2,1,10"
1622,1,1,2,"1622,1,1,2"
1623,2,1,4,"1623,2,1,4"
1624,1,1,2,"1624,1,1,2"
1625,2,2,10,"1625,2,2,10"
1626,1,2,1,"1626,1,2,1"
1627,2,2,5,"1627,2,2,5"
1628,2,1,10,"1628,2,1,10"
1629,1,1,2,"1629,1,1,2"
1630,1,2,1,"1630,1,2,1"
1631,1,1,2,"1631,1,1,2"
1632,2,2,10,"1632,2,2,10"
1633,2,2,5,"1633,2,2,5"
1634,2,1,8,"1634,2,1,8"
1635,1,1,1,"1635,1,1,1"
1636,1,2,5,"1636,1,2,5"
1637,2,2,10,"1637,2,2,10"
1638,1,1,2,"1638,1,1,2"
1639,2,2,10,"1639,2,2,10"
1640,1,2,1,"1640,1,2,1"
1641,2,1,10,"1641,2,1,10"
1642,2,2,5,"1642,2,2,5"
1643,2,2,6,"1643,2,2,6"
1644,2,2,7,"1644,2,2,7"
1645,2,2,8,"1645,2,2,8"
1646,1,2,2,"1646,1,2,2"
1647,2,1,10,"1647,2,1,10"
1648,1,2,1,"1648,1,2,1"
1649,1,2,5,"1649,1,2,5"
1650,1,2,5,"1650,1,2,5"
1651,1,1,2,"1651,1,1,2"
1652,1,2,1,"1652,1,2,1"
1653,1,1,5,"1653,1,1,5"
1654,1,1,5,"1654,1,1,5"
1655,1,2,2,"1655,1,2,2"
1656,1,1,2,"1656,1,1,2"
1657,2,1,10,"1657,2,1,10"
1658,2,1,10,"1658,2,1,10"
1659,1,2,5,"1659,1,2,5"
1660,1,2,5,"1660,1,2,5"
1661,1,1,2,"1661,1,1,2"
1662,2,2,10,"1662,2,2,10"
1663,1,1,2,"1663,1,1,2"
1664,2,1,10,"1664,2,1,10"
1665,2,1,10,"1665,2,1,10"
1666,2,1,10,"1666,2,1,10"
1667,1,2,1,"1667,1,2,1"
1668,2,2,10,"1668,2,2,10"
1669,2,2,4,"1669,2,2,4"
1670,2,2,10,"1670,2,2,10"
1671,2,1,10,"1671,2,1,10"
1672,1,1,2,"1672,1,1,2"
1673,2,1,10,"1673,2,1,10"
1674,2,2,8,"1674,2,2,8"
1675,2,2,10,"1675,2,2,10"
1676,2,1,10,"1676,2,1,10"
1677,2,2,6,"1677,2,2,6"
1678,2,2,6,"1678,2,2,6"
1679,1,2,5,"1679,1,2,5"
1680,1,2,5,"1680,1,2,5"
1681,1,1,5,"1681,1,1,5"
1682,2,1,7,"1682,2,1,7"
1683,1,1,5,"1683,1,1,5"
1684,2,1,10,"1684,2,1,10"
1685,1,2,5,"1685,1,2,5"
1686,1,1,5,"1686,1,1,5"
1687,2,1,7,"1687,2,1,7"
1688,2,2,10,"1688,2,2,10"
1689,2,1,7,"1689,2,1,7"
1690,1,1,2,"1690,1,1,2"
1691,2,1,10,"1691,2,1,10"
1692,2,1,7,"1692,2,1,7"
1693,2,1,11,"1693,2,1,11"
1694,1,2,5,"1694,1,2,5"
1695,1,1,2,"1695,1,1,2"
1696,2,2,5,"1696,2,2,5"
1697,2,2,8,"1697,2,2,8"
1698,1,1,2,"1698,1,1,2"
1699,1,2,1,"1699,1,2,1"
1700,1,1,2,"1700,1,1,2"
1701,1,2,5,"1701,1,2,5"
1702,1,2,1,"1702,1,2,1"
1703,1,2,5,"1703,1,2,5"
1704,1,1,1,"1704,1,1,1"
1705,1,2,5,"1705,1,2,5"
1706,1,2,2,"1706,1,2,2"
1707,2,2,3,"1707,2,2,3"
1708,2,1,10,"1708,2,1,10"
1709,2,2,5,"1709,2,2,5"
1710,2,1,8,"1710,2,1,8"
1711,1,2,1,"1711,1,2,1"
1712,2,1,3,"1712,2,1,3"
1713,2,1,6,"1713,2,1,6"
1714,2,1,4,"1714,2,1,4"
1715,2,2,3,"1715,2,2,3"
1716,1,2,5,"1716,1,2,5"
1717,2,2,4,"1717,2,2,4"
1718,1,1,5,"1718,1,1,5"
1719,1,1,2,"1719,1,1,2"
1720,1,1,2,"1720,1,1,2"
1721,2,1,6,"1721,2,1,6"
1722,1,1,1,"1722,1,1,1"
1723,2,2,5,"1723,2,2,5"
1724,2,1,6,"1724,2,1,6"
1725,1,2,1,"1725,1,2,1"
1726,1,1,2,"1726,1,1,2"
1727,2,2,4,"1727,2,2,4"
1728,1,1,5,"1728,1,1,5"
1729,2,1,10,"1729,2,1,10"
1730,2,1,10,"1730,2,1,10"
1731,1,1,2,"1731,1,1,2"
1732,2,1,10,"1732,2,1,10"
1733,1,2,5,"1733,1,2,5"
1734,1,1,2,"1734,1,1,2"
1735,1,2,1,"1735,1,2,1"
1736,1,1,3,"1736,1,1,3"
1737,2,2,10,"1737,2,2,10"
1738,2,2,10,"1738,2,2,10"
1739,2,2,10,"1739,2,2,10"
1740,2,2,10,"1740,2,2,10"
1741,2,2,5,"1741,2,2,5"
1742,2,2,4,"1742,2,2,4"
1743,2,2,10,"1743,2,2,10"
1744,2,2,10,"1744,2,2,10"
1745,1,2,1,"1745,1,2,1"
1746,1,2,5,"1746,1,2,5"
1747,2,1,6,"1747,2,1,6"
1748,1,1,1,"1748,1,1,1"
1749,2,1,10,"1749,2,1,10"
1750,2,2,4,"1750,2,2,4"
1751,2,2,10,"1751,2,2,10"
1752,2,2,7,"1752,2,2,7"
1753,2,1,10,"1753,2,1,10"
1754,1,1,1,"1754,1,1,1"
1755,2,1,6,"1755,2,1,6"
1756,2,1,10,"1756,2,1,10"
1757,1,2,5,"1757,1,2,5"
1758,2,1,10,"1758,2,1,10"
1759,1,1,5,"1759,1,1,5"
1760,2,1,7,"1760,2,1,7"
1761,1,2,5,"1761,1,2,5"
1762,2,2,5,"1762,2,2,5"
1763,2,2,10,"1763,2,2,10"
1764,2,1,10,"1764,2,1,10"
1765,1,1,5,"1765,1,1,5"
1766,1,1,5,"1766,1,1,5"
1767,1,1,1,"1767,1,1,1"
1768,1,2,5,"1768,1,2,5"
1769,1,2,5,"1769,1,2,5"
1770,2,1,10,"1770,2,1,10"
1771,2,2,3,"1771,2,2,3"
1772,2,2,8,"1772,2,2,8"
1773,2,1,4,"1773,2,1,4"
1774,1,2,5,"1774,1,2,5"
1775,2,1,6,"1775,2,1,6"
1776,2,1,6,"1776,2,1,6"
1777,1,1,5,"1777,1,1,5"
1778,1,2,5,"1778,1,2,5"
1779,2,1,10,"1779,2,1,10"
1780,2,1,4,"1780,2,1,4"
1781,1,1,5,"1781,1,1,5"
1782,1,2,1,"1782,1,2,1"
1783,2,1,10,"1783,2,1,10"
1784,1,1,5,"1784,1,1,5"
1785,1,2,5,"1785,1,2,5"
1786,1,1,5,"1786,1,1,5"
1787,2,2,6,"1787,2,2,6"
1788,2,2,10,"1788,2,2,10"
1789,2,1,6,"1789,2,1,6"
1790,2,2,9,"1790,2,2,9"
1791,1,2,1,"1791,1,2,1"
1792,1,1,1,"1792,1,1,1"
1793,2,2,10,"1793,2,2,10"
1794,1,1,2,"1794,1,1,2"
1795,2,1,9,"1795,2,1,9"
1796,1,1,5,"1796,1,1,5"
1797,1,1,5,"1797,1,1,5"
1798,1,1,5,"1798,1,1,5"
1799,2,2,5,"1799,2,2,5"
1800,2,2,10,"1800,2,2,10"
1801,1,2,1,"1801,1,2,1"
1802,1,2,2,"1802,1,2,2"
1803,1,1,1,"1803,1,1,1"
1804,1,2,5,"1804,1,2,5"
1805,2,1,7,"1805,2,1,7"
1806,2,2,5,"1806,2,2,5"
1807,2,1,10,"1807,2,1,10"
1808,1,1,5,"1808,1,1,5"
1809,2,2,7,"1809,2,2,7"
1810,2,1,7,"1810,2,1,7"
1811,2,1,10,"1811,2,1,10"
1812,2,2,10,"1812,2,2,10"
1813,2,2,5,"1813,2,2,5"
1814,2,2,10,"1814,2,2,10"
1815,1,2,5,"1815,1,2,5"
1816,2,2,10,"1816,2,2,10"
1817,2,1,10,"1817,2,1,10"
1818,1,1,1,"1818,1,1,1"
1819,1,2,2,"1819,1,2,2"
1820,2,1,8,"1820,2,1,8"
1821,1,2,5,"1821,1,2,5"
1822,1,2,2,"1822,1,2,2"
1823,1,2,1,"1823,1,2,1"
1824,2,1,8,"1824,2,1,8"
1825,1,2,5,"1825,1,2,5"
1826,2,1,8,"1826,2,1,8"
1827,2,1,7,"1827,2,1,7"
1828,2,1,10,"1828,2,1,10"
1829,1,2,5,"1829,1,2,5"
1830,1,2,5,"1830,1,2,5"
1831,2,2,7,"1831,2,2,7"
1832,1,2,1,"1832,1,2,1"
1833,1,2,5,"1833,1,2,5"
1834,2,1,6,"1834,2,1,6"
1835,2,2,5,"1835,2,2,5"
1836,1,1,2,"1836,1,1,2"
1837,1,1,2,"1837,1,1,2"
1838,1,1,5,"1838,1,1,5"
1839,2,2,10,"1839,2,2,10"
1840,2,2,8,"1840,2,2,8"
1841,2,2,10,"1841,2,2,10"
1842,1,1,1,"1842,1,1,1"
1843,1,1,1,"1843,1,1,1"
1844,1,2,5,"1844,1,2,5"
1845,2,2,3,"1845,2,2,3"
1846,2,1,10,"1846,2,1,10"
1847,2,2,4,"1847,2,2,4"
1848,2,2,10,"1848,2,2,10"
1849,1,1,5,"1849,1,1,5"
1850,1,2,1,"1850,1,2,1"
1851,2,2,5,"1851,2,2,5"
1852,1,2,5,"1852,1,2,5"
1853,2,1,10,"1853,2,1,10"
1854,2,2,4,"1854,2,2,4"
1855,2,2,4,"1855,2,2,4"
1856,2,1,10,"1856,2,1,10"
1857,1,2,1,"1857,1,2,1"
1858,2,2,4,"1858,2,2,4"
1859,1,2,5,"1859,1,2,5"
1860,1,1,2,"1860,1,1,2"
1861,2,2,10,"1861,2,2,10"
1862,2,2,6,"1862,2,2,6"
1863,1,1,2,"1863,1,1,2"
1864,1,2,1,"1864,1,2,1"
1865,1,1,2,"1865,1,1,2"
1866,1,1,2,"1866,1,1,2"
1867,1,1,5,"1867,1,1,5"
1868,1,2,5,"1868,1,2,5"
1869,2,1,10,"1869,2,1,10"
1870,1,1,5,"1870,1,1,5"
1871,1,2,5,"1871,1,2,5"
1872,1,1,2,"1872,1,1,2"
1873,1,1,2,"1873,1,1,2"
1874,1,2,5,"1874,1,2,5"
1875,1,1,2,"1875,1,1,2"
1876,2,1,7,"1876,2,1,7"
1877,2,1,10,"1877,2,1,10"
1878,2,1,7,"1878,2,1,7"
1879,2,2,10,"1879,2,2,10"
1880,1,2,5,"1880,1,2,5"
1881,1,2,2,"1881,1,2,2"
1882,2,1,8,"1882,2,1,8"
1883,1,2,1,"1883,1,2,1"
1884,1,2,5,"1884,1,2,5"
1885,2,1,4,"1885,2,1,4"
1886,2,2,4,"1886,2,2,4"
1887,1,2,2,"1887,1,2,2"
1888,2,1,6,"1888,2,1,6"
1889,1,1,1,"1889,1,1,1"
1890,1,1,5,"1890,1,1,5"
1891,2,1,6,"1891,2,1,6"
1892,2,1,5,"1892,2,1,5"
1893,2,2,4,"1893,2,2,4"
1894,1,1,2,"1894,1,1,2"
1895,2,1,5,"1895,2,1,5"
1896,2,1,10,"1896,2,1,10"
1897,2,1,7,"1897,2,1,7"
1898,1,2,5,"1898,1,2,5"
1899,2,1,10,"1899,2,1,10"
1900,2,2,6,"1900,2,2,6"
1901,2,2,10,"1901,2,2,10"
1902,1,1,1,"1902,1,1,1"
1903,2,2,6,"1903,2,2,6"
1904,2,1,6,"1904,2,1,6"
1905,2,1,10,"1905,2,1,10"
1906,1,2,5,"1906,1,2,5"
1907,2,2,10,"1907,2,2,10"
1908,1,2,1,"1908,1,2,1"
1909,2,1,5,"1909,2,1,5"
1910,1,2,5,"1910,1,2,5"
1911,2,1,10,"1911,2,1,10"
1912,2,1,10,"1912,2,1,10"
1913,1,1,5,"1913,1,1,5"
1914,1,1,2,"1914,1,1,2"
1915,2,2,10,"1915,2,2,10"
1916,2,2,10,"1916,2,2,10"
1917,2,1,10,"1917,2,1,10"
1918,1,1,5,"1918,1,1,5"
1919,2,2,3,"1919,2,2,3"
1920,2,2,9,"1920,2,2,9"
1921,2,2,10,"1921,2,2,10"
1922,2,1,10,"1922,2,1,10"
1923,2,1,10,"1923,2,1,10"
1924,1,2,5,"1924,1,2,5"
1925,1,2,5,"1925,1,2,5"
1926,1,1,5,"1926,1,1,5"
1927,1,1,5,"1927,1,1,5"
1928,1,2,5,"1928,1,2,5"
1929,2,1,10,"1929,2,1,10"
1930,1,2,1,"1930,1,2,1"
1931,2,1,10,"1931,2,1,10"
1932,1,2,5,"1932,1,2,5"
1933,1,2,1,"1933,1,2,1"
1934,2,1,10,"1934,2,1,10"
1935,2,2,10,"1935,2,2,10"
1936,1,1,5,"1936,1,1,5"
1937,1,1,5,"1937,1,1,5"
1938,1,1,2,"1938,1,1,2"
1939,2,2,10,"1939,2,2,10"
1940,2,2,10,"1940,2,2,10"
1941,2,1,10,"1941,2,1,10"
1942,1,1,5,"1942,1,1,5"
1943,2,2,10,"1943,2,2,10"
1944,1,1,5,"1944,1,1,5"
1945,1,1,5,"1945,1,1,5"
1946,2,2,7,"1946,2,2,7"
1947,1,2,1,"1947,1,2,1"
1948,1,2,5,"1948,1,2,5"
1949,1,1,5,"1949,1,1,5"
1950,2,2,5,"1950,2,2,5"
1951,1,2,5,"1951,1,2,5"
1952,2,1,5,"1952,2,1,5"
1953,2,1,10,"1953,2,1,10"
1954,1,1,2,"1954,1,1,2"
1955,1,2,5,"1955,1,2,5"
1956,1,2,1,"1956,1,2,1"
1957,1,2,1,"1957,1,2,1"
1958,1,2,1,"1958,1,2,1"
1959,2,2,6,"1959,2,2,6"
1960,1,2,1,"1960,1,2,1"
1961,1,1,2,"1961,1,1,2"
1962,2,2,10,"1962,2,2,10"
1963,1,2,1,"1963,1,2,1"
1964,2,1,5,"1964,2,1,5"
1965,1,2,5,"1965,1,2,5"
1966,1,2,2,"1966,1,2,2"
1967,2,1,7,"1967,2,1,7"
1968,2,1,8,"1968,2,1,8"
1969,1,2,1,"1969,1,2,1"
1970,1,2,1,"1970,1,2,1"
1971,2,2,10,"1971,2,2,10"
1972,2,2,10,"1972,2,2,10"
1973,2,2,8,"1973,2,2,8"
1974,2,1,11,"1974,2,1,11"
1975,2,2,4,"1975,2,2,4"
1976,2,2,6,"1976,2,2,6"
1977,1,2,5,"1977,1,2,5"
1978,2,1,10,"1978,2,1,10"
1979,1,1,2,"1979,1,1,2"
1980,1,1,2,"1980,1,1,2"
1981,1,1,5,"1981,1,1,5"
1982,2,2,6,"1982,2,2,6"
1983,2,2,10,"1983,2,2,10"
1984,1,2,5,"1984,1,2,5"
1985,2,2,6,"1985,2,2,6"
1986,1,1,2,"1986,1,1,2"
1987,2,2,10,"1987,2,2,10"
1988,1,1,5,"1988,1,1,5"
1989,1,2,5,"1989,1,2,5"
1990,2,2,4,"1990,2,2,4"
1991,2,1,9,"1991,2,1,9"
1992,2,2,10,"1992,2,2,10"
1993,2,2,10,"1993,2,2,10"
1994,2,2,3,"1994,2,2,3"
1995,2,2,10,"1995,2,2,10"
1996,2,1,10,"1996,2,1,10"
1997,1,2,2,"1997,1,2,2"
1998,2,2,10,"1998,2,2,10"
1999,2,1,10,"1999,2,1,10"
2000,2,1,6,"2000,2,1,6"
